{
  "n_boot": 1000,
  "n_pairs": 118,
  "bootstrap_mean": 5.523100898634016,
  "bootstrap_std": 1.5129818311251328,
  "bootstrap_skew": 0.19672150524696097,
  "bootstrap_ci_95": [
    2.8106259654930668,
    8.615637932930733
  ],
  "parametric_estimate": 5.456825516722046,
  "parametric_se": 1.5856645224260215,
  "parametric_ci_95": [
    2.3489230527670437,
    8.564727980677048
  ]
}