{
  "estimate": 5.456825516722046,
  "se": 1.5856645224260215,
  "n_pairs": 118
}