{
  "Safe D": {
    "bootstrap": {
      "n_cycles_observed": 7,
      "observed_values": [
        0.3705156441807805,
        0.3632470278217966,
        0.1689631039317541,
        0.1929479885124803,
        -0.1371786299169857,
        1.069694529719842,
        0.3182015334975613
      ],
      "bootstrap_mean": 0.335788924757662,
      "bootstrap_sd": 0.34047962359491074,
      "p5": -0.1371786299169857,
      "p25": 0.1689631039317541,
      "median": 0.3182015334975613,
      "p75": 0.3705156441807805,
      "p95": 1.069694529719842
    },
    "random_effects": {
      "k_cycles": 7,
      "fixed_effect_estimate": 0.33645177127233444,
      "q_statistic": 20.300567737959263,
      "tau_squared": 0.05406573621220194,
      "pooled_mean": 0.3803396110246948,
      "pooled_se": 0.1129025169681248,
      "predictive_sd_next_cycle": 0.25848155553141433,
      "i_squared": 0.7044417635285722
    }
  },
  "Likely D": {
    "bootstrap": {
      "n_cycles_observed": 7,
      "observed_values": [
        0.1799649367801438,
        0.5906036196686204,
        0.5427028241936118,
        0.423312720315018,
        0.034796691535519,
        -0.2120391243164905,
        -0.1014981914760664
      ],
      "bootstrap_mean": 0.20789046006408776,
      "bootstrap_sd": 0.2943167473756867,
      "p5": -0.2120391243164905,
      "p25": -0.1014981914760664,
      "median": 0.1799649367801438,
      "p75": 0.5427028241936118,
      "p95": 0.5906036196686204
    },
    "random_effects": {
      "k_cycles": 7,
      "fixed_effect_estimate": 0.006383236716624681,
      "q_statistic": 11.02819686458241,
      "tau_squared": 0.02227472404289332,
      "pooled_mean": 0.04335794806391625,
      "pooled_se": 0.09173351502634944,
      "predictive_sd_next_cycle": 0.17518493605896254,
      "i_squared": 0.45594007128497216
    }
  },
  "Lean D": {
    "bootstrap": {
      "n_cycles_observed": 7,
      "observed_values": [
        0.6371795918918658,
        0.0046416894428997,
        0.435826774059917,
        -0.0965661994408772,
        0.6619827929557665,
        0.2938841818755611,
        0.2365321180823472
      ],
      "bootstrap_mean": 0.30861044269715965,
      "bootstrap_sd": 0.27181002153878076,
      "p5": -0.0965661994408772,
      "p25": 0.0046416894428997,
      "median": 0.2938841818755611,
      "p75": 0.6371795918918658,
      "p95": 0.6619827929557665
    },
    "random_effects": {
      "k_cycles": 7,
      "fixed_effect_estimate": 0.19662231315087034,
      "q_statistic": 24.09852386374938,
      "tau_squared": 0.05273416598897879,
      "pooled_mean": 0.27698127074910306,
      "pooled_se": 0.10490098458770926,
      "predictive_sd_next_cycle": 0.25246461644446255,
      "i_squared": 0.7510220943853908
    }
  },
  "Toss-Up": {
    "bootstrap": {
      "n_cycles_observed": 7,
      "observed_values": [
        0.4221527012342252,
        0.2521631096869263,
        -0.2167942260713566,
        0.0792254278807061,
        0.1100790225600656,
        0.729939109263241,
        0.3414522734491998
      ],
      "bootstrap_mean": 0.24603575718936654,
      "bootstrap_sd": 0.27810816944472855,
      "p5": -0.2167942260713566,
      "p25": 0.0792254278807061,
      "median": 0.2521631096869263,
      "p75": 0.4221527012342252,
      "p95": 0.729939109263241
    },
    "random_effects": {
      "k_cycles": 7,
      "fixed_effect_estimate": 0.22880602487562993,
      "q_statistic": 22.438450940893507,
      "tau_squared": 0.042300888543328204,
      "pooled_mean": 0.2772968648386083,
      "pooled_se": 0.09769439394346006,
      "predictive_sd_next_cycle": 0.22769515399170923,
      "i_squared": 0.7326018620534471
    }
  },
  "Lean R": {
    "bootstrap": {
      "n_cycles_observed": 6,
      "observed_values": [
        0.5722407455611278,
        0.4635953544892922,
        0.0766819056577163,
        0.4264156791497973,
        0.3868884135796586,
        0.1830996353790613
      ],
      "bootstrap_mean": 0.350051835252983,
      "bootstrap_sd": 0.16962963147848553,
      "p5": 0.0766819056577163,
      "p25": 0.1830996353790613,
      "median": 0.3868884135796586,
      "p75": 0.4635953544892922,
      "p95": 0.5722407455611278
    },
    "random_effects": {
      "k_cycles": 6,
      "fixed_effect_estimate": 0.30370922926940047,
      "q_statistic": 4.373086956837344,
      "tau_squared": 0.0,
      "pooled_mean": 0.30370922926940047,
      "pooled_se": 0.0797295239634853,
      "predictive_sd_next_cycle": 0.0797295239634853,
      "i_squared": 0.0
    }
  },
  "Likely R": {
    "bootstrap": {
      "n_cycles_observed": 7,
      "observed_values": [
        0.5617242440432889,
        0.1667256664624878,
        0.5286603596595743,
        0.4502411134464164,
        0.6251656990480305,
        -0.0172449852167362,
        0.4115858359343354
      ],
      "bootstrap_mean": 0.3897564435275706,
      "bootstrap_sd": 0.21551221251193706,
      "p5": -0.0172449852167362,
      "p25": 0.1667256664624878,
      "median": 0.4502411134464164,
      "p75": 0.5617242440432889,
      "p95": 0.6251656990480305
    },
    "random_effects": {
      "k_cycles": 7,
      "fixed_effect_estimate": 0.1720111193023922,
      "q_statistic": 41.063094954844956,
      "tau_squared": 0.10288692203301301,
      "pooled_mean": 0.3626750133158086,
      "pooled_se": 0.14361010320371595,
      "predictive_sd_next_cycle": 0.3514410103775525,
      "i_squared": 0.8538833956232987
    }
  },
  "Safe R": {
    "bootstrap": {
      "n_cycles_observed": 7,
      "observed_values": [
        0.5836100382396279,
        0.5640322532414572,
        0.3063260654379733,
        0.3604121842830939,
        0.5111953595865436,
        -0.0033462387436219,
        -0.1649531977895235
      ],
      "bootstrap_mean": 0.30703218265614385,
      "bootstrap_sd": 0.2696544589586693,
      "p5": -0.1649531977895235,
      "p25": -0.0033462387436219,
      "median": 0.3604121842830939,
      "p75": 0.5640322532414572,
      "p95": 0.5836100382396279
    },
    "random_effects": {
      "k_cycles": 7,
      "fixed_effect_estimate": -0.0020504432258242364,
      "q_statistic": 52.28924041007895,
      "tau_squared": 0.05199871225312644,
      "pooled_mean": 0.25773471453109137,
      "pooled_se": 0.10283301611091501,
      "predictive_sd_next_cycle": 0.250146639904665,
      "i_squared": 0.885253640080733
    }
  }
}