{
  "alpha0": 0.716621354729813,
  "alpha1": 1.0819309592702633,
  "alpha2": 32.052637113127155,
  "alpha3": 0.4151798336727953,
  "alpha4": 0.0,
  "alpha5": 0.0,
  "beta1": 5.456825516722046,
  "beta2": 0.03326944864207951,
  "beta3": 28.067780219219838,
  "beta1_open": 6.9768760790327145,
  "r2_competitive": 0.49221571253167373
}