{
  "beta_rc": 5.456825516722046,
  "beta_panel_os": 7.047129531135944,
  "beta4_se": 0.6817829286272074,
  "tau": 3.171329044852043,
  "kappa": 0.9558238855800654,
  "beta_os_calib": 6.9768760790327145,
  "posterior_se": 0.6665535751482141,
  "beta_os_lb": 5.883728215789644
}