{
  "intercept": 2.398904485099461,
  "abs_pvi": 0.0069225837726014285,
  "is_open": -0.18774572491078031,
  "is_challenger": -0.5588291980251222,
  "abs_gb": 0.0006205644473870273
}