{
  "label": "eta_bootstrap_all_cycles",
  "grid_fracs": [
    0.0,
    0.25,
    0.5,
    0.75,
    1.0
  ],
  "n_grid": 5,
  "n_periods": 7,
  "k_paths": 2000,
  "eta_summary": {
    "Safe D": {
      "n_cycles_available": 7,
      "historical_values": [
        0.3705156441807805,
        0.36324702782179663,
        0.16896310393175415,
        0.19294798851248035,
        -0.1371786299169855,
        1.0696945297198421,
        0.3182015334975614
      ],
      "path_draw_mean": 0.33735751397698543,
      "path_draw_sd": 0.34555091761691364
    },
    "Likely D": {
      "n_cycles_available": 7,
      "historical_values": [
        0.17996493678014397,
        0.5906036196686203,
        0.5427028241936119,
        0.4233127203150181,
        0.034796691535519085,
        -0.21203912431649063,
        -0.10149819147606645
      ],
      "path_draw_mean": 0.19681603777753065,
      "path_draw_sd": 0.29481504618761784
    },
    "Lean D": {
      "n_cycles_available": 7,
      "historical_values": [
        0.6371795918918657,
        0.004641689442899713,
        0.4358267740599169,
        -0.09656619944087724,
        0.6619827929557667,
        0.2938841818755611,
        0.2365321180823473
      ],
      "path_draw_mean": 0.30561158431408275,
      "path_draw_sd": 0.27066855550670343
    },
    "Toss-Up": {
      "n_cycles_available": 7,
      "historical_values": [
        0.4221527012342253,
        0.25216310968692646,
        -0.21679422607135657,
        0.07922542788070612,
        0.1100790225600657,
        0.7299391092632409,
        0.34145227344919976
      ],
      "path_draw_mean": 0.2490888985487219,
      "path_draw_sd": 0.2719037426646953
    },
    "Lean R": {
      "n_cycles_available": 6,
      "historical_values": [
        0.5722407455611277,
        0.4635953544892922,
        0.07668190565771635,
        0.42641567914979717,
        0.3868884135796587,
        0.18309963537906132
      ],
      "path_draw_mean": 0.3499316200924604,
      "path_draw_sd": 0.171052918896929
    },
    "Likely R": {
      "n_cycles_available": 7,
      "historical_values": [
        0.5617242440432888,
        0.16672566646248796,
        0.5286603596595743,
        0.4502411134464163,
        0.6251656990480302,
        -0.01724498521673626,
        0.4115858359343356
      ],
      "path_draw_mean": 0.39355754755674077,
      "path_draw_sd": 0.21214721485390836
    },
    "Safe R": {
      "n_cycles_available": 7,
      "historical_values": [
        0.583610038239628,
        0.5640322532414571,
        0.3063260654379737,
        0.36041218428309363,
        0.5111953595865437,
        -0.003346238743621956,
        -0.1649531977895235
      ],
      "path_draw_mean": 0.310977218095784,
      "path_draw_sd": 0.27151327472556885
    }
  },
  "schedule": [
    {
      "period": 0,
      "days_remaining": 98,
      "v_g0_mean": 225.74923405967212,
      "chosen_frac_mean": 0.996625,
      "option_value_means": {
        "deploy_1.00": 225.74916023895616,
        "deploy_0.00": 225.39286438417773,
        "deploy_0.25": 225.31496720520138,
        "deploy_0.50": 225.3149523603434,
        "deploy_0.75": 225.31494902520848
      },
      "action_frac_distribution": {
        "1.00": 0.9955,
        "0.00": 0.003,
        "0.25": 0.0,
        "0.50": 0.0,
        "0.75": 0.0015
      },
      "basis_r2": 0.02671901704521462,
      "basis_r2_by_grid_state": {
        "0": -2.220446049250313e-16,
        "1": 0.03659016765140344,
        "2": 0.03535082985334115,
        "3": 0.03493507067611412
      }
    },
    {
      "period": 1,
      "days_remaining": 84,
      "v_g0_mean": 225.39286438417886,
      "chosen_frac_mean": 0.701125,
      "option_value_means": {
        "deploy_1.00": 225.31455039994634,
        "deploy_0.00": 225.13215865376338,
        "deploy_0.25": 225.02379061345727,
        "deploy_0.50": 225.0237422120836,
        "deploy_0.75": 225.02372604118747
      },
      "action_frac_distribution": {
        "1.00": 0.6985,
        "0.00": 0.297,
        "0.25": 0.0015,
        "0.50": 0.0,
        "0.75": 0.003
      },
      "basis_r2": 0.48703878244545795,
      "basis_r2_by_grid_state": {
        "0": 0.46935683964360053,
        "1": 0.4937863555441814,
        "2": 0.4926900619476261,
        "3": 0.4923218726464238
      }
    },
    {
      "period": 2,
      "days_remaining": 70,
      "v_g0_mean": 225.1321586537633,
      "chosen_frac_mean": 0.651,
      "option_value_means": {
        "deploy_1.00": 225.02290792287152,
        "deploy_0.00": 224.8707290050155,
        "deploy_0.25": 224.72930643311747,
        "deploy_0.50": 224.72911485710506,
        "deploy_0.75": 224.7290804306122
      },
      "action_frac_distribution": {
        "1.00": 0.6465,
        "0.00": 0.3445,
        "0.25": 0.0045,
        "0.50": 0.0,
        "0.75": 0.0045
      },
      "basis_r2": 0.6425221864776053,
      "basis_r2_by_grid_state": {
        "0": 0.6510996548857505,
        "1": 0.6404395068061801,
        "2": 0.639444345362891,
        "3": 0.6391052388555994
      }
    },
    {
      "period": 3,
      "days_remaining": 56,
      "v_g0_mean": 224.87072900501644,
      "chosen_frac_mean": 0.5675,
      "option_value_means": {
        "deploy_1.00": 224.72522054733892,
        "deploy_0.00": 224.64554248217738,
        "deploy_0.25": 224.5020568453694,
        "deploy_0.50": 224.5019814517577,
        "deploy_0.75": 224.5019474666344
      },
      "action_frac_distribution": {
        "1.00": 0.551,
        "0.00": 0.42,
        "0.25": 0.01,
        "0.50": 0.001,
        "0.75": 0.018
      },
      "basis_r2": 0.7394517949928808,
      "basis_r2_by_grid_state": {
        "0": 0.7424474839785056,
        "1": 0.7387831990984375,
        "2": 0.7383415295982274,
        "3": 0.7382349672963531
      }
    },
    {
      "period": 4,
      "days_remaining": 42,
      "v_g0_mean": 224.64554248217848,
      "chosen_frac_mean": 0.581,
      "option_value_means": {
        "deploy_1.00": 224.5006169691801,
        "deploy_0.00": 224.41040500919433,
        "deploy_0.25": 224.27065398839852,
        "deploy_0.50": 224.27062032982528,
        "deploy_0.75": 224.27060872809747
      },
      "action_frac_distribution": {
        "1.00": 0.572,
        "0.00": 0.411,
        "0.25": 0.0065,
        "0.50": 0.002,
        "0.75": 0.0085
      },
      "basis_r2": 0.7787919795923923,
      "basis_r2_by_grid_state": {
        "0": 0.7869356926656245,
        "1": 0.7764442496362816,
        "2": 0.775974755184267,
        "3": 0.7758132208833962
      }
    },
    {
      "period": 5,
      "days_remaining": 28,
      "v_g0_mean": 224.41040500919505,
      "chosen_frac_mean": 0.598625,
      "option_value_means": {
        "deploy_1.00": 224.2702347007805,
        "deploy_0.00": 224.15482949302077,
        "deploy_0.25": 224.04823345856497,
        "deploy_0.50": 224.04822415626978,
        "deploy_0.75": 224.04822235985483
      },
      "action_frac_distribution": {
        "1.00": 0.596,
        "0.00": 0.3975,
        "0.25": 0.0045,
        "0.50": 0.0,
        "0.75": 0.002
      },
      "basis_r2": 0.8074414508014498,
      "basis_r2_by_grid_state": {
        "0": 0.8130672325545063,
        "1": 0.8059005193309885,
        "2": 0.8054730110757564,
        "3": 0.8053250402445482
      }
    },
    {
      "period": 6,
      "days_remaining": 14,
      "v_g0_mean": 224.15482949302205,
      "chosen_frac_mean": 0.667125,
      "option_value_means": {
        "deploy_1.00": 224.0481860291919,
        "deploy_0.00": 223.84211129557897,
        "deploy_0.25": 223.84211129557815,
        "deploy_0.50": 223.84211129557937,
        "deploy_0.75": 223.84211129557906
      },
      "action_frac_distribution": {
        "1.00": 0.6665,
        "0.00": 0.332,
        "0.25": 0.001,
        "0.50": 0.0,
        "0.75": 0.0005
      },
      "basis_r2": 0.8412442470883329,
      "basis_r2_by_grid_state": {
        "0": 0.8355157485574232,