{
  "label": "eta_fit_2022",
  "grid_fracs": [
    0.0,
    0.25,
    0.5,
    0.75,
    1.0
  ],
  "n_grid": 5,
  "n_periods": 7,
  "k_paths": 2000,
  "eta_summary": {
    "single_cycle_fit": {
      "Safe D": 1.0696945297198421,
      "Likely D": -0.21203912431649063,
      "Lean D": 0.2938841818755611,
      "Toss-Up": 0.7299391092632409,
      "Lean R": 0.3868884135796587,
      "Likely R": -0.01724498521673626,
      "Safe R": -0.003346238743621956
    }
  },
  "schedule": [
    {
      "period": 0,
      "days_remaining": 98,
      "v_g0_mean": 225.8590704997955,
      "chosen_frac_mean": 1.0,
      "option_value_means": {
        "deploy_1.00": 225.8590704997955,
        "deploy_0.00": 225.3870911780809,
        "deploy_0.25": 225.37032302388891,
        "deploy_0.50": 225.37032302388968,
        "deploy_0.75": 225.37032302388982
      },
      "action_frac_distribution": {
        "1.00": 1.0,
        "0.00": 0.0,
        "0.25": 0.0,
        "0.50": 0.0,
        "0.75": 0.0
      },
      "basis_r2": 2.7755575615628914e-17,
      "basis_r2_by_grid_state": {
        "0": 0.0,
        "1": 1.1102230246251565e-16,
        "2": 0.0,
        "3": 0.0
      }
    },
    {
      "period": 1,
      "days_remaining": 84,
      "v_g0_mean": 225.3870911780819,
      "chosen_frac_mean": 0.8885,
      "option_value_means": {
        "deploy_1.00": 225.37032302388977,
        "deploy_0.00": 224.99470319150598,
        "deploy_0.25": 224.94490076981103,
        "deploy_0.50": 224.94488959213783,
        "deploy_0.75": 224.94488592955597
      },
      "action_frac_distribution": {
        "1.00": 0.8885,
        "0.00": 0.1115,
        "0.25": 0.0,
        "0.50": 0.0,
        "0.75": 0.0
      },
      "basis_r2": 0.3624763975205102,
      "basis_r2_by_grid_state": {
        "0": 0.3751596072815354,
        "1": 0.3589918711589104,
        "2": 0.35803497671827367,
        "3": 0.3577191349233212
      }
    },
    {
      "period": 2,
      "days_remaining": 70,
      "v_g0_mean": 224.99470319150737,
      "chosen_frac_mean": 0.76725,
      "option_value_means": {
        "deploy_1.00": 224.94439741456745,
        "deploy_0.00": 224.67127891978456,
        "deploy_0.25": 224.5967094639484,
        "deploy_0.50": 224.59669257530527,
        "deploy_0.75": 224.59668797750888
      },
      "action_frac_distribution": {
        "1.00": 0.7665,
        "0.00": 0.232,
        "0.25": 0.0005,
        "0.50": 0.0005,
        "0.75": 0.0005
      },
      "basis_r2": 0.5151142896106919,
      "basis_r2_by_grid_state": {
        "0": 0.540665478362349,
        "1": 0.5071264029611189,
        "2": 0.5064437970432263,
        "3": 0.5062214800760734
      }
    },
    {
      "period": 3,
      "days_remaining": 56,
      "v_g0_mean": 224.6712789197848,
      "chosen_frac_mean": 0.705,
      "option_value_means": {
        "deploy_1.00": 224.59652389033283,
        "deploy_0.00": 224.37626769754976,
        "deploy_0.25": 224.27652123550047,
        "deploy_0.50": 224.27648746103313,
        "deploy_0.75": 224.27648054480622
      },
      "action_frac_distribution": {
        "1.00": 0.704,
        "0.00": 0.294,
        "0.25": 0.001,
        "0.50": 0.0,
        "0.75": 0.001
      },
      "basis_r2": 0.6239412746713107,
      "basis_r2_by_grid_state": {
        "0": 0.6395505117111486,
        "1": 0.6192261496090457,
        "2": 0.6186008698148318,
        "3": 0.6183875675502168
      }
    },
    {
      "period": 4,
      "days_remaining": 42,
      "v_g0_mean": 224.3762676975493,
      "chosen_frac_mean": 0.640875,
      "option_value_means": {
        "deploy_1.00": 224.27553438832646,
        "deploy_0.00": 224.10812676470957,
        "deploy_0.25": 224.00748945114628,
        "deploy_0.50": 224.00744116152902,
        "deploy_0.75": 224.007426981131
      },
      "action_frac_distribution": {
        "1.00": 0.6375,
        "0.00": 0.356,
        "0.25": 0.003,
        "0.50": 0.0,
        "0.75": 0.0035
      },
      "basis_r2": 0.6887505485944283,
      "basis_r2_by_grid_state": {
        "0": 0.6962425407198651,
        "1": 0.686734063016823,
        "2": 0.6861184956348698,
        "3": 0.6859070950061554
      }
    },
    {
      "period": 5,
      "days_remaining": 28,
      "v_g0_mean": 224.10812676470943,
      "chosen_frac_mean": 0.65725,
      "option_value_means": {
        "deploy_1.00": 224.00551802871843,
        "deploy_0.00": 223.82990555757357,
        "deploy_0.25": 223.73186070300724,
        "deploy_0.50": 223.7318587372291,
        "deploy_0.75": 223.73185817348266
      },
      "action_frac_distribution": {
        "1.00": 0.65,
        "0.00": 0.3385,
        "0.25": 0.0025,
        "0.50": 0.0005,
        "0.75": 0.0085
      },
      "basis_r2": 0.7243129853310926,
      "basis_r2_by_grid_state": {
        "0": 0.7344249640931949,
        "1": 0.7213131826013193,
        "2": 0.7208265853036154,
        "3": 0.7206872093262406
      }
    },
    {
      "period": 6,
      "days_remaining": 14,
      "v_g0_mean": 223.82990555757303,
      "chosen_frac_mean": 0.673125,
      "option_value_means": {
        "deploy_1.00": 223.7318502499706,
        "deploy_0.00": 223.5260363947833,
        "deploy_0.25": 223.52603639478372,
        "deploy_0.50": 223.52603639478485,
        "deploy_0.75": 223.52603639478423
      },
      "action_frac_distribution": {
        "1.00": 0.673,
        "0.00": 0.3265,
        "0.25": 0.0005,
        "0.50": 0.0,
        "0.75": 0.0
      },
      "basis_r2": 0.7612023661443179,
      "basis_r2_by_grid_state": {
        "0": 0.7492091777878598,
        "1": 0.7654870945391314,
        "2": 0.7651172213081039,
        "3": 0.7649959709421763
      }
    }
  ]
}