{
  "label": "eta_fit_2024",
  "grid_fracs": [
    0.0,
    0.25,
    0.5,
    0.75,
    1.0
  ],
  "n_grid": 5,
  "n_periods": 7,
  "k_paths": 2000,
  "eta_summary": {
    "single_cycle_fit": {
      "Safe D": 0.3182015334975613,
      "Likely D": -0.10149819147606648,
      "Lean D": 0.23653211808234725,
      "Toss-Up": 0.3414522734491998,
      "Lean R": 0.18309963537906138,
      "Likely R": 0.41158583593433545,
      "Safe R": -0.16495319778952353
    }
  },
  "schedule": [
    {
      "period": 0,
      "days_remaining": 98,
      "v_g0_mean": 233.02518852225418,
      "chosen_frac_mean": 0.0,
      "option_value_means": {
        "deploy_1.00": 231.17694028930828,
        "deploy_0.00": 233.02518852225418,
        "deploy_0.25": 232.72578871427547,
        "deploy_0.50": 232.7184473753246,
        "deploy_0.75": 232.71601781532084
      },
      "action_frac_distribution": {
        "1.00": 0.0,
        "0.00": 1.0,
        "0.25": 0.0,
        "0.50": 0.0,
        "0.75": 0.0
      },
      "basis_r2": 5.551115123125783e-17,
      "basis_r2_by_grid_state": {
        "0": 1.1102230246251565e-16,
        "1": 0.0,
        "2": 1.1102230246251565e-16,
        "3": 0.0
      }
    },
    {
      "period": 1,
      "days_remaining": 84,
      "v_g0_mean": 233.025188522254,
      "chosen_frac_mean": 0.0225,
      "option_value_means": {
        "deploy_1.00": 231.5377684304241,
        "deploy_0.00": 233.01786554815737,
        "deploy_0.25": 232.72576404974004,
        "deploy_0.50": 232.71836964257346,
        "deploy_0.75": 232.71601781532067
      },
      "action_frac_distribution": {
        "1.00": 0.0,
        "0.00": 0.915,
        "0.25": 0.0825,
        "0.50": 0.0,
        "0.75": 0.0025
      },
      "basis_r2": 0.39412727428098554,
      "basis_r2_by_grid_state": {
        "0": 0.4594897683506083,
        "1": 0.37221783499549965,
        "2": 0.37235821261590085,
        "3": 0.37244328116193337
      }
    },
    {
      "period": 2,
      "days_remaining": 70,
      "v_g0_mean": 233.01786554815573,
      "chosen_frac_mean": 0.048,
      "option_value_means": {
        "deploy_1.00": 231.79451940914984,
        "deploy_0.00": 232.99506392894068,
        "deploy_0.25": 232.72552192367812,
        "deploy_0.50": 232.71828327830588,
        "deploy_0.75": 232.71601781532087
      },
      "action_frac_distribution": {
        "1.00": 0.0,
        "0.00": 0.8415,
        "0.25": 0.1405,
        "0.50": 0.0025,
        "0.75": 0.0155
      },
      "basis_r2": 0.5771646240421706,
      "basis_r2_by_grid_state": {
        "0": 0.616249017459418,
        "1": 0.5644766960060927,
        "2": 0.5640092381579153,
        "3": 0.5639235445452566
      }
    },
    {
      "period": 3,
      "days_remaining": 56,
      "v_g0_mean": 232.99506392893997,
      "chosen_frac_mean": 0.074625,
      "option_value_means": {
        "deploy_1.00": 232.0099163691523,
        "deploy_0.00": 232.96477656545594,
        "deploy_0.25": 232.72448670388818,
        "deploy_0.50": 232.71790409230812,
        "deploy_0.75": 232.71588556029977
      },
      "action_frac_distribution": {
        "1.00": 0.0005,
        "0.00": 0.7865,
        "0.25": 0.168,
        "0.50": 0.0065,
        "0.75": 0.0385
      },
      "basis_r2": 0.6848546889879346,
      "basis_r2_by_grid_state": {
        "0": 0.7101741474869754,
        "1": 0.6769219338342032,
        "2": 0.6762442461055141,
        "3": 0.6760784285250456
      }
    },
    {
      "period": 4,
      "days_remaining": 42,
      "v_g0_mean": 232.9647765654557,
      "chosen_frac_mean": 0.110125,
      "option_value_means": {
        "deploy_1.00": 232.21268769085674,
        "deploy_0.00": 232.9179203527384,
        "deploy_0.25": 232.72233795069693,
        "deploy_0.50": 232.71695360152958,
        "deploy_0.75": 232.71533250252335
      },
      "action_frac_distribution": {
        "1.00": 0.0025,
        "0.00": 0.7355,
        "0.25": 0.172,
        "0.50": 0.0115,
        "0.75": 0.0785
      },
      "basis_r2": 0.7345542151135901,
      "basis_r2_by_grid_state": {
        "0": 0.7590961351427576,
        "1": 0.7269041817062871,
        "2": 0.7262059550332344,
        "3": 0.7260105885720812
      }
    },
    {
      "period": 5,
      "days_remaining": 28,
      "v_g0_mean": 232.91792035273835,
      "chosen_frac_mean": 0.158,
      "option_value_means": {
        "deploy_1.00": 232.4302680840118,
        "deploy_0.00": 232.84626852212276,
        "deploy_0.25": 232.7179446812073,
        "deploy_0.50": 232.71450489190178,
        "deploy_0.75": 232.71350658482493
      },
      "action_frac_distribution": {
        "1.00": 0.015,
        "0.00": 0.654,
        "0.25": 0.2015,
        "0.50": 0.018,
        "0.75": 0.1115
      },
      "basis_r2": 0.7592911390352436,
      "basis_r2_by_grid_state": {
        "0": 0.7709635041658507,
        "1": 0.7558650728909705,
        "2": 0.755262871767873,
        "3": 0.7550731073162803
      }
    },
    {
      "period": 6,
      "days_remaining": 14,
      "v_g0_mean": 232.84626852212313,
      "chosen_frac_mean": 0.25875,
      "option_value_means": {
        "deploy_1.00": 232.58012664099772,
        "deploy_0.00": 232.71247468170415,
        "deploy_0.25": 232.71247468170458,
        "deploy_0.50": 232.71247468170472,
        "deploy_0.75": 232.71247468170378
      },
      "action_frac_distribution": {
        "1.00": 0.0185,
        "0.00": 0.4765,
        "0.25": 0.2665,
        "0.50": 0.021,
        "0.75": 0.2175
      },
      "basis_r2": 0.7916854355883515,
      "basis_r2_by_grid_state": {
        "0": 0.7819118730066692,
        "1": 0.7953268958555081,
        "2": 0.7948166676425673,
        "3": 0.7946863058486611
      }
    }
  ]
}