{
  "label": "eta_bootstrap_all_cycles",
  "grid_fracs": [
    0.0,
    0.25,
    0.5,
    0.75,
    1.0
  ],
  "n_grid": 5,
  "n_periods": 7,
  "k_paths": 2000,
  "eta_summary": {
    "Safe D": {
      "n_cycles_available": 7,
      "historical_values": [
        0.37051564418078053,
        0.36324702782179663,
        0.16896310393175418,
        0.19294798851248035,
        -0.13717862991698573,
        1.069694529719842,
        0.3182015334975613
      ],
      "path_draw_mean": 0.3373575139769854,
      "path_draw_sd": 0.34555091761691364
    },
    "Likely D": {
      "n_cycles_available": 7,
      "historical_values": [
        0.17996493678014389,
        0.5906036196686204,
        0.5427028241936118,
        0.423312720315018,
        0.03479669153551908,
        -0.21203912431649052,
        -0.10149819147606648
      ],
      "path_draw_mean": 0.1968160377775306,
      "path_draw_sd": 0.2948150461876178
    },
    "Lean D": {
      "n_cycles_available": 7,
      "historical_values": [
        0.6371795918918658,
        0.004641689442899721,
        0.435826774059917,
        -0.09656619944087723,
        0.6619827929557665,
        0.2938841818755611,
        0.23653211808234725
      ],
      "path_draw_mean": 0.30561158431408275,
      "path_draw_sd": 0.27066855550670343
    },
    "Toss-Up": {
      "n_cycles_available": 7,
      "historical_values": [
        0.42215270123422527,
        0.25216310968692635,
        -0.2167942260713566,
        0.07922542788070613,
        0.11007902256006569,
        0.729939109263241,
        0.3414522734491998
      ],
      "path_draw_mean": 0.2490888985487219,
      "path_draw_sd": 0.2719037426646953
    },
    "Lean R": {
      "n_cycles_available": 6,
      "historical_values": [
        0.5722407455611278,
        0.46359535448929223,
        0.07668190565771635,
        0.4264156791497973,
        0.38688841357965864,
        0.18309963537906138
      ],
      "path_draw_mean": 0.3499316200924605,
      "path_draw_sd": 0.17105291889692903
    },
    "Likely R": {
      "n_cycles_available": 7,
      "historical_values": [
        0.5617242440432889,
        0.16672566646248785,
        0.5286603596595743,
        0.4502411134464164,
        0.6251656990480305,
        -0.017244985216736237,
        0.41158583593433545
      ],
      "path_draw_mean": 0.3935575475567408,
      "path_draw_sd": 0.21214721485390847
    },
    "Safe R": {
      "n_cycles_available": 7,
      "historical_values": [
        0.5836100382396279,
        0.5640322532414572,
        0.3063260654379733,
        0.3604121842830939,
        0.5111953595865436,
        -0.0033462387436219553,
        -0.16495319778952353
      ],
      "path_draw_mean": 0.31097721809578394,
      "path_draw_sd": 0.27151327472556885
    }
  },
  "schedule": [
    {
      "period": 0,
      "days_remaining": 98,
      "v_g0_mean": 231.9807348187109,
      "chosen_frac_mean": 0.032625,
      "option_value_means": {
        "deploy_1.00": 230.43198825019377,
        "deploy_0.00": 231.9689980987869,
        "deploy_0.25": 231.49036503097005,
        "deploy_0.50": 231.48105932982918,
        "deploy_0.75": 231.47798596877738
      },
      "action_frac_distribution": {
        "1.00": 0.015,
        "0.00": 0.9215,
        "0.25": 0.059,
        "0.50": 0.002,
        "0.75": 0.0025
      },
      "basis_r2": 0.11709806872572642,
      "basis_r2_by_grid_state": {
        "0": 2.220446049250313e-16,
        "1": 0.15864129472971,
        "2": 0.15539584732856082,
        "3": 0.15435513284463465
      }
    },
    {
      "period": 1,
      "days_remaining": 84,
      "v_g0_mean": 231.96899809878673,
      "chosen_frac_mean": 0.060875,
      "option_value_means": {
        "deploy_1.00": 230.5010083961615,
        "deploy_0.00": 231.94096121169417,
        "deploy_0.25": 231.47859655372892,
        "deploy_0.50": 231.46920496103027,
        "deploy_0.75": 231.46617749663082
      },
      "action_frac_distribution": {
        "1.00": 0.019,
        "0.00": 0.872,
        "0.25": 0.0775,
        "0.50": 0.0045,
        "0.75": 0.027
      },
      "basis_r2": 0.5038659942438813,
      "basis_r2_by_grid_state": {
        "0": 0.5354579124177044,
        "1": 0.49550375794195367,
        "2": 0.49272414519960483,
        "3": 0.4917781614162625
      }
    },
    {
      "period": 2,
      "days_remaining": 70,
      "v_g0_mean": 231.94096121169474,
      "chosen_frac_mean": 0.090625,
      "option_value_means": {
        "deploy_1.00": 230.73557610613892,
        "deploy_0.00": 231.89012698596468,
        "deploy_0.25": 231.4605300955644,
        "deploy_0.50": 231.45119292732505,
        "deploy_0.75": 231.44816265566058
      },
      "action_frac_distribution": {
        "1.00": 0.0275,
        "0.00": 0.8155,
        "0.25": 0.108,
        "0.50": 0.0025,
        "0.75": 0.0465
      },
      "basis_r2": 0.6540700787789415,
      "basis_r2_by_grid_state": {
        "0": 0.7031038849441059,
        "1": 0.6396742571127882,
        "2": 0.637146330251306,
        "3": 0.6363558428075659
      }
    },
    {
      "period": 3,
      "days_remaining": 56,
      "v_g0_mean": 231.89012698596483,
      "chosen_frac_mean": 0.12975,
      "option_value_means": {
        "deploy_1.00": 230.90436512943822,
        "deploy_0.00": 231.8158031976337,
        "deploy_0.25": 231.43751622475602,
        "deploy_0.50": 231.42894258516444,
        "deploy_0.75": 231.42613722781127
      },
      "action_frac_distribution": {
        "1.00": 0.0375,
        "0.00": 0.7555,
        "0.25": 0.122,
        "0.50": 0.008,
        "0.75": 0.077
      },
      "basis_r2": 0.7565358388306141,
      "basis_r2_by_grid_state": {
        "0": 0.7833549474627018,
        "1": 0.7492439629698864,
        "2": 0.7471085669435992,
        "3": 0.7464358779462694
      }
    },
    {
      "period": 4,
      "days_remaining": 42,
      "v_g0_mean": 231.81580319763376,
      "chosen_frac_mean": 0.16625,
      "option_value_means": {
        "deploy_1.00": 231.0526990912537,
        "deploy_0.00": 231.71762887327384,
        "deploy_0.25": 231.41125632609123,
        "deploy_0.50": 231.40394500502796,
        "deploy_0.75": 231.40153186654805
      },
      "action_frac_distribution": {
        "1.00": 0.0525,
        "0.00": 0.7015,
        "0.25": 0.14,
        "0.50": 0.003,
        "0.75": 0.103
      },
      "basis_r2": 0.792248462145217,
      "basis_r2_by_grid_state": {
        "0": 0.8121492178035279,
        "1": 0.7868995180961311,
        "2": 0.785241692185582,
        "3": 0.7847034204956271
      }
    },
    {
      "period": 5,
      "days_remaining": 28,
      "v_g0_mean": 231.7176288732742,
      "chosen_frac_mean": 0.228625,
      "option_value_means": {
        "deploy_1.00": 231.1663586050446,
        "deploy_0.00": 231.583177747466,
        "deploy_0.25": 231.38581865539985,
        "deploy_0.50": 231.3807214069721,
        "deploy_0.75": 231.37905291242595
      },
      "action_frac_distribution": {
        "1.00": 0.0835,
        "0.00": 0.6155,
        "0.25": 0.157,
        "0.50": 0.0085,
        "0.75": 0.1355
      },
      "basis_r2": 0.8232722844304785,
      "basis_r2_by_grid_state": {
        "0": 0.8294597454341758,
        "1": 0.8221625673484897,
        "2": 0.8209355909052429,
        "3": 0.8205312340340056
      }
    },
    {
      "period": 6,
      "days_remaining": 14,
      "v_g0_mean": 231.58317774746638,
      "chosen_frac_mean": 0.323875,
      "option_value_means": {
        "deploy_1.00": 231.2557196946267,
        "deploy_0.00": 231.36789884409697,
        "deploy_0.25": 231.36789884409646,
        "deploy_0.50": 231.36789884409674,
        "deploy_0.75": 231.36789884409652
      },
      "action_frac_distribution": {
        "1.00": 0.0995,
        "0.00": 0.4935,
        "0.25": 0.1565,
        "0.50": 0.0105,
        "0.75": 0.24
      },
      "basis_r2": 0.8503580033460704,