{
  "label": "eta_fit_2024",
  "grid_fracs": [
    0.0,
    0.1,
    0.2,
    0.30000000000000004,
    0.4,
    0.5,
    0.6000000000000001,
    0.7000000000000001,
    0.8,
    0.9,
    1.0
  ],
  "n_grid": 11,
  "n_periods": 7,
  "k_paths": 2000,
  "eta_summary": {
    "single_cycle_fit": {
      "Safe D": 0.3182015334975613,
      "Likely D": -0.10149819147606648,
      "Lean D": 0.23653211808234725,
      "Toss-Up": 0.3414522734491998,
      "Lean R": 0.18309963537906138,
      "Likely R": 0.41158583593433545,
      "Safe R": -0.16495319778952353
    }
  },
  "schedule": [
    {
      "period": 0,
      "days_remaining": 98,
      "v_g0_mean": 233.03869200322643,
      "chosen_frac_mean": 0.0,
      "option_value_means": {
        "deploy_1.00": 231.17694028930828,
        "deploy_0.00": 233.03869200322643,
        "deploy_0.10": 232.75150036588053,
        "deploy_0.20": 232.73052565559522,
        "deploy_0.30": 232.72408676395253,
        "deploy_0.40": 232.72100992965264,
        "deploy_0.50": 232.71930869334983,
        "deploy_0.60": 232.71812117155275,
        "deploy_0.70": 232.71716935596112,
        "deploy_0.80": 232.71655035381798,
        "deploy_0.90": 232.7160474545741
      },
      "action_frac_distribution": {
        "1.00": 0.0,
        "0.00": 1.0,
        "0.10": 0.0,
        "0.20": 0.0,
        "0.30": 0.0,
        "0.40": 0.0,
        "0.50": 0.0,
        "0.60": 0.0,
        "0.70": 0.0,
        "0.80": 0.0,
        "0.90": 0.0
      },
      "basis_r2": -4.4408920985006264e-17,
      "basis_r2_by_grid_state": {
        "0": -2.220446049250313e-16,
        "1": -2.220446049250313e-16,
        "2": 1.1102230246251565e-16,
        "3": -2.220446049250313e-16,
        "4": 1.1102230246251565e-16,
        "5": 0.0,
        "6": -2.220446049250313e-16,
        "7": 1.1102230246251565e-16,
        "8": 3.3306690738754696e-16,
        "9": -2.220446049250313e-16
      }
    },
    {
      "period": 1,
      "days_remaining": 84,
      "v_g0_mean": 233.0386920032262,
      "chosen_frac_mean": 0.009850000000000001,
      "option_value_means": {
        "deploy_1.00": 231.5377684304241,
        "deploy_0.00": 233.03079879802047,
        "deploy_0.10": 232.7514513291021,
        "deploy_0.20": 232.73049314697928,
        "deploy_0.30": 232.72405641445275,
        "deploy_0.40": 232.72096759848785,
        "deploy_0.50": 232.71918481244612,
        "deploy_0.60": 232.7179797881924,
        "deploy_0.70": 232.7171578120452,
        "deploy_0.80": 232.71654982070388,
        "deploy_0.90": 232.71604745457432
      },
      "action_frac_distribution": {
        "1.00": 0.0,
        "0.00": 0.9095,
        "0.10": 0.089,
        "0.20": 0.0005,
        "0.30": 0.0,
        "0.40": 0.0,
        "0.50": 0.0,
        "0.60": 0.0,
        "0.70": 0.0,
        "0.80": 0.0005,
        "0.90": 0.0005
      },
      "basis_r2": 0.3810256735550281,
      "basis_r2_by_grid_state": {
        "0": 0.4590408767602644,
        "1": 0.372295107157781,
        "2": 0.37215028169066866,
        "3": 0.3722750330874597,
        "4": 0.372330314938475,
        "5": 0.37236582670664176,
        "6": 0.37240314153694276,
        "7": 0.3724449690126811,
        "8": 0.3724696964863211,
        "9": 0.37248148817304527
      }
    },
    {
      "period": 2,
      "days_remaining": 70,
      "v_g0_mean": 233.03079879801976,
      "chosen_frac_mean": 0.028149999999999998,
      "option_value_means": {
        "deploy_1.00": 231.79451940914984,
        "deploy_0.00": 233.00662519142637,
        "deploy_0.10": 232.75074700026423,
        "deploy_0.20": 232.73014639716067,
        "deploy_0.30": 232.7238428795921,
        "deploy_0.40": 232.72082093838657,
        "deploy_0.50": 232.71905991996942,
        "deploy_0.60": 232.7179105786698,
        "deploy_0.70": 232.71711101508137,
        "deploy_0.80": 232.71651468629094,
        "deploy_0.90": 232.71604745457455
      },
      "action_frac_distribution": {
        "1.00": 0.0,
        "0.00": 0.833,
        "0.10": 0.1435,
        "0.20": 0.009,
        "0.30": 0.0,
        "0.40": 0.0,
        "0.50": 0.001,
        "0.60": 0.0005,
        "0.70": 0.0,
        "0.80": 0.005,
        "0.90": 0.008
      },
      "basis_r2": 0.5695369376159991,
      "basis_r2_by_grid_state": {
        "0": 0.6156047628550889,
        "1": 0.5668489297614012,
        "2": 0.5647859121615113,
        "3": 0.5643053733902252,
        "4": 0.5641125730141641,
        "5": 0.5640104209315111,
        "6": 0.5639695110872078,
        "7": 0.5639321733715703,
        "8": 0.5639119184942276,
        "9": 0.5638878010930835
      }
    },
    {
      "period": 3,
      "days_remaining": 56,
      "v_g0_mean": 233.00662519142634,
      "chosen_frac_mean": 0.055049999999999995,
      "option_value_means": {
        "deploy_1.00": 232.0099163691523,
        "deploy_0.00": 232.97487431008219,
        "deploy_0.10": 232.74765120260403,
        "deploy_0.20": 232.72872777859698,
        "deploy_0.30": 232.72294860808563,
        "deploy_0.40": 232.72019932931894,
        "deploy_0.50": 232.71860163032284,
        "deploy_0.60": 232.71758310369646,
        "deploy_0.70": 232.71686614370543,
        "deploy_0.80": 232.71633245966717,
        "deploy_0.90": 232.71591384749794
      },
      "action_frac_distribution": {
        "1.00": 0.0005,
        "0.00": 0.7765,
        "0.10": 0.1525,
        "0.20": 0.0245,
        "0.30": 0.0085,
        "0.40": 0.001,
        "0.50": 0.0035,
        "0.60": 0.0,
        "0.70": 0.0,
        "0.80": 0.0,
        "0.90": 0.033
      },
      "basis_r2": 0.6800826476581354,
      "basis_r2_by_grid_state": {
        "0": 0.7100800095792672,
        "1": 0.6798473747126448,
        "2": 0.6773113433637563,
        "3": 0.6766824237602937,
        "4": 0.6763873963958936,
        "5": 0.6762301511900519,
        "6": 0.6761466797938176,
        "7": 0.6760876385957967,
        "8": 0.6760437313396015,
        "9": 0.6760097278502315
      }
    },
    {
      "period": 4,
      "days_remaining": 42,
      "v_g0_mean": 232.97487431008219,
      "chosen_frac_mean": 0.08735,
      "option_value_means": {
        "deploy_1.00": 232.21268769085674,
        "deploy_0.00": 232.9263980436328,
        "deploy_0.10": 232.74177502920674,
        "deploy_0.20": 232.72588285316888,
        "deploy_0.30": 232.7210529188622,
        "deploy_0.40": 232.71881600362113,
        "deploy_0.50": 232.71751689849054,
        "deploy_0.60": 232.7167018854996,
        "deploy_0.70": 232.7161241229042,
        "deploy_0.80": 232.71569444423176,
        "deploy_0.90": 232.71535784241803
      },
      "action_frac_distribution": {
        "1.00": 0.0015,
        "0.00": 0.727,
        "0.10": 0.166,
        "0.20": 0.023,
        "0.30": 0.0085,
        "0.40": 0.005,
        "0.50": 0.0025,
        "0.60": 0.0025,
        "0.70": 0.0005,
        "0.80": 0.0015,
        "0.90": 0.062
      },
      "basis_r2": 0.7299414095697082,
      "basis_r2_by_grid_state": {
        "0": 0.7589970511578324,
        "1": 0.7298930501233549,
        "2": 0.7272814445699922,
        "3": 0.7266480091525009,
        "4": 0.7263712806480127,
        "5": 0.7261954807584512,
        "6": 0.7260905923813259,
        "7": 0.7260246405560654,
        "8": 0.7259762241858865,
        "9": 0.725936322163659
      }
    },
    {
      "period": 5,
      "days_remaining": 28,
      "v_g0_mean": 232.92639804363228,
      "chosen_frac_mean": 0.137,
      "option_value_means": {
        "deploy_1.00": 232.4302680840118,
        "deploy_0.00": 232.8519282566717,
        "deploy_0.10": 232.73098863170662,
        "deploy_0.20": 232.72025734200278,
        "deploy_0.30": 232.71707999131567,
        "deploy_0.40": 232.71565883584887,
        "deploy_0.50": 232.71484776298334,
        "deploy_0.60": 232.71434396056225,
        "deploy_0.70": 232.71398970429047,
        "deploy_0.80": 232.71372627188987,
        "deploy_0.90": 232.7135228331918
      },