{
  "label": "eta_fit_2022",
  "grid_fracs": [
    0.0,
    0.25,
    0.5,
    0.75,
    1.0
  ],
  "n_grid": 5,
  "n_periods": 7,
  "k_paths": 2000,
  "eta_summary": {
    "single_cycle_fit": {
      "Safe D": 1.069694529719842,
      "Likely D": -0.21203912431649052,
      "Lean D": 0.2938841818755611,
      "Toss-Up": 0.729939109263241,
      "Lean R": 0.38688841357965864,
      "Likely R": -0.017244985216736237,
      "Safe R": -0.0033462387436219553
    }
  },
  "schedule": [
    {
      "period": 0,
      "days_remaining": 98,
      "v_g0_mean": 231.94902876153617,
      "chosen_frac_mean": 0.0,
      "option_value_means": {
        "deploy_1.00": 230.54993353264047,
        "deploy_0.00": 231.94902876153617,
        "deploy_0.25": 231.6420447734263,
        "deploy_0.50": 231.63439715771025,
        "deploy_0.75": 231.63177690999416
      },
      "action_frac_distribution": {
        "1.00": 0.0,
        "0.00": 1.0,
        "0.25": 0.0,
        "0.50": 0.0,
        "0.75": 0.0
      },
      "basis_r2": 2.7755575615628914e-17,
      "basis_r2_by_grid_state": {
        "0": 0.0,
        "1": 0.0,
        "2": 1.1102230246251565e-16,
        "3": 0.0
      }
    },
    {
      "period": 1,
      "days_remaining": 84,
      "v_g0_mean": 231.94902876153586,
      "chosen_frac_mean": 0.033125,
      "option_value_means": {
        "deploy_1.00": 230.78455996240805,
        "deploy_0.00": 231.93735980829138,
        "deploy_0.25": 231.641826202808,
        "deploy_0.50": 231.63424622256377,
        "deploy_0.75": 231.6316463606261
      },
      "action_frac_distribution": {
        "1.00": 0.0,
        "0.00": 0.896,
        "0.25": 0.088,
        "0.50": 0.0035,
        "0.75": 0.0125
      },
      "basis_r2": 0.3875078036298887,
      "basis_r2_by_grid_state": {
        "0": 0.4521536551559736,
        "1": 0.3677813566513173,
        "2": 0.36542637629508323,
        "3": 0.3646698264171806
      }
    },
    {
      "period": 2,
      "days_remaining": 70,
      "v_g0_mean": 231.9373598082916,
      "chosen_frac_mean": 0.063,
      "option_value_means": {
        "deploy_1.00": 231.01657870473673,
        "deploy_0.00": 231.9066645250591,
        "deploy_0.25": 231.6400513627602,
        "deploy_0.50": 231.63269739802246,
        "deploy_0.75": 231.63018397738819
      },
      "action_frac_distribution": {
        "1.00": 0.002,
        "0.00": 0.819,
        "0.25": 0.144,
        "0.50": 0.005,
        "0.75": 0.03
      },
      "basis_r2": 0.5535119143075325,
      "basis_r2_by_grid_state": {
        "0": 0.6053698667092322,
        "1": 0.537756778973474,
        "2": 0.5357862075808606,
        "3": 0.5351348039665635
      }
    },
    {
      "period": 3,
      "days_remaining": 56,
      "v_g0_mean": 231.90666452505963,
      "chosen_frac_mean": 0.091625,
      "option_value_means": {
        "deploy_1.00": 231.17626351593464,
        "deploy_0.00": 231.87040066125576,
        "deploy_0.25": 231.63438580605882,
        "deploy_0.50": 231.62756059074204,
        "deploy_0.75": 231.62524569248717
      },
      "action_frac_distribution": {
        "1.00": 0.0075,
        "0.00": 0.7785,
        "0.25": 0.1475,
        "0.50": 0.0105,
        "0.75": 0.056
      },
      "basis_r2": 0.6731017374207139,
      "basis_r2_by_grid_state": {
        "0": 0.7018644174171038,
        "1": 0.6647581757801628,
        "2": 0.663161546454135,
        "3": 0.6626228100314536
      }
    },
    {
      "period": 4,
      "days_remaining": 42,
      "v_g0_mean": 231.87040066125488,
      "chosen_frac_mean": 0.136375,
      "option_value_means": {
        "deploy_1.00": 231.28312714461865,
        "deploy_0.00": 231.81938296066156,
        "deploy_0.25": 231.62705002577684,
        "deploy_0.50": 231.6213784759552,
        "deploy_0.75": 231.61947771907313
      },
      "action_frac_distribution": {
        "1.00": 0.019,
        "0.00": 0.7325,
        "0.25": 0.1345,
        "0.50": 0.007,
        "0.75": 0.107
      },
      "basis_r2": 0.7319202893110555,
      "basis_r2_by_grid_state": {
        "0": 0.7513148740702843,
        "1": 0.7264419133251132,
        "2": 0.7251778563759739,
        "3": 0.7247465134728505
      }
    },
    {
      "period": 5,
      "days_remaining": 28,
      "v_g0_mean": 231.81938296066116,
      "chosen_frac_mean": 0.21725,
      "option_value_means": {
        "deploy_1.00": 231.43604499282785,
        "deploy_0.00": 231.74326347733984,
        "deploy_0.25": 231.6133491829248,
        "deploy_0.50": 231.60957821288784,
        "deploy_0.75": 231.60830422122217
      },
      "action_frac_distribution": {
        "1.00": 0.0625,
        "0.00": 0.6395,
        "0.25": 0.131,
        "0.50": 0.013,
        "0.75": 0.154
      },
      "basis_r2": 0.7530652890431342,
      "basis_r2_by_grid_state": {
        "0": 0.7675013934790654,
        "1": 0.7491351157889776,
        "2": 0.7479945996605687,
        "3": 0.7476300472439255
      }
    },
    {
      "period": 6,
      "days_remaining": 14,
      "v_g0_mean": 231.74326347733987,
      "chosen_frac_mean": 0.334,
      "option_value_means": {
        "deploy_1.00": 231.52571626631416,
        "deploy_0.00": 231.59924674491248,
        "deploy_0.25": 231.5992467449124,
        "deploy_0.50": 231.59924674491216,
        "deploy_0.75": 231.59924674491205
      },
      "action_frac_distribution": {
        "1.00": 0.1055,
        "0.00": 0.4815,
        "0.25": 0.1555,
        "0.50": 0.014,
        "0.75": 0.2435
      },
      "basis_r2": 0.7887912756853427,
      "basis_r2_by_grid_state": {
        "0": 0.7796845213061916,
        "1": 0.7924396272170318,
        "2": 0.7916537376042379,
        "3": 0.7913872166139098
      }
    }
  ]
}