{
  "label": "eta_fit_2024",
  "grid_fracs": [
    0.0,
    0.25,
    0.5,
    0.75,
    1.0
  ],
  "n_grid": 5,
  "n_periods": 7,
  "k_paths": 2000,
  "eta_summary": {
    "single_cycle_fit": {
      "Safe D": 0.3182015334975613,
      "Likely D": -0.10149819147606648,
      "Lean D": 0.23653211808234725,
      "Toss-Up": 0.3414522734491998,
      "Lean R": 0.18309963537906138,
      "Likely R": 0.41158583593433545,
      "Safe R": -0.16495319778952353
    }
  },
  "schedule": [
    {
      "period": 0,
      "days_remaining": 98,
      "v_g0_mean": 226.4701900625688,
      "chosen_frac_mean": 1.0,
      "option_value_means": {
        "deploy_1.00": 226.4701900625688,
        "deploy_0.00": 226.33978641874504,
        "deploy_0.25": 226.2306753987615,
        "deploy_0.50": 226.2304150568545,
        "deploy_0.75": 226.2303145522142
      },
      "action_frac_distribution": {
        "1.00": 1.0,
        "0.00": 0.0,
        "0.25": 0.0,
        "0.50": 0.0,
        "0.75": 0.0
      },
      "basis_r2": 2.7755575615628914e-17,
      "basis_r2_by_grid_state": {
        "0": 1.1102230246251565e-16,
        "1": 0.0,
        "2": 0.0,
        "3": 0.0
      }
    },
    {
      "period": 1,
      "days_remaining": 84,
      "v_g0_mean": 226.33978641874472,
      "chosen_frac_mean": 0.47375,
      "option_value_means": {
        "deploy_1.00": 226.22092993042392,
        "deploy_0.00": 226.24397935374344,
        "deploy_0.25": 226.09436890866192,
        "deploy_0.50": 226.09398955076782,
        "deploy_0.75": 226.09386632353534
      },
      "action_frac_distribution": {
        "1.00": 0.4445,
        "0.00": 0.511,
        "0.25": 0.007,
        "0.50": 0.0025,
        "0.75": 0.035
      },
      "basis_r2": 0.3923459174312842,
      "basis_r2_by_grid_state": {
        "0": 0.42499522411231516,
        "1": 0.38218571075010077,
        "2": 0.38126599827177654,
        "3": 0.3809367365909444
      }
    },
    {
      "period": 2,
      "days_remaining": 70,
      "v_g0_mean": 226.24397935374296,
      "chosen_frac_mean": 0.42775,
      "option_value_means": {
        "deploy_1.00": 226.08498315497866,
        "deploy_0.00": 226.14110125387245,
        "deploy_0.25": 225.96496870816776,
        "deploy_0.50": 225.96424819759713,
        "deploy_0.75": 225.9640128888803
      },
      "action_frac_distribution": {
        "1.00": 0.404,
        "0.00": 0.5525,
        "0.25": 0.017,
        "0.50": 0.0015,
        "0.75": 0.025
      },
      "basis_r2": 0.5586112198859123,
      "basis_r2_by_grid_state": {
        "0": 0.57848673451649,
        "1": 0.5522947481166911,
        "2": 0.5518969526125994,
        "3": 0.5517664442978689
      }
    },
    {
      "period": 3,
      "days_remaining": 56,
      "v_g0_mean": 226.14110125387296,
      "chosen_frac_mean": 0.408375,
      "option_value_means": {
        "deploy_1.00": 225.9473070190446,
        "deploy_0.00": 226.0235003188662,
        "deploy_0.25": 225.8365326212029,
        "deploy_0.50": 225.8356431989827,
        "deploy_0.75": 225.83535849043577
      },
      "action_frac_distribution": {
        "1.00": 0.376,
        "0.00": 0.564,
        "0.25": 0.0245,
        "0.50": 0.0015,
        "0.75": 0.034
      },
      "basis_r2": 0.6567289408939236,
      "basis_r2_by_grid_state": {
        "0": 0.6685612735768529,
        "1": 0.6530351142862578,
        "2": 0.6527117459762795,
        "3": 0.6526076297363042
      }
    },
    {
      "period": 4,
      "days_remaining": 42,
      "v_g0_mean": 226.02350031886598,
      "chosen_frac_mean": 0.41525,
      "option_value_means": {
        "deploy_1.00": 225.80682118041707,
        "deploy_0.00": 225.89738347984058,
        "deploy_0.25": 225.74095304707117,
        "deploy_0.50": 225.74040259682556,
        "deploy_0.75": 225.7402193212173
      },
      "action_frac_distribution": {
        "1.00": 0.351,
        "0.00": 0.5425,
        "0.25": 0.029,
        "0.50": 0.0045,
        "0.75": 0.073
      },
      "basis_r2": 0.6946847324622636,
      "basis_r2_by_grid_state": {
        "0": 0.7134131863077433,
        "1": 0.6887594580432082,
        "2": 0.6883470548589377,
        "3": 0.6882192306391651
      }
    },
    {
      "period": 5,
      "days_remaining": 28,
      "v_g0_mean": 225.89738347984104,
      "chosen_frac_mean": 0.483375,
      "option_value_means": {
        "deploy_1.00": 225.72026215874928,
        "deploy_0.00": 225.72485848166707,
        "deploy_0.25": 225.59381943167983,
        "deploy_0.50": 225.59342474744957,
        "deploy_0.75": 225.5932939558646
      },
      "action_frac_distribution": {
        "1.00": 0.431,
        "0.00": 0.485,
        "0.25": 0.02,
        "0.50": 0.0025,
        "0.75": 0.0615
      },
      "basis_r2": 0.7361997748889013,
      "basis_r2_by_grid_state": {
        "0": 0.7473294016949608,
        "1": 0.7327302851262212,
        "2": 0.7324226939818091,
        "3": 0.7323167187526145
      }
    },
    {
      "period": 6,
      "days_remaining": 14,
      "v_g0_mean": 225.72485848166696,
      "chosen_frac_mean": 0.55425,
      "option_value_means": {
        "deploy_1.00": 225.58883062859076,
        "deploy_0.00": 225.50283142689858,
        "deploy_0.25": 225.50283142689858,
        "deploy_0.50": 225.50283142689918,
        "deploy_0.75": 225.50283142689884
      },
      "action_frac_distribution": {
        "1.00": 0.5215,
        "0.00": 0.415,
        "0.25": 0.028,
        "0.50": 0.0035,
        "0.75": 0.032
      },
      "basis_r2": 0.7619970507566571,
      "basis_r2_by_grid_state": {
        "0": 0.7499754032713541,
        "1": 0.7660925477987433,
        "2": 0.7659777593886998,
        "3": 0.7659424925678313
      }
    }
  ]
}