{
  "label": "eta_fit_2024",
  "grid_fracs": [
    0.0,
    0.1,
    0.2,
    0.30000000000000004,
    0.4,
    0.5,
    0.6000000000000001,
    0.7000000000000001,
    0.8,
    0.9,
    1.0
  ],
  "n_grid": 11,
  "n_periods": 7,
  "k_paths": 500,
  "eta_summary": {
    "single_cycle_fit": {
      "Safe D": 0.3182015334975613,
      "Likely D": -0.10149819147606648,
      "Lean D": 0.23653211808234725,
      "Toss-Up": 0.3414522734491998,
      "Lean R": 0.18309963537906138,
      "Likely R": 0.41158583593433545,
      "Safe R": -0.16495319778952353
    }
  },
  "schedule": [
    {
      "period": 0,
      "days_remaining": 98,
      "v_g0_mean": 226.4701900625688,
      "chosen_frac_mean": 1.0,
      "option_value_means": {
        "deploy_1.00": 226.4701900625688,
        "deploy_0.00": 226.36247787860933,
        "deploy_0.10": 226.25443690786872,
        "deploy_0.20": 226.2535944150336,
        "deploy_0.30": 226.25333343777578,
        "deploy_0.40": 226.2532206400929,
        "deploy_0.50": 226.25317691894318,
        "deploy_0.60": 226.25313331995557,
        "deploy_0.70": 226.25309966339398,
        "deploy_0.80": 226.25307909467358,
        "deploy_0.90": 226.2530576393795
      },
      "action_frac_distribution": {
        "1.00": 1.0,
        "0.00": 0.0,
        "0.10": 0.0,
        "0.20": 0.0,
        "0.30": 0.0,
        "0.40": 0.0,
        "0.50": 0.0,
        "0.60": 0.0,
        "0.70": 0.0,
        "0.80": 0.0,
        "0.90": 0.0
      },
      "basis_r2": -5.551115123125783e-17,
      "basis_r2_by_grid_state": {
        "0": 0.0,
        "1": 0.0,
        "2": -2.220446049250313e-16,
        "3": 0.0,
        "4": 0.0,
        "5": -2.220446049250313e-16,
        "6": 0.0,
        "7": 1.1102230246251565e-16,
        "8": 0.0,
        "9": -2.220446049250313e-16
      }
    },
    {
      "period": 1,
      "days_remaining": 84,
      "v_g0_mean": 226.3624778786095,
      "chosen_frac_mean": 0.4698,
      "option_value_means": {
        "deploy_1.00": 226.24326667009274,
        "deploy_0.00": 226.26436307079578,
        "deploy_0.10": 226.1104175972676,
        "deploy_0.20": 226.10820913579485,
        "deploy_0.30": 226.1074738840515,
        "deploy_0.40": 226.1071673693873,
        "deploy_0.50": 226.1068785206104,
        "deploy_0.60": 226.10674712156631,
        "deploy_0.70": 226.10661832211437,
        "deploy_0.80": 226.1065506046879,
        "deploy_0.90": 226.10646414571897
      },
      "action_frac_distribution": {
        "1.00": 0.438,
        "0.00": 0.512,
        "0.10": 0.014,
        "0.20": 0.0,
        "0.30": 0.0,
        "0.40": 0.004,
        "0.50": 0.0,
        "0.60": 0.0,
        "0.70": 0.0,
        "0.80": 0.0,
        "0.90": 0.032
      },
      "basis_r2": 0.3591400092501003,
      "basis_r2_by_grid_state": {
        "0": 0.4131874368596481,
        "1": 0.35738155475061395,
        "2": 0.354000338346546,
        "3": 0.35306440368756686,
        "4": 0.35259095050575695,
        "5": 0.3524707400373709,
        "6": 0.35231387113704593,
        "7": 0.3522052883392548,
        "8": 0.3521218096365746,
        "9": 0.35206369920062486
      }
    },
    {
      "period": 2,
      "days_remaining": 70,
      "v_g0_mean": 226.26436307079567,
      "chosen_frac_mean": 0.36279999999999996,
      "option_value_means": {
        "deploy_1.00": 226.06675749454635,
        "deploy_0.00": 226.17597559882788,
        "deploy_0.10": 226.00845083656796,
        "deploy_0.20": 226.00662262811616,
        "deploy_0.30": 226.0059229392674,
        "deploy_0.40": 226.0056405766224,
        "deploy_0.50": 226.00546579503987,
        "deploy_0.60": 226.0053571121227,
        "deploy_0.70": 226.00520848480053,
        "deploy_0.80": 226.00514560727007,
        "deploy_0.90": 226.00509583821002
      },
      "action_frac_distribution": {
        "1.00": 0.326,
        "0.00": 0.6,
        "0.10": 0.024,
        "0.20": 0.002,
        "0.30": 0.002,
        "0.40": 0.008,
        "0.50": 0.004,
        "0.60": 0.008,
        "0.70": 0.0,
        "0.80": 0.0,
        "0.90": 0.026
      },
      "basis_r2": 0.5530304486816207,
      "basis_r2_by_grid_state": {
        "0": 0.5860586014414513,
        "1": 0.5497213152938208,
        "2": 0.5495219338411337,
        "3": 0.5493602793473696,
        "4": 0.5492927040465682,
        "5": 0.549304112600848,
        "6": 0.549286296471076,
        "7": 0.5492724151989528,
        "8": 0.5492549376903462,
        "9": 0.5492318908846409
      }
    },
    {
      "period": 3,
      "days_remaining": 56,
      "v_g0_mean": 226.1759755988283,
      "chosen_frac_mean": 0.4096,
      "option_value_means": {
        "deploy_1.00": 225.98065917964462,
        "deploy_0.00": 226.0569828512471,
        "deploy_0.10": 225.90165115115215,
        "deploy_0.20": 225.90065914228168,
        "deploy_0.30": 225.90032162234016,
        "deploy_0.40": 225.90020677486558,
        "deploy_0.50": 225.90005664634305,
        "deploy_0.60": 225.8999700807467,
        "deploy_0.70": 225.8998892287866,
        "deploy_0.80": 225.8998529508255,
        "deploy_0.90": 225.89982085083136
      },
      "action_frac_distribution": {
        "1.00": 0.354,
        "0.00": 0.554,
        "0.10": 0.018,
        "0.20": 0.002,
        "0.30": 0.01,
        "0.40": 0.0,
        "0.50": 0.006,
        "0.60": 0.01,
        "0.70": 0.0,
        "0.80": 0.0,
        "0.90": 0.046
      },
      "basis_r2": 0.6140915132408516,
      "basis_r2_by_grid_state": {
        "0": 0.6324101142205278,
        "1": 0.6126131640255597,
        "2": 0.6121881945614278,
        "3": 0.6121307935322201,
        "4": 0.6120188805787599,
        "5": 0.6119886220964017,
        "6": 0.6119464949883793,
        "7": 0.6118901586813104,
        "8": 0.6118739715359772,
        "9": 0.6118547381879523
      }
    },
    {
      "period": 4,
      "days_remaining": 42,
      "v_g0_mean": 226.05698285124714,
      "chosen_frac_mean": 0.48860000000000003,
      "option_value_means": {
        "deploy_1.00": 225.89137711666928,
        "deploy_0.00": 225.89567728759621,
        "deploy_0.10": 225.7368062726101,
        "deploy_0.20": 225.73482005647344,
        "deploy_0.30": 225.73415168997371,
        "deploy_0.40": 225.73384627594152,
        "deploy_0.50": 225.7336943059794,
        "deploy_0.60": 225.7335561049712,
        "deploy_0.70": 225.73331748166476,
        "deploy_0.80": 225.73325189285887,
        "deploy_0.90": 225.73320533106667
      },
      "action_frac_distribution": {
        "1.00": 0.468,
        "0.00": 0.488,
        "0.10": 0.014,
        "0.20": 0.006,
        "0.30": 0.0,
        "0.40": 0.002,
        "0.50": 0.006,
        "0.60": 0.0,
        "0.70": 0.0,
        "0.80": 0.002,
        "0.90": 0.014
      },
      "basis_r2": 0.6784569746145381,
      "basis_r2_by_grid_state": {
        "0": 0.6983694431280879,
        "1": 0.6787022518922211,
        "2": 0.6768686254222679,
        "3": 0.6762916521887783,
        "4": 0.6760078210439054,
        "5": 0.675812779599958,
        "6": 0.6757226773606924,
        "7": 0.67565740071339,
        "8": 0.6755908228352887,
        "9": 0.6755462719607928
      }
    },
    {
      "period": 5,
      "days_remaining": 28,
      "v_g0_mean": 225.89567728759778,
      "chosen_frac_mean": 0.4528,
      "option_value_means": {
        "deploy_1.00": 225.7173395052025,
        "deploy_0.00": 225.73908036760176,
        "deploy_0.10": 225.64480408760946,
        "deploy_0.20": 225.64389340623038,
        "deploy_0.30": 225.64355574940785,
        "deploy_0.40": 225.64339411850128,
        "deploy_0.50": 225.64334428477227,
        "deploy_0.60": 225.64319229204017,
        "deploy_0.70": 225.64310649047934,
        "deploy_0.80": 225.64307938852778,
        "deploy_0.90": 225.64305828817112
      },
      "action_frac_distribution": {
        "1.00": 0.41,
        "0.00": 0.496,
        "0.10": 0.034,
        "0.20": 0.012,
        "0.30": 0.0,