{
  "label": "eta_bootstrap_all_cycles",
  "grid_fracs": [
    0.0,
    0.25,
    0.5,
    0.75,
    1.0
  ],
  "n_grid": 5,
  "n_periods": 7,
  "k_paths": 2000,
  "eta_summary": {
    "Safe D": {
      "n_cycles_available": 7,
      "historical_values": [
        0.37051564418078053,
        0.36324702782179663,
        0.16896310393175418,
        0.19294798851248035,
        -0.13717862991698573,
        1.069694529719842,
        0.3182015334975613
      ],
      "path_draw_mean": 0.3373575139769854,
      "path_draw_sd": 0.34555091761691364
    },
    "Likely D": {
      "n_cycles_available": 7,
      "historical_values": [
        0.17996493678014389,
        0.5906036196686204,
        0.5427028241936118,
        0.423312720315018,
        0.03479669153551908,
        -0.21203912431649052,
        -0.10149819147606648
      ],
      "path_draw_mean": 0.1968160377775306,
      "path_draw_sd": 0.2948150461876178
    },
    "Lean D": {
      "n_cycles_available": 7,
      "historical_values": [
        0.6371795918918658,
        0.004641689442899721,
        0.435826774059917,
        -0.09656619944087723,
        0.6619827929557665,
        0.2938841818755611,
        0.23653211808234725
      ],
      "path_draw_mean": 0.30561158431408275,
      "path_draw_sd": 0.27066855550670343
    },
    "Toss-Up": {
      "n_cycles_available": 7,
      "historical_values": [
        0.42215270123422527,
        0.25216310968692635,
        -0.2167942260713566,
        0.07922542788070613,
        0.11007902256006569,
        0.729939109263241,
        0.3414522734491998
      ],
      "path_draw_mean": 0.2490888985487219,
      "path_draw_sd": 0.2719037426646953
    },
    "Lean R": {
      "n_cycles_available": 6,
      "historical_values": [
        0.5722407455611278,
        0.46359535448929223,
        0.07668190565771635,
        0.4264156791497973,
        0.38688841357965864,
        0.18309963537906138
      ],
      "path_draw_mean": 0.3499316200924605,
      "path_draw_sd": 0.17105291889692903
    },
    "Likely R": {
      "n_cycles_available": 7,
      "historical_values": [
        0.5617242440432889,
        0.16672566646248785,
        0.5286603596595743,
        0.4502411134464164,
        0.6251656990480305,
        -0.017244985216736237,
        0.41158583593433545
      ],
      "path_draw_mean": 0.3935575475567408,
      "path_draw_sd": 0.21214721485390847
    },
    "Safe R": {
      "n_cycles_available": 7,
      "historical_values": [
        0.5836100382396279,
        0.5640322532414572,
        0.3063260654379733,
        0.3604121842830939,
        0.5111953595865436,
        -0.0033462387436219553,
        -0.16495319778952353
      ],
      "path_draw_mean": 0.31097721809578394,
      "path_draw_sd": 0.27151327472556885
    }
  },
  "schedule": [
    {
      "period": 0,
      "days_remaining": 98,
      "v_g0_mean": 226.23960863565503,
      "chosen_frac_mean": 1.0,
      "option_value_means": {
        "deploy_1.00": 226.23960863565503,
        "deploy_0.00": 225.8388859811581,
        "deploy_0.25": 225.7688971066048,
        "deploy_0.50": 225.76888415722183,
        "deploy_0.75": 225.76888128391204
      },
      "action_frac_distribution": {
        "1.00": 1.0,
        "0.00": 0.0,
        "0.25": 0.0,
        "0.50": 0.0,
        "0.75": 0.0
      },
      "basis_r2": 0.024097395387031983,
      "basis_r2_by_grid_state": {
        "0": 0.0,
        "1": 0.03299295186055662,
        "2": 0.03188457458353877,
        "3": 0.031512055104032544
      }
    },
    {
      "period": 1,
      "days_remaining": 84,
      "v_g0_mean": 225.83888598115777,
      "chosen_frac_mean": 0.71975,
      "option_value_means": {
        "deploy_1.00": 225.76859087691614,
        "deploy_0.00": 225.56404905182436,
        "deploy_0.25": 225.4650542853458,
        "deploy_0.50": 225.46500825845348,
        "deploy_0.75": 225.4649932913748
      },
      "action_frac_distribution": {
        "1.00": 0.719,
        "0.00": 0.2795,
        "0.25": 0.0005,
        "0.50": 0.0005,
        "0.75": 0.0005
      },
      "basis_r2": 0.48892136370216344,
      "basis_r2_by_grid_state": {
        "0": 0.47144527918103296,
        "1": 0.49550463866276606,
        "2": 0.4945303757393935,
        "3": 0.4942051612254611
      }
    },
    {
      "period": 2,
      "days_remaining": 70,
      "v_g0_mean": 225.56404905182458,
      "chosen_frac_mean": 0.664875,
      "option_value_means": {
        "deploy_1.00": 225.4641984036584,
        "deploy_0.00": 225.29404164273996,
        "deploy_0.25": 225.16312485777624,
        "deploy_0.50": 225.16300849986033,
        "deploy_0.75": 225.16297926632242
      },
      "action_frac_distribution": {
        "1.00": 0.6605,
        "0.00": 0.331,
        "0.25": 0.004,
        "0.50": 0.0,
        "0.75": 0.0045
      },
      "basis_r2": 0.6425584163265416,
      "basis_r2_by_grid_state": {
        "0": 0.6510164783235797,
        "1": 0.6404140947014503,
        "2": 0.6395474408114419,
        "3": 0.6392556514696945
      }
    },
    {
      "period": 3,
      "days_remaining": 56,
      "v_g0_mean": 225.2940416427401,
      "chosen_frac_mean": 0.59975,
      "option_value_means": {
        "deploy_1.00": 225.16066304388954,
        "deploy_0.00": 225.05821933714932,
        "deploy_0.25": 224.91692738435458,
        "deploy_0.50": 224.91682406478458,
        "deploy_0.75": 224.91677665580377
      },
      "action_frac_distribution": {
        "1.00": 0.591,
        "0.00": 0.3925,
        "0.25": 0.007,
        "0.50": 0.0005,
        "0.75": 0.009
      },
      "basis_r2": 0.7421600657649967,
      "basis_r2_by_grid_state": {
        "0": 0.7460896233611382,
        "1": 0.7412148540350054,
        "2": 0.740738538099016,
        "3": 0.7405972475648274
      }
    },
    {
      "period": 4,
      "days_remaining": 42,
      "v_g0_mean": 225.05821933714907,
      "chosen_frac_mean": 0.579,
      "option_value_means": {
        "deploy_1.00": 224.91515823701212,
        "deploy_0.00": 224.82330193034477,
        "deploy_0.25": 224.69204727637418,
        "deploy_0.50": 224.692022334755,
        "deploy_0.75": 224.69201195668313
      },
      "action_frac_distribution": {
        "1.00": 0.569,
        "0.00": 0.4115,
        "0.25": 0.0085,
        "0.50": 0.0015,
        "0.75": 0.0095
      },
      "basis_r2": 0.7803297170338543,
      "basis_r2_by_grid_state": {
        "0": 0.7875979062264135,
        "1": 0.7782841804129758,
        "2": 0.7778085880821415,
        "3": 0.7776281934138867
      }
    },
    {
      "period": 5,
      "days_remaining": 28,
      "v_g0_mean": 224.8233019303445,
      "chosen_frac_mean": 0.599625,
      "option_value_means": {
        "deploy_1.00": 224.69161127766625,
        "deploy_0.00": 224.5649025596353,
        "deploy_0.25": 224.46293584038887,
        "deploy_0.50": 224.46292916654562,
        "deploy_0.75": 224.46292722987226
      },
      "action_frac_distribution": {
        "1.00": 0.597,
        "0.00": 0.3965,
        "0.25": 0.0045,
        "0.50": 0.0,
        "0.75": 0.002
      },
      "basis_r2": 0.8128735694753528,
      "basis_r2_by_grid_state": {
        "0": 0.8160710647874864,
        "1": 0.8121034789178592,
        "2": 0.8117273442263151,
        "3": 0.8115923899697508
      }
    },
    {
      "period": 6,
      "days_remaining": 14,
      "v_g0_mean": 224.56490255963524,
      "chosen_frac_mean": 0.666625,
      "option_value_means": {
        "deploy_1.00": 224.46291371091763,
        "deploy_0.00": 224.25465893431385,
        "deploy_0.25": 224.25465893431385,
        "deploy_0.50": 224.25465893431377,
        "deploy_0.75": 224.2546589343136
      },
      "action_frac_distribution": {
        "1.00": 0.6665,
        "0.00": 0.333,
        "0.25": 0.0005,
        "0.50": 0.0,
        "0.75": 0.0
      },
      "basis_r2": 0.8403690093394921,
      "basis_r2_by_grid_state": {
        "0": 0.8362038782076611,