=== One-at-a-time sensitivity (K=500, seed=42) ===
_ballot_last_names(2026): /Users/callumdoty/Desktop/Political Portfolio/data/raw/mit_elections/1976-2024-house.tab has no GEN-stage rows for 2026 (MIT MEDSL data lags the live cycle — its latest covered year is typically the prior completed election). The Senate/President-runner exclusion filter in load_candidate_disbursements() will be SKIPPED for this cycle: any House member's committee that disbursed >$10M while running for a different office will NOT be excluded from district totals until MIT's data catches up.
_ballot_last_names(2026): /Users/callumdoty/Desktop/Political Portfolio/data/raw/mit_elections/1976-2024-house.tab has no GEN-stage rows for 2026 (MIT MEDSL data lags the live cycle — its latest covered year is typically the prior completed election). The Senate/President-runner exclusion filter in load_candidate_disbursements() will be SKIPPED for this cycle: any House member's committee that disbursed >$10M while running for a different office will NOT be excluded from district totals until MIT's data catches up.
Dropping 11 races with no PVI: ['DC-00', 'GU-00', 'MI-14', 'MT-00', 'NY-29', 'PR-00', 'VI-00', 'GA-23', 'KS-00', 'MO-00', 'NY-27']
Dropping 17 races with no PVI: ['AS-00', 'CA-53', 'DC-00', 'GU-00', 'IL-18', 'MA-10', 'MI-14', 'MT-00', 'NV-00', 'NY-27', 'NY-29', 'OH-16', 'PA-18', 'PR-00', 'VI-00', 'WV-03', 'SC-00']
Dropping 1 races with no incumbency data
Dropping 13 races with no PVI: ['CA-53', 'DC-00', 'GU-00', 'IL-18', 'MI-14', 'MT-00', 'NY-27', 'OH-16', 'PA-18', 'PR-00', 'VI-00', 'WV-03', 'IN-00']
Dropping 1 races with no incumbency data
load_ie_transactions_dated(2014): dropping 951/7661 (12.4%) House-general IE rows with a blank exp_date. These transactions are excluded from point-in-time reconstruction entirely (not attributed to any period).
Dropping 13 races with no PVI: ['CA-53', 'DC-00', 'GU-00', 'IL-18', 'MI-14', 'MT-00', 'NB-02', 'NY-27', 'OH-16', 'PR-00', 'VI-00', 'WV-03', 'PA-18']
Dropping 1 races with no incumbency data
load_ie_transactions_dated(2016): dropping 966/5291 (18.3%) House-general IE rows with a blank exp_date. These transactions are excluded from point-in-time reconstruction entirely (not attributed to any period).
Dropping 13 races with no PVI: ['CA-53', 'DC-00', 'GU-00', 'IL-18', 'MI-14', 'MT-00', 'NY-27', 'NY-29', 'OH-16', 'PA-18', 'VI-00', 'WV-03', 'AS-00']
load_ie_transactions_dated(2018): dropping 2751/19819 (13.9%) House-general IE rows with a blank exp_date. These transactions are excluded from point-in-time reconstruction entirely (not attributed to any period).
Dropping 13 races with no PVI: ['CA-53', 'DC-00', 'GU-00', 'IL-18', 'MI-14', 'MT-00', 'NY-27', 'OH-16', 'PA-18', 'PR-00', 'VI-00', 'WV-03', 'KS-00']
load_ie_transactions_dated(2020): dropping 2613/15354 (17.0%) House-general IE rows with a blank exp_date. These transactions are excluded from point-in-time reconstruction entirely (not attributed to any period).
Dropping 10 races with no PVI: ['DC-00', 'GU-00', 'MA-00', 'MI-14', 'MT-00', 'OH-16', 'PA-18', 'VI-00', 'KS-00', 'MO-00']
load_ie_transactions_dated(2022): dropping 6249/17375 (36.0%) House-general IE rows with a blank exp_date. These transactions are excluded from point-in-time reconstruction entirely (not attributed to any period).
load_ie_transactions_dated(2022): dropping 1 row(s) with exp_amo > $20M (implausible for a single IE transaction; see docstring).
Dropping 10 races with no PVI: ['DC-00', 'GU-00', 'MI-14', 'MT-00', 'PR-00', 'VI-00', 'AZ-00', 'KS-00', 'MO-09', 'WI-00']
load_ie_transactions_dated(2024): dropping 4586/15835 (29.0%) House-general IE rows with a blank exp_date. These transactions are excluded from point-in-time reconstruction entirely (not attributed to any period).
_ballot_last_names(2026): /Users/callumdoty/Desktop/Political Portfolio/data/raw/mit_elections/1976-2024-house.tab has no GEN-stage rows for 2026 (MIT MEDSL data lags the live cycle — its latest covered year is typically the prior completed election). The Senate/President-runner exclusion filter in load_candidate_disbursements() will be SKIPPED for this cycle: any House member's committee that disbursed >$10M while running for a different office will NOT be excluded from district totals until MIT's data catches up.
_ballot_last_names(2026): /Users/callumdoty/Desktop/Political Portfolio/data/raw/mit_elections/1976-2024-house.tab has no GEN-stage rows for 2026 (MIT MEDSL data lags the live cycle — its latest covered year is typically the prior completed election). The Senate/President-runner exclusion filter in load_candidate_disbursements() will be SKIPPED for this cycle: any House member's committee that disbursed >$10M while running for a different office will NOT be excluded from district totals until MIT's data catches up.
Dropping 11 races with no PVI: ['DC-00', 'GU-00', 'MI-14', 'MT-00', 'NY-29', 'PR-00', 'VI-00', 'GA-23', 'KS-00', 'MO-00', 'NY-27']
  [oat_eta_scale_0.7] computing terminal condition (forced deploy, 500 paths)...
  [oat_eta_scale_0.7] t=6 (14d left): mean Theta=-3.5030 seats, frac(deploy now)=1.000, basis R2=0.024, g_t_coef=+0.02223 (p=0.590)
  [oat_eta_scale_0.7] t=5 (28d left): mean Theta=-2.0032 seats, frac(deploy now)=0.988, basis R2=0.032, g_t_coef=-0.01075 (p=0.725)
  [oat_eta_scale_0.7] t=4 (42d left): mean Theta=-1.4260 seats, frac(deploy now)=0.952, basis R2=0.045, g_t_coef=-0.02066 (p=0.514)
  [oat_eta_scale_0.7] t=3 (56d left): mean Theta=-1.1193 seats, frac(deploy now)=0.914, basis R2=0.049, g_t_coef=-0.00591 (p=0.859)
  [oat_eta_scale_0.7] t=2 (70d left): mean Theta=-0.8683 seats, frac(deploy now)=0.868, basis R2=0.072, g_t_coef=-0.04373 (p=0.257)
  [oat_eta_scale_0.7] t=1 (84d left): mean Theta=-0.5944 seats, frac(deploy now)=0.744, basis R2=0.031, g_t_coef=-0.02820 (p=0.593)
  [oat_eta_scale_0.7] t=0 (98d left): mean Theta=-0.3262 seats, frac(deploy now)=0.614, basis R2=0.000, g_t_coef=+0.00000 (p=nan)
  eta_scale=0.70: Theta(0)=-0.3262  (166.7s)
_ballot_last_names(2026): /Users/callumdoty/Desktop/Political Portfolio/data/raw/mit_elections/1976-2024-house.tab has no GEN-stage rows for 2026 (MIT MEDSL data lags the live cycle — its latest covered year is typically the prior completed election). The Senate/President-runner exclusion filter in load_candidate_disbursements() will be SKIPPED for this cycle: any House member's committee that disbursed >$10M while running for a different office will NOT be excluded from district totals until MIT's data catches up.
_ballot_last_names(2026): /Users/callumdoty/Desktop/Political Portfolio/data/raw/mit_elections/1976-2024-house.tab has no GEN-stage rows for 2026 (MIT MEDSL data lags the live cycle — its latest covered year is typically the prior completed election). The Senate/President-runner exclusion filter in load_candidate_disbursements() will be SKIPPED for this cycle: any House member's committee that disbursed >$10M while running for a different office will NOT be excluded from district totals until MIT's data catches up.
Dropping 11 races with no PVI: ['DC-00', 'GU-00', 'MI-14', 'MT-00', 'NY-29', 'PR-00', 'VI-00', 'GA-23', 'KS-00', 'MO-00', 'NY-27']
  [oat_eta_scale_0.85] computing terminal condition (forced deploy, 500 paths)...
  [oat_eta_scale_0.85] t=6 (14d left): mean Theta=-3.4540 seats, frac(deploy now)=1.000, basis R2=0.022, g_t_coef=+0.03863 (p=0.372)
  [oat_eta_scale_0.85] t=5 (28d left): mean Theta=-1.9793 seats, frac(deploy now)=0.974, basis R2=0.031, g_t_coef=-0.00974 (p=0.771)
  [oat_eta_scale_0.85] t=4 (42d left): mean Theta=-1.4143 seats, frac(deploy now)=0.926, basis R2=0.042, g_t_coef=-0.02011 (p=0.570)
  [oat_eta_scale_0.85] t=3 (56d left): mean Theta=-1.1011 seats, frac(deploy now)=0.870, basis R2=0.049, g_t_coef=-0.00896 (p=0.811)
  [oat_eta_scale_0.85] t=2 (70d left): mean Theta=-0.8468 seats, frac(deploy now)=0.802, basis R2=0.071, g_t_coef=-0.05136 (p=0.239)
  [oat_eta_scale_0.85] t=1 (84d left): mean Theta=-0.5651 seats, frac(deploy now)=0.692, basis R2=0.034, g_t_coef=-0.04343 (p=0.468)
  [oat_eta_scale_0.85] t=0 (98d left): mean Theta=-0.2775 seats, frac(deploy now)=0.572, basis R2=-0.000, g_t_coef=+0.00000 (p=nan)
  eta_scale=0.85: Theta(0)=-0.2775  (153.8s)
_ballot_last_names(2026): /Users/callumdoty/Desktop/Political Portfolio/data/raw/mit_elections/1976-2024-house.tab has no GEN-stage rows for 2026 (MIT MEDSL data lags the live cycle — its latest covered year is typically the prior completed election). The Senate/President-runner exclusion filter in load_candidate_disbursements() will be SKIPPED for this cycle: any House member's committee that disbursed >$10M while running for a different office will NOT be excluded from district totals until MIT's data catches up.
_ballot_last_names(2026): /Users/callumdoty/Desktop/Political Portfolio/data/raw/mit_elections/1976-2024-house.tab has no GEN-stage rows for 2026 (MIT MEDSL data lags the live cycle — its latest covered year is typically the prior completed election). The Senate/President-runner exclusion filter in load_candidate_disbursements() will be SKIPPED for this cycle: any House member's committee that disbursed >$10M while running for a different office will NOT be excluded from district totals until MIT's data catches up.
Dropping 11 races with no PVI: ['DC-00', 'GU-00', 'MI-14', 'MT-00', 'NY-29', 'PR-00', 'VI-00', 'GA-23', 'KS-00', 'MO-00', 'NY-27']
  [oat_eta_scale_1.0] computing terminal condition (forced deploy, 500 paths)...
  [oat_eta_scale_1.0] t=6 (14d left): mean Theta=-3.3622 seats, frac(deploy now)=0.998, basis R2=0.015, g_t_coef=+0.02326 (p=0.604)
  [oat_eta_scale_1.0] t=5 (28d left): mean Theta=-1.9478 seats, frac(deploy now)=0.966, basis R2=0.031, g_t_coef=-0.00905 (p=0.804)
  [oat_eta_scale_1.0] t=4 (42d left): mean Theta=-1.3931 seats, frac(deploy now)=0.898, basis R2=0.042, g_t_coef=-0.01730 (p=0.657)
  [oat_eta_scale_1.0] t=3 (56d left): mean Theta=-1.0742 seats, frac(deploy now)=0.826, basis R2=0.054, g_t_coef=-0.01007 (p=0.807)
  [oat_eta_scale_1.0] t=2 (70d left): mean Theta=-0.8130 seats, frac(deploy now)=0.764, basis R2=0.073, g_t_coef=-0.05706 (p=0.237)
  [oat_eta_scale_1.0] t=1 (84d left): mean Theta=-0.5232 seats, frac(deploy now)=0.648, basis R2=0.039, g_t_coef=-0.05593 (p=0.399)
  [oat_eta_scale_1.0] t=0 (98d left): mean Theta=-0.2160 seats, frac(deploy now)=0.544, basis R2=0.000, g_t_coef=+0.00000 (p=nan)
  eta_scale=1.00: Theta(0)=-0.2160  (154.5s)
_ballot_last_names(2026): /Users/callumdoty/Desktop/Political Portfolio/data/raw/mit_elections/1976-2024-house.tab has no GEN-stage rows for 2026 (MIT MEDSL data lags the live cycle — its latest covered year is typically the prior completed election). The Senate/President-runner exclusion filter in load_candidate_disbursements() will be SKIPPED for this cycle: any House member's committee that disbursed >$10M while running for a different office will NOT be excluded from district totals until MIT's data catches up.
_ballot_last_names(2026): /Users/callumdoty/Desktop/Political Portfolio/data/raw/mit_elections/1976-2024-house.tab has no GEN-stage rows for 2026 (MIT MEDSL data lags the live cycle — its latest covered year is typically the prior completed election). The Senate/President-runner exclusion filter in load_candidate_disbursements() will be SKIPPED for this cycle: any House member's committee that disbursed >$10M while running for a different office will NOT be excluded from district totals until MIT's data catches up.
Dropping 11 races with no PVI: ['DC-00', 'GU-00', 'MI-14', 'MT-00', 'NY-29', 'PR-00', 'VI-00', 'GA-23', 'KS-00', 'MO-00', 'NY-27']
  [oat_eta_scale_1.15] computing terminal condition (forced deploy, 500 paths)...
  [oat_eta_scale_1.15] t=6 (14d left): mean Theta=-3.2433 seats, frac(deploy now)=0.996, basis R2=0.018, g_t_coef=+0.02246 (p=0.624)
  [oat_eta_scale_1.15] t=5 (28d left): mean Theta=-1.9106 seats, frac(deploy now)=0.942, basis R2=0.034, g_t_coef=-0.00720 (p=0.854)
  [oat_eta_scale_1.15] t=4 (42d left): mean Theta=-1.3636 seats, frac(deploy now)=0.866, basis R2=0.045, g_t_coef=-0.01661 (p=0.693)
  [oat_eta_scale_1.15] t=3 (56d left): mean Theta=-1.0382 seats, frac(deploy now)=0.786, basis R2=0.060, g_t_coef=-0.01113 (p=0.803)
  [oat_eta_scale_1.15] t=2 (70d left): mean Theta=-0.7692 seats, frac(deploy now)=0.722, basis R2=0.079, g_t_coef=-0.06122 (p=0.242)
  [oat_eta_scale_1.15] t=1 (84d left): mean Theta=-0.4706 seats, frac(deploy now)=0.596, basis R2=0.045, g_t_coef=-0.07078 (p=0.327)
  [oat_eta_scale_1.15] t=0 (98d left): mean Theta=-0.1530 seats, frac(deploy now)=0.526, basis R2=0.000, g_t_coef=+0.00000 (p=nan)
  eta_scale=1.15: Theta(0)=-0.1530  (153.4s)
_ballot_last_names(2026): /Users/callumdoty/Desktop/Political Portfolio/data/raw/mit_elections/1976-2024-house.tab has no GEN-stage rows for 2026 (MIT MEDSL data lags the live cycle — its latest covered year is typically the prior completed election). The Senate/President-runner exclusion filter in load_candidate_disbursements() will be SKIPPED for this cycle: any House member's committee that disbursed >$10M while running for a different office will NOT be excluded from district totals until MIT's data catches up.
_ballot_last_names(2026): /Users/callumdoty/Desktop/Political Portfolio/data/raw/mit_elections/1976-2024-house.tab has no GEN-stage rows for 2026 (MIT MEDSL data lags the live cycle — its latest covered year is typically the prior completed election). The Senate/President-runner exclusion filter in load_candidate_disbursements() will be SKIPPED for this cycle: any House member's committee that disbursed >$10M while running for a different office will NOT be excluded from district totals until MIT's data catches up.
Dropping 11 races with no PVI: ['DC-00', 'GU-00', 'MI-14', 'MT-00', 'NY-29', 'PR-00', 'VI-00', 'GA-23', 'KS-00', 'MO-00', 'NY-27']
  [oat_eta_scale_1.3] computing terminal condition (forced deploy, 500 paths)...
  [oat_eta_scale_1.3] t=6 (14d left): mean Theta=-3.1228 seats, frac(deploy now)=0.994, basis R2=0.018, g_t_coef=+0.03852 (p=0.410)
  [oat_eta_scale_1.3] t=5 (28d left): mean Theta=-1.8639 seats, frac(deploy now)=0.920, basis R2=0.036, g_t_coef=-0.00588 (p=0.887)
  [oat_eta_scale_1.3] t=4 (42d left): mean Theta=-1.3258 seats, frac(deploy now)=0.816, basis R2=0.050, g_t_coef=-0.01786 (p=0.691)
  [oat_eta_scale_1.3] t=3 (56d left): mean Theta=-0.9918 seats, frac(deploy now)=0.740, basis R2=0.069, g_t_coef=-0.01242 (p=0.794)
  [oat_eta_scale_1.3] t=2 (70d left): mean Theta=-0.7143 seats, frac(deploy now)=0.674, basis R2=0.087, g_t_coef=-0.06547 (p=0.243)
  [oat_eta_scale_1.3] t=1 (84d left): mean Theta=-0.4080 seats, frac(deploy now)=0.576, basis R2=0.054, g_t_coef=-0.08551 (p=0.269)
  [oat_eta_scale_1.3] t=0 (98d left): mean Theta=-0.0872 seats, frac(deploy now)=0.498, basis R2=0.000, g_t_coef=+0.00000 (p=nan)
  eta_scale=1.30: Theta(0)=-0.0872  (150.3s)
_ballot_last_names(2026): /Users/callumdoty/Desktop/Political Portfolio/data/raw/mit_elections/1976-2024-house.tab has no GEN-stage rows for 2026 (MIT MEDSL data lags the live cycle — its latest covered year is typically the prior completed election). The Senate/President-runner exclusion filter in load_candidate_disbursements() will be SKIPPED for this cycle: any House member's committee that disbursed >$10M while running for a different office will NOT be excluded from district totals until MIT's data catches up.
_ballot_last_names(2026): /Users/callumdoty/Desktop/Political Portfolio/data/raw/mit_elections/1976-2024-house.tab has no GEN-stage rows for 2026 (MIT MEDSL data lags the live cycle — its latest covered year is typically the prior completed election). The Senate/President-runner exclusion filter in load_candidate_disbursements() will be SKIPPED for this cycle: any House member's committee that disbursed >$10M while running for a different office will NOT be excluded from district totals until MIT's data catches up.
Dropping 11 races with no PVI: ['DC-00', 'GU-00', 'MI-14', 'MT-00', 'NY-29', 'PR-00', 'VI-00', 'GA-23', 'KS-00', 'MO-00', 'NY-27']
  [oat_trickle_scale_0.6] computing terminal condition (forced deploy, 500 paths)...
  [oat_trickle_scale_0.6] t=6 (14d left): mean Theta=-3.1487 seats, frac(deploy now)=0.998, basis R2=0.026, g_t_coef=+0.04617 (p=0.305)
  [oat_trickle_scale_0.6] t=5 (28d left): mean Theta=-1.6953 seats, frac(deploy now)=0.946, basis R2=0.041, g_t_coef=+0.00816 (p=0.813)
  [oat_trickle_scale_0.6] t=4 (42d left): mean Theta=-1.1736 seats, frac(deploy now)=0.864, basis R2=0.056, g_t_coef=-0.01039 (p=0.766)
  [oat_trickle_scale_0.6] t=3 (56d left): mean Theta=-0.8682 seats, frac(deploy now)=0.788, basis R2=0.062, g_t_coef=-0.00420 (p=0.907)
  [oat_trickle_scale_0.6] t=2 (70d left): mean Theta=-0.6270 seats, frac(deploy now)=0.732, basis R2=0.077, g_t_coef=-0.04411 (p=0.280)
  [oat_trickle_scale_0.6] t=1 (84d left): mean Theta=-0.3883 seats, frac(deploy now)=0.626, basis R2=0.044, g_t_coef=-0.03353 (p=0.546)
  [oat_trickle_scale_0.6] t=0 (98d left): mean Theta=-0.2134 seats, frac(deploy now)=0.558, basis R2=0.000, g_t_coef=+0.00000 (p=nan)
  trickle_scale=0.60: Theta(0)=-0.2134  (151.7s)
_ballot_last_names(2026): /Users/callumdoty/Desktop/Political Portfolio/data/raw/mit_elections/1976-2024-house.tab has no GEN-stage rows for 2026 (MIT MEDSL data lags the live cycle — its latest covered year is typically the prior completed election). The Senate/President-runner exclusion filter in load_candidate_disbursements() will be SKIPPED for this cycle: any House member's committee that disbursed >$10M while running for a different office will NOT be excluded from district totals until MIT's data catches up.
_ballot_last_names(2026): /Users/callumdoty/Desktop/Political Portfolio/data/raw/mit_elections/1976-2024-house.tab has no GEN-stage rows for 2026 (MIT MEDSL data lags the live cycle — its latest covered year is typically the prior completed election). The Senate/President-runner exclusion filter in load_candidate_disbursements() will be SKIPPED for this cycle: any House member's committee that disbursed >$10M while running for a different office will NOT be excluded from district totals until MIT's data catches up.
Dropping 11 races with no PVI: ['DC-00', 'GU-00', 'MI-14', 'MT-00', 'NY-29', 'PR-00', 'VI-00', 'GA-23', 'KS-00', 'MO-00', 'NY-27']
  [oat_trickle_scale_0.8] computing terminal condition (forced deploy, 500 paths)...
  [oat_trickle_scale_0.8] t=6 (14d left): mean Theta=-3.2786 seats, frac(deploy now)=0.998, basis R2=0.018, g_t_coef=+0.02301 (p=0.611)
  [oat_trickle_scale_0.8] t=5 (28d left): mean Theta=-1.8291 seats, frac(deploy now)=0.958, basis R2=0.035, g_t_coef=-0.00180 (p=0.960)
  [oat_trickle_scale_0.8] t=4 (42d left): mean Theta=-1.2870 seats, frac(deploy now)=0.874, basis R2=0.048, g_t_coef=-0.01510 (p=0.682)
  [oat_trickle_scale_0.8] t=3 (56d left): mean Theta=-0.9769 seats, frac(deploy now)=0.810, basis R2=0.054, g_t_coef=-0.00839 (p=0.828)
  [oat_trickle_scale_0.8] t=2 (70d left): mean Theta=-0.7219 seats, frac(deploy now)=0.752, basis R2=0.074, g_t_coef=-0.05175 (p=0.246)
  [oat_trickle_scale_0.8] t=1 (84d left): mean Theta=-0.4545 seats, frac(deploy now)=0.638, basis R2=0.039, g_t_coef=-0.04703 (p=0.441)
  [oat_trickle_scale_0.8] t=0 (98d left): mean Theta=-0.2130 seats, frac(deploy now)=0.552, basis R2=0.000, g_t_coef=+0.00000 (p=nan)
  trickle_scale=0.80: Theta(0)=-0.2130  (149.4s)
_ballot_last_names(2026): /Users/callumdoty/Desktop/Political Portfolio/data/raw/mit_elections/1976-2024-house.tab has no GEN-stage rows for 2026 (MIT MEDSL data lags the live cycle — its latest covered year is typically the prior completed election). The Senate/President-runner exclusion filter in load_candidate_disbursements() will be SKIPPED for this cycle: any House member's committee that disbursed >$10M while running for a different office will NOT be excluded from district totals until MIT's data catches up.
_ballot_last_names(2026): /Users/callumdoty/Desktop/Political Portfolio/data/raw/mit_elections/1976-2024-house.tab has no GEN-stage rows for 2026 (MIT MEDSL data lags the live cycle — its latest covered year is typically the prior completed election). The Senate/President-runner exclusion filter in load_candidate_disbursements() will be SKIPPED for this cycle: any House member's committee that disbursed >$10M while running for a different office will NOT be excluded from district totals until MIT's data catches up.
Dropping 11 races with no PVI: ['DC-00', 'GU-00', 'MI-14', 'MT-00', 'NY-29', 'PR-00', 'VI-00', 'GA-23', 'KS-00', 'MO-00', 'NY-27']
  [oat_trickle_scale_1.0] computing terminal condition (forced deploy, 500 paths)...
  [oat_trickle_scale_1.0] t=6 (14d left): mean Theta=-3.3622 seats, frac(deploy now)=0.998, basis R2=0.015, g_t_coef=+0.02326 (p=0.604)
  [oat_trickle_scale_1.0] t=5 (28d left): mean Theta=-1.9478 seats, frac(deploy now)=0.966, basis R2=0.031, g_t_coef=-0.00905 (p=0.804)
  [oat_trickle_scale_1.0] t=4 (42d left): mean Theta=-1.3931 seats, frac(deploy now)=0.898, basis R2=0.042, g_t_coef=-0.01730 (p=0.657)
  [oat_trickle_scale_1.0] t=3 (56d left): mean Theta=-1.0742 seats, frac(deploy now)=0.826, basis R2=0.054, g_t_coef=-0.01007 (p=0.807)
  [oat_trickle_scale_1.0] t=2 (70d left): mean Theta=-0.8130 seats, frac(deploy now)=0.764, basis R2=0.073, g_t_coef=-0.05706 (p=0.237)
  [oat_trickle_scale_1.0] t=1 (84d left): mean Theta=-0.5232 seats, frac(deploy now)=0.648, basis R2=0.039, g_t_coef=-0.05593 (p=0.399)
  [oat_trickle_scale_1.0] t=0 (98d left): mean Theta=-0.2160 seats, frac(deploy now)=0.544, basis R2=0.000, g_t_coef=+0.00000 (p=nan)
  trickle_scale=1.00: Theta(0)=-0.2160  (142.4s)
_ballot_last_names(2026): /Users/callumdoty/Desktop/Political Portfolio/data/raw/mit_elections/1976-2024-house.tab has no GEN-stage rows for 2026 (MIT MEDSL data lags the live cycle — its latest covered year is typically the prior completed election). The Senate/President-runner exclusion filter in load_candidate_disbursements() will be SKIPPED for this cycle: any House member's committee that disbursed >$10M while running for a different office will NOT be excluded from district totals until MIT's data catches up.
_ballot_last_names(2026): /Users/callumdoty/Desktop/Political Portfolio/data/raw/mit_elections/1976-2024-house.tab has no GEN-stage rows for 2026 (MIT MEDSL data lags the live cycle — its latest covered year is typically the prior completed election). The Senate/President-runner exclusion filter in load_candidate_disbursements() will be SKIPPED for this cycle: any House member's committee that disbursed >$10M while running for a different office will NOT be excluded from district totals until MIT's data catches up.
Dropping 11 races with no PVI: ['DC-00', 'GU-00', 'MI-14', 'MT-00', 'NY-29', 'PR-00', 'VI-00', 'GA-23', 'KS-00', 'MO-00', 'NY-27']
  [oat_trickle_scale_1.2] computing terminal condition (forced deploy, 500 paths)...
  [oat_trickle_scale_1.2] t=6 (14d left): mean Theta=-3.4004 seats, frac(deploy now)=0.998, basis R2=0.010, g_t_coef=+0.01547 (p=0.729)
  [oat_trickle_scale_1.2] t=5 (28d left): mean Theta=-2.0507 seats, frac(deploy now)=0.972, basis R2=0.030, g_t_coef=-0.01276 (p=0.733)
  [oat_trickle_scale_1.2] t=4 (42d left): mean Theta=-1.4891 seats, frac(deploy now)=0.904, basis R2=0.038, g_t_coef=-0.01843 (p=0.651)
  [oat_trickle_scale_1.2] t=3 (56d left): mean Theta=-1.1605 seats, frac(deploy now)=0.838, basis R2=0.045, g_t_coef=-0.01222 (p=0.780)
  [oat_trickle_scale_1.2] t=2 (70d left): mean Theta=-0.8971 seats, frac(deploy now)=0.774, basis R2=0.069, g_t_coef=-0.06123 (p=0.235)
  [oat_trickle_scale_1.2] t=1 (84d left): mean Theta=-0.5946 seats, frac(deploy now)=0.660, basis R2=0.036, g_t_coef=-0.06468 (p=0.366)
  [oat_trickle_scale_1.2] t=0 (98d left): mean Theta=-0.2216 seats, frac(deploy now)=0.548, basis R2=0.000, g_t_coef=+0.00000 (p=nan)
  trickle_scale=1.20: Theta(0)=-0.2216  (142.2s)
_ballot_last_names(2026): /Users/callumdoty/Desktop/Political Portfolio/data/raw/mit_elections/1976-2024-house.tab has no GEN-stage rows for 2026 (MIT MEDSL data lags the live cycle — its latest covered year is typically the prior completed election). The Senate/President-runner exclusion filter in load_candidate_disbursements() will be SKIPPED for this cycle: any House member's committee that disbursed >$10M while running for a different office will NOT be excluded from district totals until MIT's data catches up.
_ballot_last_names(2026): /Users/callumdoty/Desktop/Political Portfolio/data/raw/mit_elections/1976-2024-house.tab has no GEN-stage rows for 2026 (MIT MEDSL data lags the live cycle — its latest covered year is typically the prior completed election). The Senate/President-runner exclusion filter in load_candidate_disbursements() will be SKIPPED for this cycle: any House member's committee that disbursed >$10M while running for a different office will NOT be excluded from district totals until MIT's data catches up.
Dropping 11 races with no PVI: ['DC-00', 'GU-00', 'MI-14', 'MT-00', 'NY-29', 'PR-00', 'VI-00', 'GA-23', 'KS-00', 'MO-00', 'NY-27']
  [oat_trickle_scale_1.4] computing terminal condition (forced deploy, 500 paths)...
  [oat_trickle_scale_1.4] t=6 (14d left): mean Theta=-3.5509 seats, frac(deploy now)=1.000, basis R2=0.015, g_t_coef=+0.01906 (p=0.673)
  [oat_trickle_scale_1.4] t=5 (28d left): mean Theta=-2.1436 seats, frac(deploy now)=0.978, basis R2=0.030, g_t_coef=-0.01551 (p=0.688)
  [oat_trickle_scale_1.4] t=4 (42d left): mean Theta=-1.5713 seats, frac(deploy now)=0.914, basis R2=0.036, g_t_coef=-0.01919 (p=0.651)
  [oat_trickle_scale_1.4] t=3 (56d left): mean Theta=-1.2416 seats, frac(deploy now)=0.848, basis R2=0.042, g_t_coef=-0.01284 (p=0.780)
  [oat_trickle_scale_1.4] t=2 (70d left): mean Theta=-0.9743 seats, frac(deploy now)=0.780, basis R2=0.068, g_t_coef=-0.06438 (p=0.238)
  [oat_trickle_scale_1.4] t=1 (84d left): mean Theta=-0.6666 seats, frac(deploy now)=0.664, basis R2=0.037, g_t_coef=-0.07147 (p=0.350)
  [oat_trickle_scale_1.4] t=0 (98d left): mean Theta=-0.2308 seats, frac(deploy now)=0.548, basis R2=0.000, g_t_coef=+0.00000 (p=nan)
  trickle_scale=1.40: Theta(0)=-0.2308  (142.6s)
_ballot_last_names(2026): /Users/callumdoty/Desktop/Political Portfolio/data/raw/mit_elections/1976-2024-house.tab has no GEN-stage rows for 2026 (MIT MEDSL data lags the live cycle — its latest covered year is typically the prior completed election). The Senate/President-runner exclusion filter in load_candidate_disbursements() will be SKIPPED for this cycle: any House member's committee that disbursed >$10M while running for a different office will NOT be excluded from district totals until MIT's data catches up.
_ballot_last_names(2026): /Users/callumdoty/Desktop/Political Portfolio/data/raw/mit_elections/1976-2024-house.tab has no GEN-stage rows for 2026 (MIT MEDSL data lags the live cycle — its latest covered year is typically the prior completed election). The Senate/President-runner exclusion filter in load_candidate_disbursements() will be SKIPPED for this cycle: any House member's committee that disbursed >$10M while running for a different office will NOT be excluded from district totals until MIT's data catches up.
Dropping 11 races with no PVI: ['DC-00', 'GU-00', 'MI-14', 'MT-00', 'NY-29', 'PR-00', 'VI-00', 'GA-23', 'KS-00', 'MO-00', 'NY-27']
  [oat_lambda_scale_0.85] computing terminal condition (forced deploy, 500 paths)...
  [oat_lambda_scale_0.85] t=6 (14d left): mean Theta=-3.0215 seats, frac(deploy now)=0.996, basis R2=0.018, g_t_coef=+0.02211 (p=0.622)
  [oat_lambda_scale_0.85] t=5 (28d left): mean Theta=-1.8540 seats, frac(deploy now)=0.952, basis R2=0.032, g_t_coef=-0.00980 (p=0.788)
  [oat_lambda_scale_0.85] t=4 (42d left): mean Theta=-1.3656 seats, frac(deploy now)=0.886, basis R2=0.040, g_t_coef=-0.02142 (p=0.584)
  [oat_lambda_scale_0.85] t=3 (56d left): mean Theta=-1.0775 seats, frac(deploy now)=0.820, basis R2=0.046, g_t_coef=-0.01409 (p=0.735)
  [oat_lambda_scale_0.85] t=2 (70d left): mean Theta=-0.8355 seats, frac(deploy now)=0.766, basis R2=0.067, g_t_coef=-0.06150 (p=0.209)
  [oat_lambda_scale_0.85] t=1 (84d left): mean Theta=-0.5570 seats, frac(deploy now)=0.646, basis R2=0.034, g_t_coef=-0.05826 (p=0.390)
  [oat_lambda_scale_0.85] t=0 (98d left): mean Theta=-0.2515 seats, frac(deploy now)=0.546, basis R2=0.000, g_t_coef=+0.00000 (p=nan)
  lambda_scale=0.85: Theta(0)=-0.2515  (149.9s)
_ballot_last_names(2026): /Users/callumdoty/Desktop/Political Portfolio/data/raw/mit_elections/1976-2024-house.tab has no GEN-stage rows for 2026 (MIT MEDSL data lags the live cycle — its latest covered year is typically the prior completed election). The Senate/President-runner exclusion filter in load_candidate_disbursements() will be SKIPPED for this cycle: any House member's committee that disbursed >$10M while running for a different office will NOT be excluded from district totals until MIT's data catches up.
_ballot_last_names(2026): /Users/callumdoty/Desktop/Political Portfolio/data/raw/mit_elections/1976-2024-house.tab has no GEN-stage rows for 2026 (MIT MEDSL data lags the live cycle — its latest covered year is typically the prior completed election). The Senate/President-runner exclusion filter in load_candidate_disbursements() will be SKIPPED for this cycle: any House member's committee that disbursed >$10M while running for a different office will NOT be excluded from district totals until MIT's data catches up.
Dropping 11 races with no PVI: ['DC-00', 'GU-00', 'MI-14', 'MT-00', 'NY-29', 'PR-00', 'VI-00', 'GA-23', 'KS-00', 'MO-00', 'NY-27']
  [oat_lambda_scale_1.0] computing terminal condition (forced deploy, 500 paths)...
  [oat_lambda_scale_1.0] t=6 (14d left): mean Theta=-3.3622 seats, frac(deploy now)=0.998, basis R2=0.015, g_t_coef=+0.02326 (p=0.604)
  [oat_lambda_scale_1.0] t=5 (28d left): mean Theta=-1.9478 seats, frac(deploy now)=0.966, basis R2=0.031, g_t_coef=-0.00905 (p=0.804)
  [oat_lambda_scale_1.0] t=4 (42d left): mean Theta=-1.3931 seats, frac(deploy now)=0.898, basis R2=0.042, g_t_coef=-0.01730 (p=0.657)
  [oat_lambda_scale_1.0] t=3 (56d left): mean Theta=-1.0742 seats, frac(deploy now)=0.826, basis R2=0.054, g_t_coef=-0.01007 (p=0.807)
  [oat_lambda_scale_1.0] t=2 (70d left): mean Theta=-0.8130 seats, frac(deploy now)=0.764, basis R2=0.073, g_t_coef=-0.05706 (p=0.237)
  [oat_lambda_scale_1.0] t=1 (84d left): mean Theta=-0.5232 seats, frac(deploy now)=0.648, basis R2=0.039, g_t_coef=-0.05593 (p=0.399)
  [oat_lambda_scale_1.0] t=0 (98d left): mean Theta=-0.2160 seats, frac(deploy now)=0.544, basis R2=0.000, g_t_coef=+0.00000 (p=nan)
  lambda_scale=1.00: Theta(0)=-0.2160  (151.2s)
_ballot_last_names(2026): /Users/callumdoty/Desktop/Political Portfolio/data/raw/mit_elections/1976-2024-house.tab has no GEN-stage rows for 2026 (MIT MEDSL data lags the live cycle — its latest covered year is typically the prior completed election). The Senate/President-runner exclusion filter in load_candidate_disbursements() will be SKIPPED for this cycle: any House member's committee that disbursed >$10M while running for a different office will NOT be excluded from district totals until MIT's data catches up.
_ballot_last_names(2026): /Users/callumdoty/Desktop/Political Portfolio/data/raw/mit_elections/1976-2024-house.tab has no GEN-stage rows for 2026 (MIT MEDSL data lags the live cycle — its latest covered year is typically the prior completed election). The Senate/President-runner exclusion filter in load_candidate_disbursements() will be SKIPPED for this cycle: any House member's committee that disbursed >$10M while running for a different office will NOT be excluded from district totals until MIT's data catches up.
Dropping 11 races with no PVI: ['DC-00', 'GU-00', 'MI-14', 'MT-00', 'NY-29', 'PR-00', 'VI-00', 'GA-23', 'KS-00', 'MO-00', 'NY-27']
  [oat_lambda_scale_1.15] computing terminal condition (forced deploy, 500 paths)...
  [oat_lambda_scale_1.15] t=6 (14d left): mean Theta=-3.6746 seats, frac(deploy now)=1.000, basis R2=0.015, g_t_coef=+0.02320 (p=0.605)
  [oat_lambda_scale_1.15] t=5 (28d left): mean Theta=-2.0182 seats, frac(deploy now)=0.968, basis R2=0.032, g_t_coef=-0.00704 (p=0.847)
  [oat_lambda_scale_1.15] t=4 (42d left): mean Theta=-1.4054 seats, frac(deploy now)=0.906, basis R2=0.044, g_t_coef=-0.01381 (p=0.721)
  [oat_lambda_scale_1.15] t=3 (56d left): mean Theta=-1.0599 seats, frac(deploy now)=0.826, basis R2=0.055, g_t_coef=-0.00487 (p=0.905)
  [oat_lambda_scale_1.15] t=2 (70d left): mean Theta=-0.7813 seats, frac(deploy now)=0.752, basis R2=0.081, g_t_coef=-0.05597 (p=0.237)
  [oat_lambda_scale_1.15] t=1 (84d left): mean Theta=-0.4852 seats, frac(deploy now)=0.632, basis R2=0.045, g_t_coef=-0.05524 (p=0.396)
  [oat_lambda_scale_1.15] t=0 (98d left): mean Theta=-0.1780 seats, frac(deploy now)=0.544, basis R2=0.000, g_t_coef=+0.00000 (p=nan)
  lambda_scale=1.15: Theta(0)=-0.1780  (151.0s)

=== Joint randomized sensitivity (80 draws, K=200) ===
_ballot_last_names(2026): /Users/callumdoty/Desktop/Political Portfolio/data/raw/mit_elections/1976-2024-house.tab has no GEN-stage rows for 2026 (MIT MEDSL data lags the live cycle — its latest covered year is typically the prior completed election). The Senate/President-runner exclusion filter in load_candidate_disbursements() will be SKIPPED for this cycle: any House member's committee that disbursed >$10M while running for a different office will NOT be excluded from district totals until MIT's data catches up.
_ballot_last_names(2026): /Users/callumdoty/Desktop/Political Portfolio/data/raw/mit_elections/1976-2024-house.tab has no GEN-stage rows for 2026 (MIT MEDSL data lags the live cycle — its latest covered year is typically the prior completed election). The Senate/President-runner exclusion filter in load_candidate_disbursements() will be SKIPPED for this cycle: any House member's committee that disbursed >$10M while running for a different office will NOT be excluded from district totals until MIT's data catches up.
Dropping 11 races with no PVI: ['DC-00', 'GU-00', 'MI-14', 'MT-00', 'NY-29', 'PR-00', 'VI-00', 'GA-23', 'KS-00', 'MO-00', 'NY-27']
  [joint_0] computing terminal condition (forced deploy, 200 paths)...
  [joint_0] t=6 (14d left): mean Theta=-3.4330 seats, frac(deploy now)=0.995, basis R2=0.013, g_t_coef=+0.02031 (p=0.784)
  [joint_0] t=5 (28d left): mean Theta=-1.9072 seats, frac(deploy now)=0.940, basis R2=0.080, g_t_coef=-0.06986 (p=0.298)
  [joint_0] t=4 (42d left): mean Theta=-1.2840 seats, frac(deploy now)=0.840, basis R2=0.074, g_t_coef=-0.03119 (p=0.634)
  [joint_0] t=3 (56d left): mean Theta=-0.9492 seats, frac(deploy now)=0.745, basis R2=0.071, g_t_coef=-0.08036 (p=0.296)
  [joint_0] t=2 (70d left): mean Theta=-0.6582 seats, frac(deploy now)=0.675, basis R2=0.076, g_t_coef=-0.05537 (p=0.524)
  [joint_0] t=1 (84d left): mean Theta=-0.4283 seats, frac(deploy now)=0.625, basis R2=0.055, g_t_coef=+0.15886 (p=0.156)
  [joint_0] t=0 (98d left): mean Theta=-0.1313 seats, frac(deploy now)=0.515, basis R2=-0.000, g_t_coef=+0.00000 (p=nan)
  draw 0: eta_scale=1.154 trickle_scale=0.926 lambda_scale=1.019 -> Theta(0)=-0.1313  (60.3s)
_ballot_last_names(2026): /Users/callumdoty/Desktop/Political Portfolio/data/raw/mit_elections/1976-2024-house.tab has no GEN-stage rows for 2026 (MIT MEDSL data lags the live cycle — its latest covered year is typically the prior completed election). The Senate/President-runner exclusion filter in load_candidate_disbursements() will be SKIPPED for this cycle: any House member's committee that disbursed >$10M while running for a different office will NOT be excluded from district totals until MIT's data catches up.
_ballot_last_names(2026): /Users/callumdoty/Desktop/Political Portfolio/data/raw/mit_elections/1976-2024-house.tab has no GEN-stage rows for 2026 (MIT MEDSL data lags the live cycle — its latest covered year is typically the prior completed election). The Senate/President-runner exclusion filter in load_candidate_disbursements() will be SKIPPED for this cycle: any House member's committee that disbursed >$10M while running for a different office will NOT be excluded from district totals until MIT's data catches up.
Dropping 11 races with no PVI: ['DC-00', 'GU-00', 'MI-14', 'MT-00', 'NY-29', 'PR-00', 'VI-00', 'GA-23', 'KS-00', 'MO-00', 'NY-27']
  [joint_1] computing terminal condition (forced deploy, 200 paths)...
  [joint_1] t=6 (14d left): mean Theta=-3.6755 seats, frac(deploy now)=1.000, basis R2=0.023, g_t_coef=+0.14438 (p=0.093)
  [joint_1] t=5 (28d left): mean Theta=-2.1366 seats, frac(deploy now)=0.970, basis R2=0.054, g_t_coef=+0.06245 (p=0.343)
  [joint_1] t=4 (42d left): mean Theta=-1.5072 seats, frac(deploy now)=0.920, basis R2=0.056, g_t_coef=+0.04577 (p=0.497)
  [joint_1] t=3 (56d left): mean Theta=-1.1536 seats, frac(deploy now)=0.855, basis R2=0.053, g_t_coef=+0.01391 (p=0.855)
  [joint_1] t=2 (70d left): mean Theta=-0.9073 seats, frac(deploy now)=0.795, basis R2=0.033, g_t_coef=+0.04585 (p=0.588)
  [joint_1] t=1 (84d left): mean Theta=-0.6165 seats, frac(deploy now)=0.695, basis R2=0.036, g_t_coef=+0.02994 (p=0.782)
  [joint_1] t=0 (98d left): mean Theta=-0.2440 seats, frac(deploy now)=0.520, basis R2=0.000, g_t_coef=+0.00000 (p=nan)
  draw 1: eta_scale=0.952 trickle_scale=1.234 lambda_scale=1.095 -> Theta(0)=-0.2440  (56.8s)
_ballot_last_names(2026): /Users/callumdoty/Desktop/Political Portfolio/data/raw/mit_elections/1976-2024-house.tab has no GEN-stage rows for 2026 (MIT MEDSL data lags the live cycle — its latest covered year is typically the prior completed election). The Senate/President-runner exclusion filter in load_candidate_disbursements() will be SKIPPED for this cycle: any House member's committee that disbursed >$10M while running for a different office will NOT be excluded from district totals until MIT's data catches up.
_ballot_last_names(2026): /Users/callumdoty/Desktop/Political Portfolio/data/raw/mit_elections/1976-2024-house.tab has no GEN-stage rows for 2026 (MIT MEDSL data lags the live cycle — its latest covered year is typically the prior completed election). The Senate/President-runner exclusion filter in load_candidate_disbursements() will be SKIPPED for this cycle: any House member's committee that disbursed >$10M while running for a different office will NOT be excluded from district totals until MIT's data catches up.
Dropping 11 races with no PVI: ['DC-00', 'GU-00', 'MI-14', 'MT-00', 'NY-29', 'PR-00', 'VI-00', 'GA-23', 'KS-00', 'MO-00', 'NY-27']
  [joint_2] computing terminal condition (forced deploy, 200 paths)...
  [joint_2] t=6 (14d left): mean Theta=-2.9065 seats, frac(deploy now)=0.990, basis R2=0.042, g_t_coef=-0.06087 (p=0.449)
  [joint_2] t=5 (28d left): mean Theta=-1.7502 seats, frac(deploy now)=0.945, basis R2=0.088, g_t_coef=-0.05125 (p=0.353)
  [joint_2] t=4 (42d left): mean Theta=-1.2148 seats, frac(deploy now)=0.870, basis R2=0.065, g_t_coef=-0.09068 (p=0.147)
  [joint_2] t=3 (56d left): mean Theta=-0.9046 seats, frac(deploy now)=0.795, basis R2=0.064, g_t_coef=-0.08565 (p=0.190)
  [joint_2] t=2 (70d left): mean Theta=-0.6836 seats, frac(deploy now)=0.750, basis R2=0.114, g_t_coef=-0.06160 (p=0.388)
  [joint_2] t=1 (84d left): mean Theta=-0.4328 seats, frac(deploy now)=0.655, basis R2=0.139, g_t_coef=+0.12214 (p=0.194)
  [joint_2] t=0 (98d left): mean Theta=-0.2319 seats, frac(deploy now)=0.560, basis R2=0.000, g_t_coef=+0.00000 (p=nan)
  draw 2: eta_scale=0.979 trickle_scale=0.739 lambda_scale=0.918 -> Theta(0)=-0.2319  (55.6s)
_ballot_last_names(2026): /Users/callumdoty/Desktop/Political Portfolio/data/raw/mit_elections/1976-2024-house.tab has no GEN-stage rows for 2026 (MIT MEDSL data lags the live cycle — its latest covered year is typically the prior completed election). The Senate/President-runner exclusion filter in load_candidate_disbursements() will be SKIPPED for this cycle: any House member's committee that disbursed >$10M while running for a different office will NOT be excluded from district totals until MIT's data catches up.
_ballot_last_names(2026): /Users/callumdoty/Desktop/Political Portfolio/data/raw/mit_elections/1976-2024-house.tab has no GEN-stage rows for 2026 (MIT MEDSL data lags the live cycle — its latest covered year is typically the prior completed election). The Senate/President-runner exclusion filter in load_candidate_disbursements() will be SKIPPED for this cycle: any House member's committee that disbursed >$10M while running for a different office will NOT be excluded from district totals until MIT's data catches up.
Dropping 11 races with no PVI: ['DC-00', 'GU-00', 'MI-14', 'MT-00', 'NY-29', 'PR-00', 'VI-00', 'GA-23', 'KS-00', 'MO-00', 'NY-27']
  [joint_3] computing terminal condition (forced deploy, 200 paths)...
  [joint_3] t=6 (14d left): mean Theta=-3.2664 seats, frac(deploy now)=0.995, basis R2=0.038, g_t_coef=-0.04203 (p=0.556)
  [joint_3] t=5 (28d left): mean Theta=-1.9757 seats, frac(deploy now)=0.965, basis R2=0.065, g_t_coef=-0.02554 (p=0.657)
  [joint_3] t=4 (42d left): mean Theta=-1.4032 seats, frac(deploy now)=0.860, basis R2=0.082, g_t_coef=+0.00660 (p=0.916)
  [joint_3] t=3 (56d left): mean Theta=-1.0874 seats, frac(deploy now)=0.785, basis R2=0.079, g_t_coef=+0.00536 (p=0.940)
  [joint_3] t=2 (70d left): mean Theta=-0.8349 seats, frac(deploy now)=0.715, basis R2=0.047, g_t_coef=-0.04773 (p=0.566)
  [joint_3] t=1 (84d left): mean Theta=-0.5444 seats, frac(deploy now)=0.645, basis R2=0.058, g_t_coef=+0.00972 (p=0.930)
  [joint_3] t=0 (98d left): mean Theta=-0.1685 seats, frac(deploy now)=0.510, basis R2=0.000, g_t_coef=+0.00000 (p=nan)
  draw 3: eta_scale=1.029 trickle_scale=1.119 lambda_scale=0.881 -> Theta(0)=-0.1685  (54.6s)
_ballot_last_names(2026): /Users/callumdoty/Desktop/Political Portfolio/data/raw/mit_elections/1976-2024-house.tab has no GEN-stage rows for 2026 (MIT MEDSL data lags the live cycle — its latest covered year is typically the prior completed election). The Senate/President-runner exclusion filter in load_candidate_disbursements() will be SKIPPED for this cycle: any House member's committee that disbursed >$10M while running for a different office will NOT be excluded from district totals until MIT's data catches up.
_ballot_last_names(2026): /Users/callumdoty/Desktop/Political Portfolio/data/raw/mit_elections/1976-2024-house.tab has no GEN-stage rows for 2026 (MIT MEDSL data lags the live cycle — its latest covered year is typically the prior completed election). The Senate/President-runner exclusion filter in load_candidate_disbursements() will be SKIPPED for this cycle: any House member's committee that disbursed >$10M while running for a different office will NOT be excluded from district totals until MIT's data catches up.
Dropping 11 races with no PVI: ['DC-00', 'GU-00', 'MI-14', 'MT-00', 'NY-29', 'PR-00', 'VI-00', 'GA-23', 'KS-00', 'MO-00', 'NY-27']
  [joint_4] computing terminal condition (forced deploy, 200 paths)...
  [joint_4] t=6 (14d left): mean Theta=-3.1190 seats, frac(deploy now)=0.995, basis R2=0.072, g_t_coef=+0.06933 (p=0.372)
  [joint_4] t=5 (28d left): mean Theta=-1.7934 seats, frac(deploy now)=0.940, basis R2=0.073, g_t_coef=+0.09518 (p=0.103)
  [joint_4] t=4 (42d left): mean Theta=-1.2610 seats, frac(deploy now)=0.875, basis R2=0.083, g_t_coef=+0.08543 (p=0.118)
  [joint_4] t=3 (56d left): mean Theta=-0.9012 seats, frac(deploy now)=0.820, basis R2=0.100, g_t_coef=+0.11072 (p=0.052)
  [joint_4] t=2 (70d left): mean Theta=-0.6967 seats, frac(deploy now)=0.745, basis R2=0.065, g_t_coef=+0.09754 (p=0.141)
  [joint_4] t=1 (84d left): mean Theta=-0.4396 seats, frac(deploy now)=0.655, basis R2=0.056, g_t_coef=+0.10373 (p=0.241)
  [joint_4] t=0 (98d left): mean Theta=-0.2485 seats, frac(deploy now)=0.565, basis R2=0.000, g_t_coef=+0.00000 (p=nan)
  draw 4: eta_scale=0.945 trickle_scale=0.728 lambda_scale=0.992 -> Theta(0)=-0.2485  (53.8s)
_ballot_last_names(2026): /Users/callumdoty/Desktop/Political Portfolio/data/raw/mit_elections/1976-2024-house.tab has no GEN-stage rows for 2026 (MIT MEDSL data lags the live cycle — its latest covered year is typically the prior completed election). The Senate/President-runner exclusion filter in load_candidate_disbursements() will be SKIPPED for this cycle: any House member's committee that disbursed >$10M while running for a different office will NOT be excluded from district totals until MIT's data catches up.
_ballot_last_names(2026): /Users/callumdoty/Desktop/Political Portfolio/data/raw/mit_elections/1976-2024-house.tab has no GEN-stage rows for 2026 (MIT MEDSL data lags the live cycle — its latest covered year is typically the prior completed election). The Senate/President-runner exclusion filter in load_candidate_disbursements() will be SKIPPED for this cycle: any House member's committee that disbursed >$10M while running for a different office will NOT be excluded from district totals until MIT's data catches up.
Dropping 11 races with no PVI: ['DC-00', 'GU-00', 'MI-14', 'MT-00', 'NY-29', 'PR-00', 'VI-00', 'GA-23', 'KS-00', 'MO-00', 'NY-27']
  [joint_5] computing terminal condition (forced deploy, 200 paths)...
  [joint_5] t=6 (14d left): mean Theta=-3.6363 seats, frac(deploy now)=1.000, basis R2=0.031, g_t_coef=-0.15306 (p=0.036)
  [joint_5] t=5 (28d left): mean Theta=-1.9282 seats, frac(deploy now)=0.960, basis R2=0.060, g_t_coef=-0.03470 (p=0.496)
  [joint_5] t=4 (42d left): mean Theta=-1.2660 seats, frac(deploy now)=0.900, basis R2=0.078, g_t_coef=-0.01567 (p=0.767)
  [joint_5] t=3 (56d left): mean Theta=-0.9545 seats, frac(deploy now)=0.850, basis R2=0.090, g_t_coef=-0.00470 (p=0.926)
  [joint_5] t=2 (70d left): mean Theta=-0.7456 seats, frac(deploy now)=0.795, basis R2=0.109, g_t_coef=+0.01594 (p=0.765)
  [joint_5] t=1 (84d left): mean Theta=-0.4875 seats, frac(deploy now)=0.685, basis R2=0.067, g_t_coef=-0.00393 (p=0.958)
  [joint_5] t=0 (98d left): mean Theta=-0.2666 seats, frac(deploy now)=0.615, basis R2=0.000, g_t_coef=+0.00000 (p=nan)
  draw 5: eta_scale=0.731 trickle_scale=0.741 lambda_scale=1.069 -> Theta(0)=-0.2666  (53.8s)
_ballot_last_names(2026): /Users/callumdoty/Desktop/Political Portfolio/data/raw/mit_elections/1976-2024-house.tab has no GEN-stage rows for 2026 (MIT MEDSL data lags the live cycle — its latest covered year is typically the prior completed election). The Senate/President-runner exclusion filter in load_candidate_disbursements() will be SKIPPED for this cycle: any House member's committee that disbursed >$10M while running for a different office will NOT be excluded from district totals until MIT's data catches up.
_ballot_last_names(2026): /Users/callumdoty/Desktop/Political Portfolio/data/raw/mit_elections/1976-2024-house.tab has no GEN-stage rows for 2026 (MIT MEDSL data lags the live cycle — its latest covered year is typically the prior completed election). The Senate/President-runner exclusion filter in load_candidate_disbursements() will be SKIPPED for this cycle: any House member's committee that disbursed >$10M while running for a different office will NOT be excluded from district totals until MIT's data catches up.
Dropping 11 races with no PVI: ['DC-00', 'GU-00', 'MI-14', 'MT-00', 'NY-29', 'PR-00', 'VI-00', 'GA-23', 'KS-00', 'MO-00', 'NY-27']
  [joint_6] computing terminal condition (forced deploy, 200 paths)...
  [joint_6] t=6 (14d left): mean Theta=-3.4619 seats, frac(deploy now)=1.000, basis R2=0.057, g_t_coef=+0.08914 (p=0.238)
  [joint_6] t=5 (28d left): mean Theta=-1.9966 seats, frac(deploy now)=1.000, basis R2=0.138, g_t_coef=+0.07366 (p=0.135)
  [joint_6] t=4 (42d left): mean Theta=-1.3998 seats, frac(deploy now)=0.970, basis R2=0.137, g_t_coef=+0.02489 (p=0.638)
  [joint_6] t=3 (56d left): mean Theta=-1.0375 seats, frac(deploy now)=0.900, basis R2=0.089, g_t_coef=+0.01980 (p=0.744)
  [joint_6] t=2 (70d left): mean Theta=-0.7957 seats, frac(deploy now)=0.840, basis R2=0.133, g_t_coef=+0.02624 (p=0.649)
  [joint_6] t=1 (84d left): mean Theta=-0.5721 seats, frac(deploy now)=0.805, basis R2=0.106, g_t_coef=-0.01046 (p=0.884)
  [joint_6] t=0 (98d left): mean Theta=-0.3220 seats, frac(deploy now)=0.635, basis R2=-0.000, g_t_coef=+0.00000 (p=nan)
  draw 6: eta_scale=0.741 trickle_scale=0.894 lambda_scale=1.051 -> Theta(0)=-0.3220  (54.3s)
_ballot_last_names(2026): /Users/callumdoty/Desktop/Political Portfolio/data/raw/mit_elections/1976-2024-house.tab has no GEN-stage rows for 2026 (MIT MEDSL data lags the live cycle — its latest covered year is typically the prior completed election). The Senate/President-runner exclusion filter in load_candidate_disbursements() will be SKIPPED for this cycle: any House member's committee that disbursed >$10M while running for a different office will NOT be excluded from district totals until MIT's data catches up.
_ballot_last_names(2026): /Users/callumdoty/Desktop/Political Portfolio/data/raw/mit_elections/1976-2024-house.tab has no GEN-stage rows for 2026 (MIT MEDSL data lags the live cycle — its latest covered year is typically the prior completed election). The Senate/President-runner exclusion filter in load_candidate_disbursements() will be SKIPPED for this cycle: any House member's committee that disbursed >$10M while running for a different office will NOT be excluded from district totals until MIT's data catches up.
Dropping 11 races with no PVI: ['DC-00', 'GU-00', 'MI-14', 'MT-00', 'NY-29', 'PR-00', 'VI-00', 'GA-23', 'KS-00', 'MO-00', 'NY-27']
  [joint_7] computing terminal condition (forced deploy, 200 paths)...
  [joint_7] t=6 (14d left): mean Theta=-3.3109 seats, frac(deploy now)=1.000, basis R2=0.025, g_t_coef=+0.04490 (p=0.572)
  [joint_7] t=5 (28d left): mean Theta=-1.9957 seats, frac(deploy now)=0.950, basis R2=0.022, g_t_coef=+0.02112 (p=0.776)
  [joint_7] t=4 (42d left): mean Theta=-1.4356 seats, frac(deploy now)=0.840, basis R2=0.017, g_t_coef=+0.02836 (p=0.719)
  [joint_7] t=3 (56d left): mean Theta=-1.0551 seats, frac(deploy now)=0.755, basis R2=0.037, g_t_coef=-0.01820 (p=0.823)
  [joint_7] t=2 (70d left): mean Theta=-0.7306 seats, frac(deploy now)=0.635, basis R2=0.032, g_t_coef=-0.01442 (p=0.877)
  [joint_7] t=1 (84d left): mean Theta=-0.4214 seats, frac(deploy now)=0.585, basis R2=0.028, g_t_coef=-0.07472 (p=0.546)
  [joint_7] t=0 (98d left): mean Theta=-0.0530 seats, frac(deploy now)=0.435, basis R2=-0.000, g_t_coef=+0.00000 (p=nan)
  draw 7: eta_scale=1.200 trickle_scale=1.162 lambda_scale=1.018 -> Theta(0)=-0.0530  (54.1s)
_ballot_last_names(2026): /Users/callumdoty/Desktop/Political Portfolio/data/raw/mit_elections/1976-2024-house.tab has no GEN-stage rows for 2026 (MIT MEDSL data lags the live cycle — its latest covered year is typically the prior completed election). The Senate/President-runner exclusion filter in load_candidate_disbursements() will be SKIPPED for this cycle: any House member's committee that disbursed >$10M while running for a different office will NOT be excluded from district totals until MIT's data catches up.
_ballot_last_names(2026): /Users/callumdoty/Desktop/Political Portfolio/data/raw/mit_elections/1976-2024-house.tab has no GEN-stage rows for 2026 (MIT MEDSL data lags the live cycle — its latest covered year is typically the prior completed election). The Senate/President-runner exclusion filter in load_candidate_disbursements() will be SKIPPED for this cycle: any House member's committee that disbursed >$10M while running for a different office will NOT be excluded from district totals until MIT's data catches up.
Dropping 11 races with no PVI: ['DC-00', 'GU-00', 'MI-14', 'MT-00', 'NY-29', 'PR-00', 'VI-00', 'GA-23', 'KS-00', 'MO-00', 'NY-27']
  [joint_8] computing terminal condition (forced deploy, 200 paths)...
  [joint_8] t=6 (14d left): mean Theta=-2.9280 seats, frac(deploy now)=0.995, basis R2=0.047, g_t_coef=+0.20084 (p=0.009)
  [joint_8] t=5 (28d left): mean Theta=-1.7807 seats, frac(deploy now)=0.925, basis R2=0.063, g_t_coef=+0.12268 (p=0.060)
  [joint_8] t=4 (42d left): mean Theta=-1.3201 seats, frac(deploy now)=0.835, basis R2=0.062, g_t_coef=+0.11675 (p=0.097)
  [joint_8] t=3 (56d left): mean Theta=-0.9745 seats, frac(deploy now)=0.750, basis R2=0.060, g_t_coef=+0.19462 (p=0.012)
  [joint_8] t=2 (70d left): mean Theta=-0.6870 seats, frac(deploy now)=0.680, basis R2=0.066, g_t_coef=+0.27657 (p=0.002)
  [joint_8] t=1 (84d left): mean Theta=-0.4691 seats, frac(deploy now)=0.610, basis R2=0.045, g_t_coef=+0.24504 (p=0.030)
  [joint_8] t=0 (98d left): mean Theta=-0.1605 seats, frac(deploy now)=0.480, basis R2=-0.000, g_t_coef=+0.00000 (p=nan)
  draw 8: eta_scale=1.240 trickle_scale=0.935 lambda_scale=0.933 -> Theta(0)=-0.1605  (54.1s)
_ballot_last_names(2026): /Users/callumdoty/Desktop/Political Portfolio/data/raw/mit_elections/1976-2024-house.tab has no GEN-stage rows for 2026 (MIT MEDSL data lags the live cycle — its latest covered year is typically the prior completed election). The Senate/President-runner exclusion filter in load_candidate_disbursements() will be SKIPPED for this cycle: any House member's committee that disbursed >$10M while running for a different office will NOT be excluded from district totals until MIT's data catches up.
_ballot_last_names(2026): /Users/callumdoty/Desktop/Political Portfolio/data/raw/mit_elections/1976-2024-house.tab has no GEN-stage rows for 2026 (MIT MEDSL data lags the live cycle — its latest covered year is typically the prior completed election). The Senate/President-runner exclusion filter in load_candidate_disbursements() will be SKIPPED for this cycle: any House member's committee that disbursed >$10M while running for a different office will NOT be excluded from district totals until MIT's data catches up.
Dropping 11 races with no PVI: ['DC-00', 'GU-00', 'MI-14', 'MT-00', 'NY-29', 'PR-00', 'VI-00', 'GA-23', 'KS-00', 'MO-00', 'NY-27']
  [joint_9] computing terminal condition (forced deploy, 200 paths)...
  [joint_9] t=6 (14d left): mean Theta=-3.0900 seats, frac(deploy now)=0.985, basis R2=0.022, g_t_coef=+0.03660 (p=0.622)
  [joint_9] t=5 (28d left): mean Theta=-1.8459 seats, frac(deploy now)=0.930, basis R2=0.071, g_t_coef=-0.10103 (p=0.120)
  [joint_9] t=4 (42d left): mean Theta=-1.2275 seats, frac(deploy now)=0.835, basis R2=0.077, g_t_coef=-0.09659 (p=0.174)
  [joint_9] t=3 (56d left): mean Theta=-0.8835 seats, frac(deploy now)=0.725, basis R2=0.085, g_t_coef=-0.13085 (p=0.082)
  [joint_9] t=2 (70d left): mean Theta=-0.6045 seats, frac(deploy now)=0.615, basis R2=0.096, g_t_coef=-0.17611 (p=0.054)
  [joint_9] t=1 (84d left): mean Theta=-0.3176 seats, frac(deploy now)=0.500, basis R2=0.110, g_t_coef=-0.38107 (p=0.002)
  [joint_9] t=0 (98d left): mean Theta=-0.0342 seats, frac(deploy now)=0.445, basis R2=-0.000, g_t_coef=+0.00000 (p=nan)
  draw 9: eta_scale=1.278 trickle_scale=0.874 lambda_scale=0.992 -> Theta(0)=-0.0342  (56.4s)
_ballot_last_names(2026): /Users/callumdoty/Desktop/Political Portfolio/data/raw/mit_elections/1976-2024-house.tab has no GEN-stage rows for 2026 (MIT MEDSL data lags the live cycle — its latest covered year is typically the prior completed election). The Senate/President-runner exclusion filter in load_candidate_disbursements() will be SKIPPED for this cycle: any House member's committee that disbursed >$10M while running for a different office will NOT be excluded from district totals until MIT's data catches up.
_ballot_last_names(2026): /Users/callumdoty/Desktop/Political Portfolio/data/raw/mit_elections/1976-2024-house.tab has no GEN-stage rows for 2026 (MIT MEDSL data lags the live cycle — its latest covered year is typically the prior completed election). The Senate/President-runner exclusion filter in load_candidate_disbursements() will be SKIPPED for this cycle: any House member's committee that disbursed >$10M while running for a different office will NOT be excluded from district totals until MIT's data catches up.
Dropping 11 races with no PVI: ['DC-00', 'GU-00', 'MI-14', 'MT-00', 'NY-29', 'PR-00', 'VI-00', 'GA-23', 'KS-00', 'MO-00', 'NY-27']
  [joint_10] computing terminal condition (forced deploy, 200 paths)...
  [joint_10] t=6 (14d left): mean Theta=-3.4491 seats, frac(deploy now)=0.995, basis R2=0.030, g_t_coef=-0.10937 (p=0.142)
  [joint_10] t=5 (28d left): mean Theta=-1.9576 seats, frac(deploy now)=0.940, basis R2=0.070, g_t_coef=-0.10769 (p=0.056)
  [joint_10] t=4 (42d left): mean Theta=-1.3515 seats, frac(deploy now)=0.870, basis R2=0.077, g_t_coef=-0.10058 (p=0.083)
  [joint_10] t=3 (56d left): mean Theta=-0.9681 seats, frac(deploy now)=0.795, basis R2=0.080, g_t_coef=-0.06616 (p=0.297)
  [joint_10] t=2 (70d left): mean Theta=-0.7308 seats, frac(deploy now)=0.740, basis R2=0.063, g_t_coef=-0.04608 (p=0.547)
  [joint_10] t=1 (84d left): mean Theta=-0.4849 seats, frac(deploy now)=0.655, basis R2=0.051, g_t_coef=-0.19606 (p=0.039)
  [joint_10] t=0 (98d left): mean Theta=-0.2093 seats, frac(deploy now)=0.545, basis R2=0.000, g_t_coef=+0.00000 (p=nan)
  draw 10: eta_scale=0.998 trickle_scale=0.941 lambda_scale=1.091 -> Theta(0)=-0.2093  (61.1s)
_ballot_last_names(2026): /Users/callumdoty/Desktop/Political Portfolio/data/raw/mit_elections/1976-2024-house.tab has no GEN-stage rows for 2026 (MIT MEDSL data lags the live cycle — its latest covered year is typically the prior completed election). The Senate/President-runner exclusion filter in load_candidate_disbursements() will be SKIPPED for this cycle: any House member's committee that disbursed >$10M while running for a different office will NOT be excluded from district totals until MIT's data catches up.
_ballot_last_names(2026): /Users/callumdoty/Desktop/Political Portfolio/data/raw/mit_elections/1976-2024-house.tab has no GEN-stage rows for 2026 (MIT MEDSL data lags the live cycle — its latest covered year is typically the prior completed election). The Senate/President-runner exclusion filter in load_candidate_disbursements() will be SKIPPED for this cycle: any House member's committee that disbursed >$10M while running for a different office will NOT be excluded from district totals until MIT's data catches up.
Dropping 11 races with no PVI: ['DC-00', 'GU-00', 'MI-14', 'MT-00', 'NY-29', 'PR-00', 'VI-00', 'GA-23', 'KS-00', 'MO-00', 'NY-27']
  [joint_11] computing terminal condition (forced deploy, 200 paths)...
  [joint_11] t=6 (14d left): mean Theta=-3.0725 seats, frac(deploy now)=0.990, basis R2=0.028, g_t_coef=-0.04628 (p=0.582)
  [joint_11] t=5 (28d left): mean Theta=-1.8283 seats, frac(deploy now)=0.910, basis R2=0.043, g_t_coef=+0.00925 (p=0.899)
  [joint_11] t=4 (42d left): mean Theta=-1.2161 seats, frac(deploy now)=0.815, basis R2=0.074, g_t_coef=+0.02892 (p=0.721)
  [joint_11] t=3 (56d left): mean Theta=-0.9082 seats, frac(deploy now)=0.750, basis R2=0.178, g_t_coef=-0.01846 (p=0.801)
  [joint_11] t=2 (70d left): mean Theta=-0.6198 seats, frac(deploy now)=0.670, basis R2=0.148, g_t_coef=+0.02478 (p=0.774)
  [joint_11] t=1 (84d left): mean Theta=-0.3977 seats, frac(deploy now)=0.590, basis R2=0.099, g_t_coef=-0.04181 (p=0.715)
  [joint_11] t=0 (98d left): mean Theta=-0.1707 seats, frac(deploy now)=0.505, basis R2=0.000, g_t_coef=+0.00000 (p=nan)
  draw 11: eta_scale=1.294 trickle_scale=0.826 lambda_scale=1.016 -> Theta(0)=-0.1707  (57.8s)
_ballot_last_names(2026): /Users/callumdoty/Desktop/Political Portfolio/data/raw/mit_elections/1976-2024-house.tab has no GEN-stage rows for 2026 (MIT MEDSL data lags the live cycle — its latest covered year is typically the prior completed election). The Senate/President-runner exclusion filter in load_candidate_disbursements() will be SKIPPED for this cycle: any House member's committee that disbursed >$10M while running for a different office will NOT be excluded from district totals until MIT's data catches up.
_ballot_last_names(2026): /Users/callumdoty/Desktop/Political Portfolio/data/raw/mit_elections/1976-2024-house.tab has no GEN-stage rows for 2026 (MIT MEDSL data lags the live cycle — its latest covered year is typically the prior completed election). The Senate/President-runner exclusion filter in load_candidate_disbursements() will be SKIPPED for this cycle: any House member's committee that disbursed >$10M while running for a different office will NOT be excluded from district totals until MIT's data catches up.
Dropping 11 races with no PVI: ['DC-00', 'GU-00', 'MI-14', 'MT-00', 'NY-29', 'PR-00', 'VI-00', 'GA-23', 'KS-00', 'MO-00', 'NY-27']
  [joint_12] computing terminal condition (forced deploy, 200 paths)...
  [joint_12] t=6 (14d left): mean Theta=-3.4837 seats, frac(deploy now)=1.000, basis R2=0.011, g_t_coef=-0.01496 (p=0.857)
  [joint_12] t=5 (28d left): mean Theta=-1.9865 seats, frac(deploy now)=0.975, basis R2=0.020, g_t_coef=-0.02796 (p=0.671)
  [joint_12] t=4 (42d left): mean Theta=-1.4075 seats, frac(deploy now)=0.845, basis R2=0.013, g_t_coef=+0.01478 (p=0.842)
  [joint_12] t=3 (56d left): mean Theta=-1.0493 seats, frac(deploy now)=0.790, basis R2=0.020, g_t_coef=+0.01842 (p=0.819)
  [joint_12] t=2 (70d left): mean Theta=-0.7504 seats, frac(deploy now)=0.680, basis R2=0.011, g_t_coef=-0.00160 (p=0.985)
  [joint_12] t=1 (84d left): mean Theta=-0.4966 seats, frac(deploy now)=0.605, basis R2=0.012, g_t_coef=+0.02768 (p=0.807)
  [joint_12] t=0 (98d left): mean Theta=-0.1626 seats, frac(deploy now)=0.525, basis R2=0.000, g_t_coef=+0.00000 (p=nan)
  draw 12: eta_scale=1.025 trickle_scale=1.044 lambda_scale=1.032 -> Theta(0)=-0.1626  (59.6s)
_ballot_last_names(2026): /Users/callumdoty/Desktop/Political Portfolio/data/raw/mit_elections/1976-2024-house.tab has no GEN-stage rows for 2026 (MIT MEDSL data lags the live cycle — its latest covered year is typically the prior completed election). The Senate/President-runner exclusion filter in load_candidate_disbursements() will be SKIPPED for this cycle: any House member's committee that disbursed >$10M while running for a different office will NOT be excluded from district totals until MIT's data catches up.
_ballot_last_names(2026): /Users/callumdoty/Desktop/Political Portfolio/data/raw/mit_elections/1976-2024-house.tab has no GEN-stage rows for 2026 (MIT MEDSL data lags the live cycle — its latest covered year is typically the prior completed election). The Senate/President-runner exclusion filter in load_candidate_disbursements() will be SKIPPED for this cycle: any House member's committee that disbursed >$10M while running for a different office will NOT be excluded from district totals until MIT's data catches up.
Dropping 11 races with no PVI: ['DC-00', 'GU-00', 'MI-14', 'MT-00', 'NY-29', 'PR-00', 'VI-00', 'GA-23', 'KS-00', 'MO-00', 'NY-27']
  [joint_13] computing terminal condition (forced deploy, 200 paths)...
  [joint_13] t=6 (14d left): mean Theta=-2.8542 seats, frac(deploy now)=0.990, basis R2=0.022, g_t_coef=+0.00461 (p=0.950)
  [joint_13] t=5 (28d left): mean Theta=-1.8798 seats, frac(deploy now)=0.940, basis R2=0.101, g_t_coef=-0.14806 (p=0.011)
  [joint_13] t=4 (42d left): mean Theta=-1.4395 seats, frac(deploy now)=0.865, basis R2=0.067, g_t_coef=-0.15035 (p=0.019)
  [joint_13] t=3 (56d left): mean Theta=-1.1043 seats, frac(deploy now)=0.780, basis R2=0.044, g_t_coef=-0.14600 (p=0.041)
  [joint_13] t=2 (70d left): mean Theta=-0.8273 seats, frac(deploy now)=0.710, basis R2=0.097, g_t_coef=-0.19962 (p=0.011)
  [joint_13] t=1 (84d left): mean Theta=-0.5732 seats, frac(deploy now)=0.650, basis R2=0.102, g_t_coef=-0.27713 (p=0.015)
  [joint_13] t=0 (98d left): mean Theta=-0.2013 seats, frac(deploy now)=0.515, basis R2=0.000, g_t_coef=+0.00000 (p=nan)
  draw 13: eta_scale=1.087 trickle_scale=1.161 lambda_scale=0.853 -> Theta(0)=-0.2013  (56.9s)
_ballot_last_names(2026): /Users/callumdoty/Desktop/Political Portfolio/data/raw/mit_elections/1976-2024-house.tab has no GEN-stage rows for 2026 (MIT MEDSL data lags the live cycle — its latest covered year is typically the prior completed election). The Senate/President-runner exclusion filter in load_candidate_disbursements() will be SKIPPED for this cycle: any House member's committee that disbursed >$10M while running for a different office will NOT be excluded from district totals until MIT's data catches up.
_ballot_last_names(2026): /Users/callumdoty/Desktop/Political Portfolio/data/raw/mit_elections/1976-2024-house.tab has no GEN-stage rows for 2026 (MIT MEDSL data lags the live cycle — its latest covered year is typically the prior completed election). The Senate/President-runner exclusion filter in load_candidate_disbursements() will be SKIPPED for this cycle: any House member's committee that disbursed >$10M while running for a different office will NOT be excluded from district totals until MIT's data catches up.
Dropping 11 races with no PVI: ['DC-00', 'GU-00', 'MI-14', 'MT-00', 'NY-29', 'PR-00', 'VI-00', 'GA-23', 'KS-00', 'MO-00', 'NY-27']
  [joint_14] computing terminal condition (forced deploy, 200 paths)...
  [joint_14] t=6 (14d left): mean Theta=-2.9329 seats, frac(deploy now)=0.990, basis R2=0.019, g_t_coef=-0.04078 (p=0.607)
  [joint_14] t=5 (28d left): mean Theta=-1.9255 seats, frac(deploy now)=0.930, basis R2=0.033, g_t_coef=-0.14956 (p=0.049)
  [joint_14] t=4 (42d left): mean Theta=-1.4619 seats, frac(deploy now)=0.850, basis R2=0.025, g_t_coef=-0.08947 (p=0.297)
  [joint_14] t=3 (56d left): mean Theta=-1.1405 seats, frac(deploy now)=0.770, basis R2=0.044, g_t_coef=-0.00806 (p=0.929)
  [joint_14] t=2 (70d left): mean Theta=-0.8694 seats, frac(deploy now)=0.680, basis R2=0.013, g_t_coef=+0.08448 (p=0.407)
  [joint_14] t=1 (84d left): mean Theta=-0.5902 seats, frac(deploy now)=0.615, basis R2=0.037, g_t_coef=+0.14825 (p=0.241)
  [joint_14] t=0 (98d left): mean Theta=-0.1981 seats, frac(deploy now)=0.475, basis R2=0.000, g_t_coef=+0.00000 (p=nan)
  draw 14: eta_scale=1.195 trickle_scale=1.377 lambda_scale=0.869 -> Theta(0)=-0.1981  (56.8s)
_ballot_last_names(2026): /Users/callumdoty/Desktop/Political Portfolio/data/raw/mit_elections/1976-2024-house.tab has no GEN-stage rows for 2026 (MIT MEDSL data lags the live cycle — its latest covered year is typically the prior completed election). The Senate/President-runner exclusion filter in load_candidate_disbursements() will be SKIPPED for this cycle: any House member's committee that disbursed >$10M while running for a different office will NOT be excluded from district totals until MIT's data catches up.
_ballot_last_names(2026): /Users/callumdoty/Desktop/Political Portfolio/data/raw/mit_elections/1976-2024-house.tab has no GEN-stage rows for 2026 (MIT MEDSL data lags the live cycle — its latest covered year is typically the prior completed election). The Senate/President-runner exclusion filter in load_candidate_disbursements() will be SKIPPED for this cycle: any House member's committee that disbursed >$10M while running for a different office will NOT be excluded from district totals until MIT's data catches up.
Dropping 11 races with no PVI: ['DC-00', 'GU-00', 'MI-14', 'MT-00', 'NY-29', 'PR-00', 'VI-00', 'GA-23', 'KS-00', 'MO-00', 'NY-27']
  [joint_15] computing terminal condition (forced deploy, 200 paths)...
  [joint_15] t=6 (14d left): mean Theta=-3.4284 seats, frac(deploy now)=0.995, basis R2=0.042, g_t_coef=+0.02421 (p=0.782)
  [joint_15] t=5 (28d left): mean Theta=-2.0676 seats, frac(deploy now)=0.945, basis R2=0.077, g_t_coef=+0.01610 (p=0.830)
  [joint_15] t=4 (42d left): mean Theta=-1.4576 seats, frac(deploy now)=0.865, basis R2=0.087, g_t_coef=+0.02957 (p=0.722)
  [joint_15] t=3 (56d left): mean Theta=-1.1157 seats, frac(deploy now)=0.780, basis R2=0.092, g_t_coef=-0.01062 (p=0.903)
  [joint_15] t=2 (70d left): mean Theta=-0.8054 seats, frac(deploy now)=0.670, basis R2=0.059, g_t_coef=-0.02280 (p=0.815)
  [joint_15] t=1 (84d left): mean Theta=-0.5032 seats, frac(deploy now)=0.580, basis R2=0.085, g_t_coef=-0.09163 (p=0.449)
  [joint_15] t=0 (98d left): mean Theta=-0.1219 seats, frac(deploy now)=0.500, basis R2=0.000, g_t_coef=+0.00000 (p=nan)
  draw 15: eta_scale=1.143 trickle_scale=1.244 lambda_scale=1.031 -> Theta(0)=-0.1219  (56.7s)
_ballot_last_names(2026): /Users/callumdoty/Desktop/Political Portfolio/data/raw/mit_elections/1976-2024-house.tab has no GEN-stage rows for 2026 (MIT MEDSL data lags the live cycle — its latest covered year is typically the prior completed election). The Senate/President-runner exclusion filter in load_candidate_disbursements() will be SKIPPED for this cycle: any House member's committee that disbursed >$10M while running for a different office will NOT be excluded from district totals until MIT's data catches up.
_ballot_last_names(2026): /Users/callumdoty/Desktop/Political Portfolio/data/raw/mit_elections/1976-2024-house.tab has no GEN-stage rows for 2026 (MIT MEDSL data lags the live cycle — its latest covered year is typically the prior completed election). The Senate/President-runner exclusion filter in load_candidate_disbursements() will be SKIPPED for this cycle: any House member's committee that disbursed >$10M while running for a different office will NOT be excluded from district totals until MIT's data catches up.
Dropping 11 races with no PVI: ['DC-00', 'GU-00', 'MI-14', 'MT-00', 'NY-29', 'PR-00', 'VI-00', 'GA-23', 'KS-00', 'MO-00', 'NY-27']
  [joint_16] computing terminal condition (forced deploy, 200 paths)...
  [joint_16] t=6 (14d left): mean Theta=-3.7999 seats, frac(deploy now)=1.000, basis R2=0.012, g_t_coef=+0.00752 (p=0.929)
  [joint_16] t=5 (28d left): mean Theta=-2.1339 seats, frac(deploy now)=0.975, basis R2=0.053, g_t_coef=-0.06978 (p=0.265)
  [joint_16] t=4 (42d left): mean Theta=-1.5089 seats, frac(deploy now)=0.940, basis R2=0.057, g_t_coef=-0.00237 (p=0.971)
  [joint_16] t=3 (56d left): mean Theta=-1.1559 seats, frac(deploy now)=0.885, basis R2=0.042, g_t_coef=-0.02925 (p=0.658)
  [joint_16] t=2 (70d left): mean Theta=-0.8778 seats, frac(deploy now)=0.825, basis R2=0.031, g_t_coef=+0.04223 (p=0.589)
  [joint_16] t=1 (84d left): mean Theta=-0.5983 seats, frac(deploy now)=0.740, basis R2=0.006, g_t_coef=-0.04049 (p=0.675)
  [joint_16] t=0 (98d left): mean Theta=-0.2444 seats, frac(deploy now)=0.575, basis R2=0.000, g_t_coef=+0.00000 (p=nan)
  draw 16: eta_scale=0.762 trickle_scale=1.139 lambda_scale=1.134 -> Theta(0)=-0.2444  (57.4s)
_ballot_last_names(2026): /Users/callumdoty/Desktop/Political Portfolio/data/raw/mit_elections/1976-2024-house.tab has no GEN-stage rows for 2026 (MIT MEDSL data lags the live cycle — its latest covered year is typically the prior completed election). The Senate/President-runner exclusion filter in load_candidate_disbursements() will be SKIPPED for this cycle: any House member's committee that disbursed >$10M while running for a different office will NOT be excluded from district totals until MIT's data catches up.
_ballot_last_names(2026): /Users/callumdoty/Desktop/Political Portfolio/data/raw/mit_elections/1976-2024-house.tab has no GEN-stage rows for 2026 (MIT MEDSL data lags the live cycle — its latest covered year is typically the prior completed election). The Senate/President-runner exclusion filter in load_candidate_disbursements() will be SKIPPED for this cycle: any House member's committee that disbursed >$10M while running for a different office will NOT be excluded from district totals until MIT's data catches up.
Dropping 11 races with no PVI: ['DC-00', 'GU-00', 'MI-14', 'MT-00', 'NY-29', 'PR-00', 'VI-00', 'GA-23', 'KS-00', 'MO-00', 'NY-27']
  [joint_17] computing terminal condition (forced deploy, 200 paths)...
  [joint_17] t=6 (14d left): mean Theta=-3.0909 seats, frac(deploy now)=0.995, basis R2=0.033, g_t_coef=+0.01593 (p=0.832)
  [joint_17] t=5 (28d left): mean Theta=-1.9333 seats, frac(deploy now)=0.980, basis R2=0.038, g_t_coef=+0.00889 (p=0.866)
  [joint_17] t=4 (42d left): mean Theta=-1.3901 seats, frac(deploy now)=0.930, basis R2=0.044, g_t_coef=+0.00817 (p=0.886)
  [joint_17] t=3 (56d left): mean Theta=-1.0413 seats, frac(deploy now)=0.875, basis R2=0.042, g_t_coef=+0.05681 (p=0.366)
  [joint_17] t=2 (70d left): mean Theta=-0.8411 seats, frac(deploy now)=0.850, basis R2=0.055, g_t_coef=+0.11984 (p=0.083)
  [joint_17] t=1 (84d left): mean Theta=-0.5853 seats, frac(deploy now)=0.740, basis R2=0.036, g_t_coef=+0.01587 (p=0.853)
  [joint_17] t=0 (98d left): mean Theta=-0.3871 seats, frac(deploy now)=0.645, basis R2=-0.000, g_t_coef=+0.00000 (p=nan)
  draw 17: eta_scale=0.714 trickle_scale=0.969 lambda_scale=0.914 -> Theta(0)=-0.3871  (59.2s)
_ballot_last_names(2026): /Users/callumdoty/Desktop/Political Portfolio/data/raw/mit_elections/1976-2024-house.tab has no GEN-stage rows for 2026 (MIT MEDSL data lags the live cycle — its latest covered year is typically the prior completed election). The Senate/President-runner exclusion filter in load_candidate_disbursements() will be SKIPPED for this cycle: any House member's committee that disbursed >$10M while running for a different office will NOT be excluded from district totals until MIT's data catches up.
_ballot_last_names(2026): /Users/callumdoty/Desktop/Political Portfolio/data/raw/mit_elections/1976-2024-house.tab has no GEN-stage rows for 2026 (MIT MEDSL data lags the live cycle — its latest covered year is typically the prior completed election). The Senate/President-runner exclusion filter in load_candidate_disbursements() will be SKIPPED for this cycle: any House member's committee that disbursed >$10M while running for a different office will NOT be excluded from district totals until MIT's data catches up.
Dropping 11 races with no PVI: ['DC-00', 'GU-00', 'MI-14', 'MT-00', 'NY-29', 'PR-00', 'VI-00', 'GA-23', 'KS-00', 'MO-00', 'NY-27']
  [joint_18] computing terminal condition (forced deploy, 200 paths)...
  [joint_18] t=6 (14d left): mean Theta=-3.4265 seats, frac(deploy now)=0.995, basis R2=0.030, g_t_coef=-0.07009 (p=0.393)
  [joint_18] t=5 (28d left): mean Theta=-1.9474 seats, frac(deploy now)=0.935, basis R2=0.041, g_t_coef=-0.03979 (p=0.536)
  [joint_18] t=4 (42d left): mean Theta=-1.3747 seats, frac(deploy now)=0.890, basis R2=0.019, g_t_coef=-0.05566 (p=0.412)
  [joint_18] t=3 (56d left): mean Theta=-1.0015 seats, frac(deploy now)=0.805, basis R2=0.055, g_t_coef=-0.12771 (p=0.080)
  [joint_18] t=2 (70d left): mean Theta=-0.7183 seats, frac(deploy now)=0.695, basis R2=0.038, g_t_coef=-0.12012 (p=0.141)
  [joint_18] t=1 (84d left): mean Theta=-0.4198 seats, frac(deploy now)=0.600, basis R2=0.041, g_t_coef=-0.12251 (p=0.226)
  [joint_18] t=0 (98d left): mean Theta=-0.1296 seats, frac(deploy now)=0.485, basis R2=0.000, g_t_coef=+0.00000 (p=nan)
  draw 18: eta_scale=1.059 trickle_scale=0.908 lambda_scale=1.043 -> Theta(0)=-0.1296  (57.8s)
_ballot_last_names(2026): /Users/callumdoty/Desktop/Political Portfolio/data/raw/mit_elections/1976-2024-house.tab has no GEN-stage rows for 2026 (MIT MEDSL data lags the live cycle — its latest covered year is typically the prior completed election). The Senate/President-runner exclusion filter in load_candidate_disbursements() will be SKIPPED for this cycle: any House member's committee that disbursed >$10M while running for a different office will NOT be excluded from district totals until MIT's data catches up.
_ballot_last_names(2026): /Users/callumdoty/Desktop/Political Portfolio/data/raw/mit_elections/1976-2024-house.tab has no GEN-stage rows for 2026 (MIT MEDSL data lags the live cycle — its latest covered year is typically the prior completed election). The Senate/President-runner exclusion filter in load_candidate_disbursements() will be SKIPPED for this cycle: any House member's committee that disbursed >$10M while running for a different office will NOT be excluded from district totals until MIT's data catches up.
Dropping 11 races with no PVI: ['DC-00', 'GU-00', 'MI-14', 'MT-00', 'NY-29', 'PR-00', 'VI-00', 'GA-23', 'KS-00', 'MO-00', 'NY-27']
  [joint_19] computing terminal condition (forced deploy, 200 paths)...
  [joint_19] t=6 (14d left): mean Theta=-3.4644 seats, frac(deploy now)=0.995, basis R2=0.032, g_t_coef=-0.01724 (p=0.819)
  [joint_19] t=5 (28d left): mean Theta=-1.9079 seats, frac(deploy now)=0.980, basis R2=0.092, g_t_coef=+0.07247 (p=0.151)
  [joint_19] t=4 (42d left): mean Theta=-1.3375 seats, frac(deploy now)=0.940, basis R2=0.075, g_t_coef=+0.05241 (p=0.301)
  [joint_19] t=3 (56d left): mean Theta=-0.9955 seats, frac(deploy now)=0.900, basis R2=0.058, g_t_coef=+0.04331 (p=0.411)
  [joint_19] t=2 (70d left): mean Theta=-0.7713 seats, frac(deploy now)=0.850, basis R2=0.046, g_t_coef=+0.05702 (p=0.324)
  [joint_19] t=1 (84d left): mean Theta=-0.5873 seats, frac(deploy now)=0.790, basis R2=0.037, g_t_coef=+0.10258 (p=0.214)
  [joint_19] t=0 (98d left): mean Theta=-0.3910 seats, frac(deploy now)=0.685, basis R2=0.000, g_t_coef=+0.00000 (p=nan)
  draw 19: eta_scale=0.725 trickle_scale=0.805 lambda_scale=0.962 -> Theta(0)=-0.3910  (59.1s)
_ballot_last_names(2026): /Users/callumdoty/Desktop/Political Portfolio/data/raw/mit_elections/1976-2024-house.tab has no GEN-stage rows for 2026 (MIT MEDSL data lags the live cycle — its latest covered year is typically the prior completed election). The Senate/President-runner exclusion filter in load_candidate_disbursements() will be SKIPPED for this cycle: any House member's committee that disbursed >$10M while running for a different office will NOT be excluded from district totals until MIT's data catches up.
_ballot_last_names(2026): /Users/callumdoty/Desktop/Political Portfolio/data/raw/mit_elections/1976-2024-house.tab has no GEN-stage rows for 2026 (MIT MEDSL data lags the live cycle — its latest covered year is typically the prior completed election). The Senate/President-runner exclusion filter in load_candidate_disbursements() will be SKIPPED for this cycle: any House member's committee that disbursed >$10M while running for a different office will NOT be excluded from district totals until MIT's data catches up.
Dropping 11 races with no PVI: ['DC-00', 'GU-00', 'MI-14', 'MT-00', 'NY-29', 'PR-00', 'VI-00', 'GA-23', 'KS-00', 'MO-00', 'NY-27']
  [joint_20] computing terminal condition (forced deploy, 200 paths)...
  [joint_20] t=6 (14d left): mean Theta=-3.1610 seats, frac(deploy now)=0.995, basis R2=0.059, g_t_coef=-0.08132 (p=0.301)
  [joint_20] t=5 (28d left): mean Theta=-1.8653 seats, frac(deploy now)=0.970, basis R2=0.079, g_t_coef=-0.04149 (p=0.467)
  [joint_20] t=4 (42d left): mean Theta=-1.3491 seats, frac(deploy now)=0.920, basis R2=0.072, g_t_coef=-0.04976 (p=0.373)
  [joint_20] t=3 (56d left): mean Theta=-1.0094 seats, frac(deploy now)=0.825, basis R2=0.050, g_t_coef=+0.04016 (p=0.516)
  [joint_20] t=2 (70d left): mean Theta=-0.7993 seats, frac(deploy now)=0.765, basis R2=0.050, g_t_coef=+0.00420 (p=0.950)
  [joint_20] t=1 (84d left): mean Theta=-0.5720 seats, frac(deploy now)=0.665, basis R2=0.096, g_t_coef=-0.04932 (p=0.561)
  [joint_20] t=0 (98d left): mean Theta=-0.2464 seats, frac(deploy now)=0.530, basis R2=-0.000, g_t_coef=+0.00000 (p=nan)
  draw 20: eta_scale=0.946 trickle_scale=0.956 lambda_scale=0.946 -> Theta(0)=-0.2464  (57.8s)
_ballot_last_names(2026): /Users/callumdoty/Desktop/Political Portfolio/data/raw/mit_elections/1976-2024-house.tab has no GEN-stage rows for 2026 (MIT MEDSL data lags the live cycle — its latest covered year is typically the prior completed election). The Senate/President-runner exclusion filter in load_candidate_disbursements() will be SKIPPED for this cycle: any House member's committee that disbursed >$10M while running for a different office will NOT be excluded from district totals until MIT's data catches up.
_ballot_last_names(2026): /Users/callumdoty/Desktop/Political Portfolio/data/raw/mit_elections/1976-2024-house.tab has no GEN-stage rows for 2026 (MIT MEDSL data lags the live cycle — its latest covered year is typically the prior completed election). The Senate/President-runner exclusion filter in load_candidate_disbursements() will be SKIPPED for this cycle: any House member's committee that disbursed >$10M while running for a different office will NOT be excluded from district totals until MIT's data catches up.
Dropping 11 races with no PVI: ['DC-00', 'GU-00', 'MI-14', 'MT-00', 'NY-29', 'PR-00', 'VI-00', 'GA-23', 'KS-00', 'MO-00', 'NY-27']
  [joint_21] computing terminal condition (forced deploy, 200 paths)...
  [joint_21] t=6 (14d left): mean Theta=-3.0534 seats, frac(deploy now)=0.990, basis R2=0.046, g_t_coef=+0.05346 (p=0.544)
  [joint_21] t=5 (28d left): mean Theta=-1.9359 seats, frac(deploy now)=0.920, basis R2=0.056, g_t_coef=+0.13440 (p=0.054)
  [joint_21] t=4 (42d left): mean Theta=-1.4380 seats, frac(deploy now)=0.805, basis R2=0.032, g_t_coef=+0.11767 (p=0.131)
  [joint_21] t=3 (56d left): mean Theta=-1.0438 seats, frac(deploy now)=0.690, basis R2=0.040, g_t_coef=+0.17171 (p=0.051)
  [joint_21] t=2 (70d left): mean Theta=-0.7559 seats, frac(deploy now)=0.630, basis R2=0.035, g_t_coef=+0.09759 (p=0.351)
  [joint_21] t=1 (84d left): mean Theta=-0.5068 seats, frac(deploy now)=0.590, basis R2=0.026, g_t_coef=+0.06258 (p=0.637)
  [joint_21] t=0 (98d left): mean Theta=-0.1114 seats, frac(deploy now)=0.485, basis R2=0.000, g_t_coef=+0.00000 (p=nan)
  draw 21: eta_scale=1.144 trickle_scale=1.238 lambda_scale=0.867 -> Theta(0)=-0.1114  (57.5s)
_ballot_last_names(2026): /Users/callumdoty/Desktop/Political Portfolio/data/raw/mit_elections/1976-2024-house.tab has no GEN-stage rows for 2026 (MIT MEDSL data lags the live cycle — its latest covered year is typically the prior completed election). The Senate/President-runner exclusion filter in load_candidate_disbursements() will be SKIPPED for this cycle: any House member's committee that disbursed >$10M while running for a different office will NOT be excluded from district totals until MIT's data catches up.
_ballot_last_names(2026): /Users/callumdoty/Desktop/Political Portfolio/data/raw/mit_elections/1976-2024-house.tab has no GEN-stage rows for 2026 (MIT MEDSL data lags the live cycle — its latest covered year is typically the prior completed election). The Senate/President-runner exclusion filter in load_candidate_disbursements() will be SKIPPED for this cycle: any House member's committee that disbursed >$10M while running for a different office will NOT be excluded from district totals until MIT's data catches up.
Dropping 11 races with no PVI: ['DC-00', 'GU-00', 'MI-14', 'MT-00', 'NY-29', 'PR-00', 'VI-00', 'GA-23', 'KS-00', 'MO-00', 'NY-27']
  [joint_22] computing terminal condition (forced deploy, 200 paths)...
  [joint_22] t=6 (14d left): mean Theta=-3.9012 seats, frac(deploy now)=0.995, basis R2=0.055, g_t_coef=-0.01283 (p=0.873)
  [joint_22] t=5 (28d left): mean Theta=-2.1369 seats, frac(deploy now)=0.970, basis R2=0.030, g_t_coef=-0.07269 (p=0.257)
  [joint_22] t=4 (42d left): mean Theta=-1.5397 seats, frac(deploy now)=0.900, basis R2=0.033, g_t_coef=-0.05611 (p=0.440)
  [joint_22] t=3 (56d left): mean Theta=-1.1350 seats, frac(deploy now)=0.820, basis R2=0.046, g_t_coef=-0.06814 (p=0.387)
  [joint_22] t=2 (70d left): mean Theta=-0.8814 seats, frac(deploy now)=0.725, basis R2=0.027, g_t_coef=-0.12548 (p=0.143)
  [joint_22] t=1 (84d left): mean Theta=-0.5508 seats, frac(deploy now)=0.645, basis R2=0.025, g_t_coef=-0.05385 (p=0.613)
  [joint_22] t=0 (98d left): mean Theta=-0.1626 seats, frac(deploy now)=0.520, basis R2=0.000, g_t_coef=+0.00000 (p=nan)
  draw 22: eta_scale=0.875 trickle_scale=1.246 lambda_scale=1.101 -> Theta(0)=-0.1626  (55.9s)
_ballot_last_names(2026): /Users/callumdoty/Desktop/Political Portfolio/data/raw/mit_elections/1976-2024-house.tab has no GEN-stage rows for 2026 (MIT MEDSL data lags the live cycle — its latest covered year is typically the prior completed election). The Senate/President-runner exclusion filter in load_candidate_disbursements() will be SKIPPED for this cycle: any House member's committee that disbursed >$10M while running for a different office will NOT be excluded from district totals until MIT's data catches up.
_ballot_last_names(2026): /Users/callumdoty/Desktop/Political Portfolio/data/raw/mit_elections/1976-2024-house.tab has no GEN-stage rows for 2026 (MIT MEDSL data lags the live cycle — its latest covered year is typically the prior completed election). The Senate/President-runner exclusion filter in load_candidate_disbursements() will be SKIPPED for this cycle: any House member's committee that disbursed >$10M while running for a different office will NOT be excluded from district totals until MIT's data catches up.
Dropping 11 races with no PVI: ['DC-00', 'GU-00', 'MI-14', 'MT-00', 'NY-29', 'PR-00', 'VI-00', 'GA-23', 'KS-00', 'MO-00', 'NY-27']
  [joint_23] computing terminal condition (forced deploy, 200 paths)...
  [joint_23] t=6 (14d left): mean Theta=-2.6033 seats, frac(deploy now)=0.975, basis R2=0.031, g_t_coef=-0.08769 (p=0.338)
  [joint_23] t=5 (28d left): mean Theta=-1.6590 seats, frac(deploy now)=0.910, basis R2=0.048, g_t_coef=-0.08907 (p=0.171)
  [joint_23] t=4 (42d left): mean Theta=-1.1684 seats, frac(deploy now)=0.795, basis R2=0.056, g_t_coef=-0.10976 (p=0.111)
  [joint_23] t=3 (56d left): mean Theta=-0.8503 seats, frac(deploy now)=0.725, basis R2=0.062, g_t_coef=-0.07748 (p=0.328)
  [joint_23] t=2 (70d left): mean Theta=-0.6252 seats, frac(deploy now)=0.665, basis R2=0.081, g_t_coef=-0.01524 (p=0.858)
  [joint_23] t=1 (84d left): mean Theta=-0.3920 seats, frac(deploy now)=0.610, basis R2=0.111, g_t_coef=+0.07337 (p=0.472)
  [joint_23] t=0 (98d left): mean Theta=-0.1618 seats, frac(deploy now)=0.495, basis R2=0.000, g_t_coef=+0.00000 (p=nan)
  draw 23: eta_scale=1.232 trickle_scale=0.801 lambda_scale=0.866 -> Theta(0)=-0.1618  (55.3s)
_ballot_last_names(2026): /Users/callumdoty/Desktop/Political Portfolio/data/raw/mit_elections/1976-2024-house.tab has no GEN-stage rows for 2026 (MIT MEDSL data lags the live cycle — its latest covered year is typically the prior completed election). The Senate/President-runner exclusion filter in load_candidate_disbursements() will be SKIPPED for this cycle: any House member's committee that disbursed >$10M while running for a different office will NOT be excluded from district totals until MIT's data catches up.
_ballot_last_names(2026): /Users/callumdoty/Desktop/Political Portfolio/data/raw/mit_elections/1976-2024-house.tab has no GEN-stage rows for 2026 (MIT MEDSL data lags the live cycle — its latest covered year is typically the prior completed election). The Senate/President-runner exclusion filter in load_candidate_disbursements() will be SKIPPED for this cycle: any House member's committee that disbursed >$10M while running for a different office will NOT be excluded from district totals until MIT's data catches up.
Dropping 11 races with no PVI: ['DC-00', 'GU-00', 'MI-14', 'MT-00', 'NY-29', 'PR-00', 'VI-00', 'GA-23', 'KS-00', 'MO-00', 'NY-27']
  [joint_24] computing terminal condition (forced deploy, 200 paths)...
  [joint_24] t=6 (14d left): mean Theta=-3.6537 seats, frac(deploy now)=1.000, basis R2=0.056, g_t_coef=-0.12104 (p=0.099)
  [joint_24] t=5 (28d left): mean Theta=-1.9559 seats, frac(deploy now)=0.980, basis R2=0.039, g_t_coef=-0.02136 (p=0.674)
  [joint_24] t=4 (42d left): mean Theta=-1.3874 seats, frac(deploy now)=0.915, basis R2=0.063, g_t_coef=-0.02942 (p=0.559)
  [joint_24] t=3 (56d left): mean Theta=-1.0164 seats, frac(deploy now)=0.875, basis R2=0.050, g_t_coef=-0.01081 (p=0.847)
  [joint_24] t=2 (70d left): mean Theta=-0.7758 seats, frac(deploy now)=0.845, basis R2=0.091, g_t_coef=-0.02194 (p=0.716)
  [joint_24] t=1 (84d left): mean Theta=-0.5330 seats, frac(deploy now)=0.745, basis R2=0.087, g_t_coef=-0.09544 (p=0.260)
  [joint_24] t=0 (98d left): mean Theta=-0.2699 seats, frac(deploy now)=0.600, basis R2=-0.000, g_t_coef=+0.00000 (p=nan)
  draw 24: eta_scale=0.740 trickle_scale=0.940 lambda_scale=1.107 -> Theta(0)=-0.2699  (54.7s)
_ballot_last_names(2026): /Users/callumdoty/Desktop/Political Portfolio/data/raw/mit_elections/1976-2024-house.tab has no GEN-stage rows for 2026 (MIT MEDSL data lags the live cycle — its latest covered year is typically the prior completed election). The Senate/President-runner exclusion filter in load_candidate_disbursements() will be SKIPPED for this cycle: any House member's committee that disbursed >$10M while running for a different office will NOT be excluded from district totals until MIT's data catches up.
_ballot_last_names(2026): /Users/callumdoty/Desktop/Political Portfolio/data/raw/mit_elections/1976-2024-house.tab has no GEN-stage rows for 2026 (MIT MEDSL data lags the live cycle — its latest covered year is typically the prior completed election). The Senate/President-runner exclusion filter in load_candidate_disbursements() will be SKIPPED for this cycle: any House member's committee that disbursed >$10M while running for a different office will NOT be excluded from district totals until MIT's data catches up.
Dropping 11 races with no PVI: ['DC-00', 'GU-00', 'MI-14', 'MT-00', 'NY-29', 'PR-00', 'VI-00', 'GA-23', 'KS-00', 'MO-00', 'NY-27']
  [joint_25] computing terminal condition (forced deploy, 200 paths)...
  [joint_25] t=6 (14d left): mean Theta=-3.5592 seats, frac(deploy now)=1.000, basis R2=0.016, g_t_coef=-0.04986 (p=0.524)
  [joint_25] t=5 (28d left): mean Theta=-1.7822 seats, frac(deploy now)=0.960, basis R2=0.047, g_t_coef=-0.01750 (p=0.750)
  [joint_25] t=4 (42d left): mean Theta=-1.1922 seats, frac(deploy now)=0.885, basis R2=0.088, g_t_coef=-0.01988 (p=0.732)
  [joint_25] t=3 (56d left): mean Theta=-0.8844 seats, frac(deploy now)=0.805, basis R2=0.095, g_t_coef=-0.03060 (p=0.616)
  [joint_25] t=2 (70d left): mean Theta=-0.6316 seats, frac(deploy now)=0.715, basis R2=0.097, g_t_coef=-0.08185 (p=0.259)
  [joint_25] t=1 (84d left): mean Theta=-0.3563 seats, frac(deploy now)=0.625, basis R2=0.058, g_t_coef=-0.05554 (p=0.563)
  [joint_25] t=0 (98d left): mean Theta=-0.2275 seats, frac(deploy now)=0.560, basis R2=0.000, g_t_coef=+0.00000 (p=nan)
  draw 25: eta_scale=1.045 trickle_scale=0.670 lambda_scale=1.100 -> Theta(0)=-0.2275  (57.0s)
_ballot_last_names(2026): /Users/callumdoty/Desktop/Political Portfolio/data/raw/mit_elections/1976-2024-house.tab has no GEN-stage rows for 2026 (MIT MEDSL data lags the live cycle — its latest covered year is typically the prior completed election). The Senate/President-runner exclusion filter in load_candidate_disbursements() will be SKIPPED for this cycle: any House member's committee that disbursed >$10M while running for a different office will NOT be excluded from district totals until MIT's data catches up.
_ballot_last_names(2026): /Users/callumdoty/Desktop/Political Portfolio/data/raw/mit_elections/1976-2024-house.tab has no GEN-stage rows for 2026 (MIT MEDSL data lags the live cycle — its latest covered year is typically the prior completed election). The Senate/President-runner exclusion filter in load_candidate_disbursements() will be SKIPPED for this cycle: any House member's committee that disbursed >$10M while running for a different office will NOT be excluded from district totals until MIT's data catches up.
Dropping 11 races with no PVI: ['DC-00', 'GU-00', 'MI-14', 'MT-00', 'NY-29', 'PR-00', 'VI-00', 'GA-23', 'KS-00', 'MO-00', 'NY-27']
  [joint_26] computing terminal condition (forced deploy, 200 paths)...
  [joint_26] t=6 (14d left): mean Theta=-3.6958 seats, frac(deploy now)=1.000, basis R2=0.048, g_t_coef=+0.00094 (p=0.990)
  [joint_26] t=5 (28d left): mean Theta=-2.1380 seats, frac(deploy now)=0.940, basis R2=0.069, g_t_coef=+0.05998 (p=0.374)
  [joint_26] t=4 (42d left): mean Theta=-1.5392 seats, frac(deploy now)=0.885, basis R2=0.086, g_t_coef=+0.01816 (p=0.802)
  [joint_26] t=3 (56d left): mean Theta=-1.1539 seats, frac(deploy now)=0.785, basis R2=0.098, g_t_coef=+0.01160 (p=0.883)
  [joint_26] t=2 (70d left): mean Theta=-0.8652 seats, frac(deploy now)=0.715, basis R2=0.058, g_t_coef=+0.05502 (p=0.568)
  [joint_26] t=1 (84d left): mean Theta=-0.5464 seats, frac(deploy now)=0.610, basis R2=0.078, g_t_coef=-0.02745 (p=0.816)
  [joint_26] t=0 (98d left): mean Theta=-0.1257 seats, frac(deploy now)=0.475, basis R2=0.000, g_t_coef=+0.00000 (p=nan)
  draw 26: eta_scale=1.141 trickle_scale=1.364 lambda_scale=1.128 -> Theta(0)=-0.1257  (57.8s)
_ballot_last_names(2026): /Users/callumdoty/Desktop/Political Portfolio/data/raw/mit_elections/1976-2024-house.tab has no GEN-stage rows for 2026 (MIT MEDSL data lags the live cycle — its latest covered year is typically the prior completed election). The Senate/President-runner exclusion filter in load_candidate_disbursements() will be SKIPPED for this cycle: any House member's committee that disbursed >$10M while running for a different office will NOT be excluded from district totals until MIT's data catches up.
_ballot_last_names(2026): /Users/callumdoty/Desktop/Political Portfolio/data/raw/mit_elections/1976-2024-house.tab has no GEN-stage rows for 2026 (MIT MEDSL data lags the live cycle — its latest covered year is typically the prior completed election). The Senate/President-runner exclusion filter in load_candidate_disbursements() will be SKIPPED for this cycle: any House member's committee that disbursed >$10M while running for a different office will NOT be excluded from district totals until MIT's data catches up.
Dropping 11 races with no PVI: ['DC-00', 'GU-00', 'MI-14', 'MT-00', 'NY-29', 'PR-00', 'VI-00', 'GA-23', 'KS-00', 'MO-00', 'NY-27']
  [joint_27] computing terminal condition (forced deploy, 200 paths)...
  [joint_27] t=6 (14d left): mean Theta=-3.5924 seats, frac(deploy now)=1.000, basis R2=0.053, g_t_coef=-0.00938 (p=0.892)
  [joint_27] t=5 (28d left): mean Theta=-2.1362 seats, frac(deploy now)=0.970, basis R2=0.073, g_t_coef=+0.01173 (p=0.827)
  [joint_27] t=4 (42d left): mean Theta=-1.5185 seats, frac(deploy now)=0.945, basis R2=0.071, g_t_coef=-0.00174 (p=0.974)
  [joint_27] t=3 (56d left): mean Theta=-1.1582 seats, frac(deploy now)=0.905, basis R2=0.100, g_t_coef=-0.02187 (p=0.712)
  [joint_27] t=2 (70d left): mean Theta=-0.9372 seats, frac(deploy now)=0.830, basis R2=0.081, g_t_coef=-0.00461 (p=0.946)
  [joint_27] t=1 (84d left): mean Theta=-0.6846 seats, frac(deploy now)=0.710, basis R2=0.074, g_t_coef=+0.07883 (p=0.401)
  [joint_27] t=0 (98d left): mean Theta=-0.3144 seats, frac(deploy now)=0.580, basis R2=0.000, g_t_coef=+0.00000 (p=nan)
  draw 27: eta_scale=0.724 trickle_scale=1.249 lambda_scale=1.010 -> Theta(0)=-0.3144  (57.0s)
_ballot_last_names(2026): /Users/callumdoty/Desktop/Political Portfolio/data/raw/mit_elections/1976-2024-house.tab has no GEN-stage rows for 2026 (MIT MEDSL data lags the live cycle — its latest covered year is typically the prior completed election). The Senate/President-runner exclusion filter in load_candidate_disbursements() will be SKIPPED for this cycle: any House member's committee that disbursed >$10M while running for a different office will NOT be excluded from district totals until MIT's data catches up.
_ballot_last_names(2026): /Users/callumdoty/Desktop/Political Portfolio/data/raw/mit_elections/1976-2024-house.tab has no GEN-stage rows for 2026 (MIT MEDSL data lags the live cycle — its latest covered year is typically the prior completed election). The Senate/President-runner exclusion filter in load_candidate_disbursements() will be SKIPPED for this cycle: any House member's committee that disbursed >$10M while running for a different office will NOT be excluded from district totals until MIT's data catches up.
Dropping 11 races with no PVI: ['DC-00', 'GU-00', 'MI-14', 'MT-00', 'NY-29', 'PR-00', 'VI-00', 'GA-23', 'KS-00', 'MO-00', 'NY-27']
  [joint_28] computing terminal condition (forced deploy, 200 paths)...
  [joint_28] t=6 (14d left): mean Theta=-3.5475 seats, frac(deploy now)=1.000, basis R2=0.045, g_t_coef=-0.03233 (p=0.649)
  [joint_28] t=5 (28d left): mean Theta=-2.0266 seats, frac(deploy now)=0.970, basis R2=0.089, g_t_coef=+0.04318 (p=0.460)
  [joint_28] t=4 (42d left): mean Theta=-1.4051 seats, frac(deploy now)=0.895, basis R2=0.074, g_t_coef=+0.01732 (p=0.807)
  [joint_28] t=3 (56d left): mean Theta=-1.0095 seats, frac(deploy now)=0.805, basis R2=0.080, g_t_coef=+0.06782 (p=0.378)
  [joint_28] t=2 (70d left): mean Theta=-0.7249 seats, frac(deploy now)=0.690, basis R2=0.097, g_t_coef=+0.01473 (p=0.864)
  [joint_28] t=1 (84d left): mean Theta=-0.4748 seats, frac(deploy now)=0.625, basis R2=0.110, g_t_coef=-0.02054 (p=0.844)
  [joint_28] t=0 (98d left): mean Theta=-0.1403 seats, frac(deploy now)=0.535, basis R2=0.000, g_t_coef=+0.00000 (p=nan)
  draw 28: eta_scale=1.042 trickle_scale=1.011 lambda_scale=1.147 -> Theta(0)=-0.1403  (57.7s)
_ballot_last_names(2026): /Users/callumdoty/Desktop/Political Portfolio/data/raw/mit_elections/1976-2024-house.tab has no GEN-stage rows for 2026 (MIT MEDSL data lags the live cycle — its latest covered year is typically the prior completed election). The Senate/President-runner exclusion filter in load_candidate_disbursements() will be SKIPPED for this cycle: any House member's committee that disbursed >$10M while running for a different office will NOT be excluded from district totals until MIT's data catches up.
_ballot_last_names(2026): /Users/callumdoty/Desktop/Political Portfolio/data/raw/mit_elections/1976-2024-house.tab has no GEN-stage rows for 2026 (MIT MEDSL data lags the live cycle — its latest covered year is typically the prior completed election). The Senate/President-runner exclusion filter in load_candidate_disbursements() will be SKIPPED for this cycle: any House member's committee that disbursed >$10M while running for a different office will NOT be excluded from district totals until MIT's data catches up.
Dropping 11 races with no PVI: ['DC-00', 'GU-00', 'MI-14', 'MT-00', 'NY-29', 'PR-00', 'VI-00', 'GA-23', 'KS-00', 'MO-00', 'NY-27']
  [joint_29] computing terminal condition (forced deploy, 200 paths)...
  [joint_29] t=6 (14d left): mean Theta=-3.1702 seats, frac(deploy now)=0.990, basis R2=0.038, g_t_coef=+0.00504 (p=0.950)
  [joint_29] t=5 (28d left): mean Theta=-1.8258 seats, frac(deploy now)=0.945, basis R2=0.063, g_t_coef=-0.01936 (p=0.754)
  [joint_29] t=4 (42d left): mean Theta=-1.2526 seats, frac(deploy now)=0.860, basis R2=0.102, g_t_coef=-0.05106 (p=0.409)
  [joint_29] t=3 (56d left): mean Theta=-0.8456 seats, frac(deploy now)=0.775, basis R2=0.154, g_t_coef=-0.07221 (p=0.252)
  [joint_29] t=2 (70d left): mean Theta=-0.6185 seats, frac(deploy now)=0.715, basis R2=0.152, g_t_coef=-0.03620 (p=0.615)
  [joint_29] t=1 (84d left): mean Theta=-0.4450 seats, frac(deploy now)=0.640, basis R2=0.077, g_t_coef=+0.00622 (p=0.949)
  [joint_29] t=0 (98d left): mean Theta=-0.2307 seats, frac(deploy now)=0.560, basis R2=0.000, g_t_coef=+0.00000 (p=nan)
  draw 29: eta_scale=0.958 trickle_scale=0.730 lambda_scale=0.987 -> Theta(0)=-0.2307  (60.7s)
_ballot_last_names(2026): /Users/callumdoty/Desktop/Political Portfolio/data/raw/mit_elections/1976-2024-house.tab has no GEN-stage rows for 2026 (MIT MEDSL data lags the live cycle — its latest covered year is typically the prior completed election). The Senate/President-runner exclusion filter in load_candidate_disbursements() will be SKIPPED for this cycle: any House member's committee that disbursed >$10M while running for a different office will NOT be excluded from district totals until MIT's data catches up.
_ballot_last_names(2026): /Users/callumdoty/Desktop/Political Portfolio/data/raw/mit_elections/1976-2024-house.tab has no GEN-stage rows for 2026 (MIT MEDSL data lags the live cycle — its latest covered year is typically the prior completed election). The Senate/President-runner exclusion filter in load_candidate_disbursements() will be SKIPPED for this cycle: any House member's committee that disbursed >$10M while running for a different office will NOT be excluded from district totals until MIT's data catches up.
Dropping 11 races with no PVI: ['DC-00', 'GU-00', 'MI-14', 'MT-00', 'NY-29', 'PR-00', 'VI-00', 'GA-23', 'KS-00', 'MO-00', 'NY-27']
  [joint_30] computing terminal condition (forced deploy, 200 paths)...
  [joint_30] t=6 (14d left): mean Theta=-3.1981 seats, frac(deploy now)=0.995, basis R2=0.060, g_t_coef=-0.03868 (p=0.624)
  [joint_30] t=5 (28d left): mean Theta=-1.9154 seats, frac(deploy now)=0.955, basis R2=0.139, g_t_coef=+0.03913 (p=0.531)
  [joint_30] t=4 (42d left): mean Theta=-1.3852 seats, frac(deploy now)=0.870, basis R2=0.098, g_t_coef=+0.02753 (p=0.690)
  [joint_30] t=3 (56d left): mean Theta=-1.0349 seats, frac(deploy now)=0.800, basis R2=0.106, g_t_coef=+0.00884 (p=0.905)
  [joint_30] t=2 (70d left): mean Theta=-0.7903 seats, frac(deploy now)=0.735, basis R2=0.142, g_t_coef=+0.08886 (p=0.283)
  [joint_30] t=1 (84d left): mean Theta=-0.5081 seats, frac(deploy now)=0.635, basis R2=0.110, g_t_coef=+0.05048 (p=0.629)
  [joint_30] t=0 (98d left): mean Theta=-0.2175 seats, frac(deploy now)=0.525, basis R2=0.000, g_t_coef=+0.00000 (p=nan)
  draw 30: eta_scale=1.027 trickle_scale=1.014 lambda_scale=0.952 -> Theta(0)=-0.2175  (58.8s)
_ballot_last_names(2026): /Users/callumdoty/Desktop/Political Portfolio/data/raw/mit_elections/1976-2024-house.tab has no GEN-stage rows for 2026 (MIT MEDSL data lags the live cycle — its latest covered year is typically the prior completed election). The Senate/President-runner exclusion filter in load_candidate_disbursements() will be SKIPPED for this cycle: any House member's committee that disbursed >$10M while running for a different office will NOT be excluded from district totals until MIT's data catches up.
_ballot_last_names(2026): /Users/callumdoty/Desktop/Political Portfolio/data/raw/mit_elections/1976-2024-house.tab has no GEN-stage rows for 2026 (MIT MEDSL data lags the live cycle — its latest covered year is typically the prior completed election). The Senate/President-runner exclusion filter in load_candidate_disbursements() will be SKIPPED for this cycle: any House member's committee that disbursed >$10M while running for a different office will NOT be excluded from district totals until MIT's data catches up.
Dropping 11 races with no PVI: ['DC-00', 'GU-00', 'MI-14', 'MT-00', 'NY-29', 'PR-00', 'VI-00', 'GA-23', 'KS-00', 'MO-00', 'NY-27']
  [joint_31] computing terminal condition (forced deploy, 200 paths)...
  [joint_31] t=6 (14d left): mean Theta=-3.0386 seats, frac(deploy now)=1.000, basis R2=0.047, g_t_coef=+0.01350 (p=0.869)
  [joint_31] t=5 (28d left): mean Theta=-1.8554 seats, frac(deploy now)=0.975, basis R2=0.050, g_t_coef=+0.11075 (p=0.067)
  [joint_31] t=4 (42d left): mean Theta=-1.3224 seats, frac(deploy now)=0.935, basis R2=0.078, g_t_coef=+0.10583 (p=0.079)
  [joint_31] t=3 (56d left): mean Theta=-1.0465 seats, frac(deploy now)=0.855, basis R2=0.046, g_t_coef=+0.07220 (p=0.265)
  [joint_31] t=2 (70d left): mean Theta=-0.7749 seats, frac(deploy now)=0.795, basis R2=0.078, g_t_coef=+0.09811 (p=0.170)
  [joint_31] t=1 (84d left): mean Theta=-0.5335 seats, frac(deploy now)=0.680, basis R2=0.070, g_t_coef=+0.19675 (p=0.031)
  [joint_31] t=0 (98d left): mean Theta=-0.2770 seats, frac(deploy now)=0.585, basis R2=0.000, g_t_coef=+0.00000 (p=nan)
  draw 31: eta_scale=0.750 trickle_scale=0.857 lambda_scale=0.897 -> Theta(0)=-0.2770  (57.7s)
_ballot_last_names(2026): /Users/callumdoty/Desktop/Political Portfolio/data/raw/mit_elections/1976-2024-house.tab has no GEN-stage rows for 2026 (MIT MEDSL data lags the live cycle — its latest covered year is typically the prior completed election). The Senate/President-runner exclusion filter in load_candidate_disbursements() will be SKIPPED for this cycle: any House member's committee that disbursed >$10M while running for a different office will NOT be excluded from district totals until MIT's data catches up.
_ballot_last_names(2026): /Users/callumdoty/Desktop/Political Portfolio/data/raw/mit_elections/1976-2024-house.tab has no GEN-stage rows for 2026 (MIT MEDSL data lags the live cycle — its latest covered year is typically the prior completed election). The Senate/President-runner exclusion filter in load_candidate_disbursements() will be SKIPPED for this cycle: any House member's committee that disbursed >$10M while running for a different office will NOT be excluded from district totals until MIT's data catches up.
Dropping 11 races with no PVI: ['DC-00', 'GU-00', 'MI-14', 'MT-00', 'NY-29', 'PR-00', 'VI-00', 'GA-23', 'KS-00', 'MO-00', 'NY-27']
  [joint_32] computing terminal condition (forced deploy, 200 paths)...
  [joint_32] t=6 (14d left): mean Theta=-3.2613 seats, frac(deploy now)=1.000, basis R2=0.036, g_t_coef=+0.02232 (p=0.743)
  [joint_32] t=5 (28d left): mean Theta=-1.8297 seats, frac(deploy now)=0.945, basis R2=0.026, g_t_coef=+0.00345 (p=0.945)
  [joint_32] t=4 (42d left): mean Theta=-1.2579 seats, frac(deploy now)=0.905, basis R2=0.028, g_t_coef=+0.01857 (p=0.716)
  [joint_32] t=3 (56d left): mean Theta=-0.9528 seats, frac(deploy now)=0.835, basis R2=0.017, g_t_coef=-0.01202 (p=0.816)
  [joint_32] t=2 (70d left): mean Theta=-0.6867 seats, frac(deploy now)=0.785, basis R2=0.035, g_t_coef=+0.00169 (p=0.978)
  [joint_32] t=1 (84d left): mean Theta=-0.4807 seats, frac(deploy now)=0.720, basis R2=0.050, g_t_coef=-0.07017 (p=0.380)
  [joint_32] t=0 (98d left): mean Theta=-0.3138 seats, frac(deploy now)=0.655, basis R2=0.000, g_t_coef=+0.00000 (p=nan)
  draw 32: eta_scale=0.750 trickle_scale=0.748 lambda_scale=0.989 -> Theta(0)=-0.3138  (57.5s)
_ballot_last_names(2026): /Users/callumdoty/Desktop/Political Portfolio/data/raw/mit_elections/1976-2024-house.tab has no GEN-stage rows for 2026 (MIT MEDSL data lags the live cycle — its latest covered year is typically the prior completed election). The Senate/President-runner exclusion filter in load_candidate_disbursements() will be SKIPPED for this cycle: any House member's committee that disbursed >$10M while running for a different office will NOT be excluded from district totals until MIT's data catches up.
_ballot_last_names(2026): /Users/callumdoty/Desktop/Political Portfolio/data/raw/mit_elections/1976-2024-house.tab has no GEN-stage rows for 2026 (MIT MEDSL data lags the live cycle — its latest covered year is typically the prior completed election). The Senate/President-runner exclusion filter in load_candidate_disbursements() will be SKIPPED for this cycle: any House member's committee that disbursed >$10M while running for a different office will NOT be excluded from district totals until MIT's data catches up.
Dropping 11 races with no PVI: ['DC-00', 'GU-00', 'MI-14', 'MT-00', 'NY-29', 'PR-00', 'VI-00', 'GA-23', 'KS-00', 'MO-00', 'NY-27']
  [joint_33] computing terminal condition (forced deploy, 200 paths)...
  [joint_33] t=6 (14d left): mean Theta=-3.2757 seats, frac(deploy now)=0.995, basis R2=0.029, g_t_coef=-0.08157 (p=0.262)
  [joint_33] t=5 (28d left): mean Theta=-1.9333 seats, frac(deploy now)=0.965, basis R2=0.020, g_t_coef=-0.03676 (p=0.561)
  [joint_33] t=4 (42d left): mean Theta=-1.4168 seats, frac(deploy now)=0.895, basis R2=0.011, g_t_coef=-0.06567 (p=0.336)
  [joint_33] t=3 (56d left): mean Theta=-1.0611 seats, frac(deploy now)=0.775, basis R2=0.014, g_t_coef=-0.10021 (p=0.234)
  [joint_33] t=2 (70d left): mean Theta=-0.7982 seats, frac(deploy now)=0.720, basis R2=0.026, g_t_coef=-0.11313 (p=0.191)
  [joint_33] t=1 (84d left): mean Theta=-0.5383 seats, frac(deploy now)=0.620, basis R2=0.055, g_t_coef=+0.00321 (p=0.977)
  [joint_33] t=0 (98d left): mean Theta=-0.1846 seats, frac(deploy now)=0.515, basis R2=0.000, g_t_coef=+0.00000 (p=nan)
  draw 33: eta_scale=1.082 trickle_scale=1.107 lambda_scale=0.938 -> Theta(0)=-0.1846  (58.1s)
_ballot_last_names(2026): /Users/callumdoty/Desktop/Political Portfolio/data/raw/mit_elections/1976-2024-house.tab has no GEN-stage rows for 2026 (MIT MEDSL data lags the live cycle — its latest covered year is typically the prior completed election). The Senate/President-runner exclusion filter in load_candidate_disbursements() will be SKIPPED for this cycle: any House member's committee that disbursed >$10M while running for a different office will NOT be excluded from district totals until MIT's data catches up.
_ballot_last_names(2026): /Users/callumdoty/Desktop/Political Portfolio/data/raw/mit_elections/1976-2024-house.tab has no GEN-stage rows for 2026 (MIT MEDSL data lags the live cycle — its latest covered year is typically the prior completed election). The Senate/President-runner exclusion filter in load_candidate_disbursements() will be SKIPPED for this cycle: any House member's committee that disbursed >$10M while running for a different office will NOT be excluded from district totals until MIT's data catches up.
Dropping 11 races with no PVI: ['DC-00', 'GU-00', 'MI-14', 'MT-00', 'NY-29', 'PR-00', 'VI-00', 'GA-23', 'KS-00', 'MO-00', 'NY-27']
  [joint_34] computing terminal condition (forced deploy, 200 paths)...
  [joint_34] t=6 (14d left): mean Theta=-3.7928 seats, frac(deploy now)=1.000, basis R2=0.050, g_t_coef=+0.07644 (p=0.362)
  [joint_34] t=5 (28d left): mean Theta=-2.1641 seats, frac(deploy now)=0.980, basis R2=0.087, g_t_coef=-0.01516 (p=0.808)
  [joint_34] t=4 (42d left): mean Theta=-1.5389 seats, frac(deploy now)=0.915, basis R2=0.067, g_t_coef=-0.05418 (p=0.407)
  [joint_34] t=3 (56d left): mean Theta=-1.1759 seats, frac(deploy now)=0.870, basis R2=0.078, g_t_coef=-0.02900 (p=0.664)
  [joint_34] t=2 (70d left): mean Theta=-0.9001 seats, frac(deploy now)=0.775, basis R2=0.104, g_t_coef=-0.01161 (p=0.884)
  [joint_34] t=1 (84d left): mean Theta=-0.6103 seats, frac(deploy now)=0.680, basis R2=0.092, g_t_coef=-0.11356 (p=0.320)
  [joint_34] t=0 (98d left): mean Theta=-0.2355 seats, frac(deploy now)=0.535, basis R2=0.000, g_t_coef=+0.00000 (p=nan)
  draw 34: eta_scale=0.927 trickle_scale=1.304 lambda_scale=1.109 -> Theta(0)=-0.2355  (57.1s)
_ballot_last_names(2026): /Users/callumdoty/Desktop/Political Portfolio/data/raw/mit_elections/1976-2024-house.tab has no GEN-stage rows for 2026 (MIT MEDSL data lags the live cycle — its latest covered year is typically the prior completed election). The Senate/President-runner exclusion filter in load_candidate_disbursements() will be SKIPPED for this cycle: any House member's committee that disbursed >$10M while running for a different office will NOT be excluded from district totals until MIT's data catches up.
_ballot_last_names(2026): /Users/callumdoty/Desktop/Political Portfolio/data/raw/mit_elections/1976-2024-house.tab has no GEN-stage rows for 2026 (MIT MEDSL data lags the live cycle — its latest covered year is typically the prior completed election). The Senate/President-runner exclusion filter in load_candidate_disbursements() will be SKIPPED for this cycle: any House member's committee that disbursed >$10M while running for a different office will NOT be excluded from district totals until MIT's data catches up.
Dropping 11 races with no PVI: ['DC-00', 'GU-00', 'MI-14', 'MT-00', 'NY-29', 'PR-00', 'VI-00', 'GA-23', 'KS-00', 'MO-00', 'NY-27']
  [joint_35] computing terminal condition (forced deploy, 200 paths)...
  [joint_35] t=6 (14d left): mean Theta=-2.9618 seats, frac(deploy now)=1.000, basis R2=0.071, g_t_coef=-0.20857 (p=0.012)
  [joint_35] t=5 (28d left): mean Theta=-1.9940 seats, frac(deploy now)=0.940, basis R2=0.116, g_t_coef=-0.17810 (p=0.010)
  [joint_35] t=4 (42d left): mean Theta=-1.4310 seats, frac(deploy now)=0.815, basis R2=0.073, g_t_coef=-0.11799 (p=0.142)
  [joint_35] t=3 (56d left): mean Theta=-1.0803 seats, frac(deploy now)=0.730, basis R2=0.118, g_t_coef=-0.16489 (p=0.045)
  [joint_35] t=2 (70d left): mean Theta=-0.8355 seats, frac(deploy now)=0.680, basis R2=0.113, g_t_coef=-0.23287 (p=0.015)
  [joint_35] t=1 (84d left): mean Theta=-0.5385 seats, frac(deploy now)=0.585, basis R2=0.087, g_t_coef=-0.21233 (p=0.130)
  [joint_35] t=0 (98d left): mean Theta=-0.1460 seats, frac(deploy now)=0.505, basis R2=0.000, g_t_coef=+0.00000 (p=nan)
  draw 35: eta_scale=1.259 trickle_scale=1.301 lambda_scale=0.915 -> Theta(0)=-0.1460  (56.9s)
_ballot_last_names(2026): /Users/callumdoty/Desktop/Political Portfolio/data/raw/mit_elections/1976-2024-house.tab has no GEN-stage rows for 2026 (MIT MEDSL data lags the live cycle — its latest covered year is typically the prior completed election). The Senate/President-runner exclusion filter in load_candidate_disbursements() will be SKIPPED for this cycle: any House member's committee that disbursed >$10M while running for a different office will NOT be excluded from district totals until MIT's data catches up.
_ballot_last_names(2026): /Users/callumdoty/Desktop/Political Portfolio/data/raw/mit_elections/1976-2024-house.tab has no GEN-stage rows for 2026 (MIT MEDSL data lags the live cycle — its latest covered year is typically the prior completed election). The Senate/President-runner exclusion filter in load_candidate_disbursements() will be SKIPPED for this cycle: any House member's committee that disbursed >$10M while running for a different office will NOT be excluded from district totals until MIT's data catches up.
Dropping 11 races with no PVI: ['DC-00', 'GU-00', 'MI-14', 'MT-00', 'NY-29', 'PR-00', 'VI-00', 'GA-23', 'KS-00', 'MO-00', 'NY-27']
  [joint_36] computing terminal condition (forced deploy, 200 paths)...
  [joint_36] t=6 (14d left): mean Theta=-2.8593 seats, frac(deploy now)=0.990, basis R2=0.048, g_t_coef=+0.14383 (p=0.076)
  [joint_36] t=5 (28d left): mean Theta=-1.6715 seats, frac(deploy now)=0.925, basis R2=0.054, g_t_coef=+0.02545 (p=0.682)
  [joint_36] t=4 (42d left): mean Theta=-1.0877 seats, frac(deploy now)=0.860, basis R2=0.088, g_t_coef=-0.00586 (p=0.925)
  [joint_36] t=3 (56d left): mean Theta=-0.7855 seats, frac(deploy now)=0.715, basis R2=0.062, g_t_coef=-0.00881 (p=0.898)
  [joint_36] t=2 (70d left): mean Theta=-0.6009 seats, frac(deploy now)=0.690, basis R2=0.056, g_t_coef=+0.04634 (p=0.523)
  [joint_36] t=1 (84d left): mean Theta=-0.3585 seats, frac(deploy now)=0.570, basis R2=0.050, g_t_coef=+0.01440 (p=0.879)
  [joint_36] t=0 (98d left): mean Theta=-0.1710 seats, frac(deploy now)=0.505, basis R2=0.000, g_t_coef=+0.00000 (p=nan)
  draw 36: eta_scale=1.225 trickle_scale=0.631 lambda_scale=1.002 -> Theta(0)=-0.1710  (57.0s)
_ballot_last_names(2026): /Users/callumdoty/Desktop/Political Portfolio/data/raw/mit_elections/1976-2024-house.tab has no GEN-stage rows for 2026 (MIT MEDSL data lags the live cycle — its latest covered year is typically the prior completed election). The Senate/President-runner exclusion filter in load_candidate_disbursements() will be SKIPPED for this cycle: any House member's committee that disbursed >$10M while running for a different office will NOT be excluded from district totals until MIT's data catches up.
_ballot_last_names(2026): /Users/callumdoty/Desktop/Political Portfolio/data/raw/mit_elections/1976-2024-house.tab has no GEN-stage rows for 2026 (MIT MEDSL data lags the live cycle — its latest covered year is typically the prior completed election). The Senate/President-runner exclusion filter in load_candidate_disbursements() will be SKIPPED for this cycle: any House member's committee that disbursed >$10M while running for a different office will NOT be excluded from district totals until MIT's data catches up.
Dropping 11 races with no PVI: ['DC-00', 'GU-00', 'MI-14', 'MT-00', 'NY-29', 'PR-00', 'VI-00', 'GA-23', 'KS-00', 'MO-00', 'NY-27']
  [joint_37] computing terminal condition (forced deploy, 200 paths)...
  [joint_37] t=6 (14d left): mean Theta=-3.4004 seats, frac(deploy now)=0.995, basis R2=0.058, g_t_coef=+0.09949 (p=0.220)
  [joint_37] t=5 (28d left): mean Theta=-1.9476 seats, frac(deploy now)=0.970, basis R2=0.064, g_t_coef=+0.04808 (p=0.469)
  [joint_37] t=4 (42d left): mean Theta=-1.3391 seats, frac(deploy now)=0.870, basis R2=0.065, g_t_coef=+0.06283 (p=0.371)
  [joint_37] t=3 (56d left): mean Theta=-0.9930 seats, frac(deploy now)=0.785, basis R2=0.094, g_t_coef=+0.16860 (p=0.022)
  [joint_37] t=2 (70d left): mean Theta=-0.7144 seats, frac(deploy now)=0.735, basis R2=0.109, g_t_coef=+0.12966 (p=0.126)
  [joint_37] t=1 (84d left): mean Theta=-0.4669 seats, frac(deploy now)=0.605, basis R2=0.048, g_t_coef=+0.01737 (p=0.867)
  [joint_37] t=0 (98d left): mean Theta=-0.1744 seats, frac(deploy now)=0.490, basis R2=-0.000, g_t_coef=+0.00000 (p=nan)
  draw 37: eta_scale=0.944 trickle_scale=0.875 lambda_scale=1.070 -> Theta(0)=-0.1744  (58.1s)
_ballot_last_names(2026): /Users/callumdoty/Desktop/Political Portfolio/data/raw/mit_elections/1976-2024-house.tab has no GEN-stage rows for 2026 (MIT MEDSL data lags the live cycle — its latest covered year is typically the prior completed election). The Senate/President-runner exclusion filter in load_candidate_disbursements() will be SKIPPED for this cycle: any House member's committee that disbursed >$10M while running for a different office will NOT be excluded from district totals until MIT's data catches up.
_ballot_last_names(2026): /Users/callumdoty/Desktop/Political Portfolio/data/raw/mit_elections/1976-2024-house.tab has no GEN-stage rows for 2026 (MIT MEDSL data lags the live cycle — its latest covered year is typically the prior completed election). The Senate/President-runner exclusion filter in load_candidate_disbursements() will be SKIPPED for this cycle: any House member's committee that disbursed >$10M while running for a different office will NOT be excluded from district totals until MIT's data catches up.
Dropping 11 races with no PVI: ['DC-00', 'GU-00', 'MI-14', 'MT-00', 'NY-29', 'PR-00', 'VI-00', 'GA-23', 'KS-00', 'MO-00', 'NY-27']
  [joint_38] computing terminal condition (forced deploy, 200 paths)...
  [joint_38] t=6 (14d left): mean Theta=-3.4625 seats, frac(deploy now)=0.995, basis R2=0.090, g_t_coef=+0.06079 (p=0.436)
  [joint_38] t=5 (28d left): mean Theta=-1.7490 seats, frac(deploy now)=0.945, basis R2=0.093, g_t_coef=-0.00570 (p=0.932)
  [joint_38] t=4 (42d left): mean Theta=-1.1540 seats, frac(deploy now)=0.810, basis R2=0.095, g_t_coef=-0.00041 (p=0.995)
  [joint_38] t=3 (56d left): mean Theta=-0.8161 seats, frac(deploy now)=0.715, basis R2=0.102, g_t_coef=+0.06883 (p=0.382)
  [joint_38] t=2 (70d left): mean Theta=-0.5204 seats, frac(deploy now)=0.635, basis R2=0.089, g_t_coef=+0.00805 (p=0.919)
  [joint_38] t=1 (84d left): mean Theta=-0.2729 seats, frac(deploy now)=0.555, basis R2=0.052, g_t_coef=+0.09757 (p=0.305)
  [joint_38] t=0 (98d left): mean Theta=-0.0773 seats, frac(deploy now)=0.505, basis R2=-0.000, g_t_coef=+0.00000 (p=nan)
  draw 38: eta_scale=1.144 trickle_scale=0.628 lambda_scale=1.145 -> Theta(0)=-0.0773  (58.0s)
_ballot_last_names(2026): /Users/callumdoty/Desktop/Political Portfolio/data/raw/mit_elections/1976-2024-house.tab has no GEN-stage rows for 2026 (MIT MEDSL data lags the live cycle — its latest covered year is typically the prior completed election). The Senate/President-runner exclusion filter in load_candidate_disbursements() will be SKIPPED for this cycle: any House member's committee that disbursed >$10M while running for a different office will NOT be excluded from district totals until MIT's data catches up.
_ballot_last_names(2026): /Users/callumdoty/Desktop/Political Portfolio/data/raw/mit_elections/1976-2024-house.tab has no GEN-stage rows for 2026 (MIT MEDSL data lags the live cycle — its latest covered year is typically the prior completed election). The Senate/President-runner exclusion filter in load_candidate_disbursements() will be SKIPPED for this cycle: any House member's committee that disbursed >$10M while running for a different office will NOT be excluded from district totals until MIT's data catches up.
Dropping 11 races with no PVI: ['DC-00', 'GU-00', 'MI-14', 'MT-00', 'NY-29', 'PR-00', 'VI-00', 'GA-23', 'KS-00', 'MO-00', 'NY-27']
  [joint_39] computing terminal condition (forced deploy, 200 paths)...
  [joint_39] t=6 (14d left): mean Theta=-3.4635 seats, frac(deploy now)=0.995, basis R2=0.035, g_t_coef=-0.05966 (p=0.403)
  [joint_39] t=5 (28d left): mean Theta=-1.8821 seats, frac(deploy now)=0.975, basis R2=0.044, g_t_coef=-0.01618 (p=0.758)
  [joint_39] t=4 (42d left): mean Theta=-1.2651 seats, frac(deploy now)=0.950, basis R2=0.096, g_t_coef=-0.00638 (p=0.898)
  [joint_39] t=3 (56d left): mean Theta=-0.9521 seats, frac(deploy now)=0.895, basis R2=0.115, g_t_coef=-0.05178 (p=0.336)
  [joint_39] t=2 (70d left): mean Theta=-0.6951 seats, frac(deploy now)=0.830, basis R2=0.078, g_t_coef=-0.05577 (p=0.399)
  [joint_39] t=1 (84d left): mean Theta=-0.5079 seats, frac(deploy now)=0.730, basis R2=0.057, g_t_coef=+0.01705 (p=0.818)
  [joint_39] t=0 (98d left): mean Theta=-0.2922 seats, frac(deploy now)=0.635, basis R2=0.000, g_t_coef=+0.00000 (p=nan)
  draw 39: eta_scale=0.760 trickle_scale=0.739 lambda_scale=1.115 -> Theta(0)=-0.2922  (58.3s)
_ballot_last_names(2026): /Users/callumdoty/Desktop/Political Portfolio/data/raw/mit_elections/1976-2024-house.tab has no GEN-stage rows for 2026 (MIT MEDSL data lags the live cycle — its latest covered year is typically the prior completed election). The Senate/President-runner exclusion filter in load_candidate_disbursements() will be SKIPPED for this cycle: any House member's committee that disbursed >$10M while running for a different office will NOT be excluded from district totals until MIT's data catches up.
_ballot_last_names(2026): /Users/callumdoty/Desktop/Political Portfolio/data/raw/mit_elections/1976-2024-house.tab has no GEN-stage rows for 2026 (MIT MEDSL data lags the live cycle — its latest covered year is typically the prior completed election). The Senate/President-runner exclusion filter in load_candidate_disbursements() will be SKIPPED for this cycle: any House member's committee that disbursed >$10M while running for a different office will NOT be excluded from district totals until MIT's data catches up.
Dropping 11 races with no PVI: ['DC-00', 'GU-00', 'MI-14', 'MT-00', 'NY-29', 'PR-00', 'VI-00', 'GA-23', 'KS-00', 'MO-00', 'NY-27']
  [joint_40] computing terminal condition (forced deploy, 200 paths)...
  [joint_40] t=6 (14d left): mean Theta=-3.2429 seats, frac(deploy now)=0.995, basis R2=0.046, g_t_coef=-0.05503 (p=0.463)
  [joint_40] t=5 (28d left): mean Theta=-2.0149 seats, frac(deploy now)=0.955, basis R2=0.089, g_t_coef=-0.07140 (p=0.231)
  [joint_40] t=4 (42d left): mean Theta=-1.4171 seats, frac(deploy now)=0.890, basis R2=0.059, g_t_coef=-0.05044 (p=0.436)
  [joint_40] t=3 (56d left): mean Theta=-1.0919 seats, frac(deploy now)=0.835, basis R2=0.059, g_t_coef=-0.01548 (p=0.825)
  [joint_40] t=2 (70d left): mean Theta=-0.8907 seats, frac(deploy now)=0.785, basis R2=0.079, g_t_coef=+0.09119 (p=0.254)
  [joint_40] t=1 (84d left): mean Theta=-0.6097 seats, frac(deploy now)=0.685, basis R2=0.031, g_t_coef=+0.05696 (p=0.577)
  [joint_40] t=0 (98d left): mean Theta=-0.3084 seats, frac(deploy now)=0.580, basis R2=0.000, g_t_coef=+0.00000 (p=nan)
  draw 40: eta_scale=0.775 trickle_scale=1.074 lambda_scale=0.940 -> Theta(0)=-0.3084  (60.4s)
_ballot_last_names(2026): /Users/callumdoty/Desktop/Political Portfolio/data/raw/mit_elections/1976-2024-house.tab has no GEN-stage rows for 2026 (MIT MEDSL data lags the live cycle — its latest covered year is typically the prior completed election). The Senate/President-runner exclusion filter in load_candidate_disbursements() will be SKIPPED for this cycle: any House member's committee that disbursed >$10M while running for a different office will NOT be excluded from district totals until MIT's data catches up.
_ballot_last_names(2026): /Users/callumdoty/Desktop/Political Portfolio/data/raw/mit_elections/1976-2024-house.tab has no GEN-stage rows for 2026 (MIT MEDSL data lags the live cycle — its latest covered year is typically the prior completed election). The Senate/President-runner exclusion filter in load_candidate_disbursements() will be SKIPPED for this cycle: any House member's committee that disbursed >$10M while running for a different office will NOT be excluded from district totals until MIT's data catches up.
Dropping 11 races with no PVI: ['DC-00', 'GU-00', 'MI-14', 'MT-00', 'NY-29', 'PR-00', 'VI-00', 'GA-23', 'KS-00', 'MO-00', 'NY-27']
  [joint_41] computing terminal condition (forced deploy, 200 paths)...
  [joint_41] t=6 (14d left): mean Theta=-3.3860 seats, frac(deploy now)=1.000, basis R2=0.043, g_t_coef=-0.13440 (p=0.064)
  [joint_41] t=5 (28d left): mean Theta=-1.8418 seats, frac(deploy now)=0.970, basis R2=0.063, g_t_coef=-0.01786 (p=0.710)
  [joint_41] t=4 (42d left): mean Theta=-1.2650 seats, frac(deploy now)=0.930, basis R2=0.048, g_t_coef=+0.02461 (p=0.616)
  [joint_41] t=3 (56d left): mean Theta=-0.9755 seats, frac(deploy now)=0.860, basis R2=0.108, g_t_coef=+0.04441 (p=0.357)
  [joint_41] t=2 (70d left): mean Theta=-0.6989 seats, frac(deploy now)=0.795, basis R2=0.077, g_t_coef=+0.06175 (p=0.295)
  [joint_41] t=1 (84d left): mean Theta=-0.5375 seats, frac(deploy now)=0.745, basis R2=0.060, g_t_coef=+0.10136 (p=0.180)
  [joint_41] t=0 (98d left): mean Theta=-0.3054 seats, frac(deploy now)=0.595, basis R2=0.000, g_t_coef=+0.00000 (p=nan)
  draw 41: eta_scale=0.757 trickle_scale=0.716 lambda_scale=1.027 -> Theta(0)=-0.3054  (70.8s)
_ballot_last_names(2026): /Users/callumdoty/Desktop/Political Portfolio/data/raw/mit_elections/1976-2024-house.tab has no GEN-stage rows for 2026 (MIT MEDSL data lags the live cycle — its latest covered year is typically the prior completed election). The Senate/President-runner exclusion filter in load_candidate_disbursements() will be SKIPPED for this cycle: any House member's committee that disbursed >$10M while running for a different office will NOT be excluded from district totals until MIT's data catches up.
_ballot_last_names(2026): /Users/callumdoty/Desktop/Political Portfolio/data/raw/mit_elections/1976-2024-house.tab has no GEN-stage rows for 2026 (MIT MEDSL data lags the live cycle — its latest covered year is typically the prior completed election). The Senate/President-runner exclusion filter in load_candidate_disbursements() will be SKIPPED for this cycle: any House member's committee that disbursed >$10M while running for a different office will NOT be excluded from district totals until MIT's data catches up.
Dropping 11 races with no PVI: ['DC-00', 'GU-00', 'MI-14', 'MT-00', 'NY-29', 'PR-00', 'VI-00', 'GA-23', 'KS-00', 'MO-00', 'NY-27']
  [joint_42] computing terminal condition (forced deploy, 200 paths)...
  [joint_42] t=6 (14d left): mean Theta=-3.1321 seats, frac(deploy now)=0.995, basis R2=0.021, g_t_coef=-0.03944 (p=0.619)
  [joint_42] t=5 (28d left): mean Theta=-1.9028 seats, frac(deploy now)=0.940, basis R2=0.040, g_t_coef=-0.03121 (p=0.634)
  [joint_42] t=4 (42d left): mean Theta=-1.2697 seats, frac(deploy now)=0.865, basis R2=0.066, g_t_coef=-0.02116 (p=0.751)
  [joint_42] t=3 (56d left): mean Theta=-0.9209 seats, frac(deploy now)=0.760, basis R2=0.066, g_t_coef=-0.03281 (p=0.665)
  [joint_42] t=2 (70d left): mean Theta=-0.6913 seats, frac(deploy now)=0.685, basis R2=0.038, g_t_coef=-0.06244 (p=0.479)
  [joint_42] t=1 (84d left): mean Theta=-0.4201 seats, frac(deploy now)=0.595, basis R2=0.050, g_t_coef=+0.09344 (p=0.395)
  [joint_42] t=0 (98d left): mean Theta=-0.1157 seats, frac(deploy now)=0.495, basis R2=0.000, g_t_coef=+0.00000 (p=nan)
  draw 42: eta_scale=1.195 trickle_scale=0.869 lambda_scale=1.066 -> Theta(0)=-0.1157  (59.5s)
_ballot_last_names(2026): /Users/callumdoty/Desktop/Political Portfolio/data/raw/mit_elections/1976-2024-house.tab has no GEN-stage rows for 2026 (MIT MEDSL data lags the live cycle — its latest covered year is typically the prior completed election). The Senate/President-runner exclusion filter in load_candidate_disbursements() will be SKIPPED for this cycle: any House member's committee that disbursed >$10M while running for a different office will NOT be excluded from district totals until MIT's data catches up.
_ballot_last_names(2026): /Users/callumdoty/Desktop/Political Portfolio/data/raw/mit_elections/1976-2024-house.tab has no GEN-stage rows for 2026 (MIT MEDSL data lags the live cycle — its latest covered year is typically the prior completed election). The Senate/President-runner exclusion filter in load_candidate_disbursements() will be SKIPPED for this cycle: any House member's committee that disbursed >$10M while running for a different office will NOT be excluded from district totals until MIT's data catches up.
Dropping 11 races with no PVI: ['DC-00', 'GU-00', 'MI-14', 'MT-00', 'NY-29', 'PR-00', 'VI-00', 'GA-23', 'KS-00', 'MO-00', 'NY-27']
  [joint_43] computing terminal condition (forced deploy, 200 paths)...
  [joint_43] t=6 (14d left): mean Theta=-3.4825 seats, frac(deploy now)=1.000, basis R2=0.037, g_t_coef=+0.04097 (p=0.572)
  [joint_43] t=5 (28d left): mean Theta=-2.0622 seats, frac(deploy now)=0.985, basis R2=0.067, g_t_coef=+0.01348 (p=0.820)
  [joint_43] t=4 (42d left): mean Theta=-1.5204 seats, frac(deploy now)=0.935, basis R2=0.057, g_t_coef=+0.01902 (p=0.766)
  [joint_43] t=3 (56d left): mean Theta=-1.1957 seats, frac(deploy now)=0.860, basis R2=0.101, g_t_coef=+0.01424 (p=0.844)
  [joint_43] t=2 (70d left): mean Theta=-0.9473 seats, frac(deploy now)=0.780, basis R2=0.104, g_t_coef=+0.00489 (p=0.952)
  [joint_43] t=1 (84d left): mean Theta=-0.6977 seats, frac(deploy now)=0.675, basis R2=0.070, g_t_coef=-0.11717 (p=0.279)
  [joint_43] t=0 (98d left): mean Theta=-0.2900 seats, frac(deploy now)=0.560, basis R2=0.000, g_t_coef=+0.00000 (p=nan)
  draw 43: eta_scale=0.953 trickle_scale=1.276 lambda_scale=0.917 -> Theta(0)=-0.2900  (55.7s)
_ballot_last_names(2026): /Users/callumdoty/Desktop/Political Portfolio/data/raw/mit_elections/1976-2024-house.tab has no GEN-stage rows for 2026 (MIT MEDSL data lags the live cycle — its latest covered year is typically the prior completed election). The Senate/President-runner exclusion filter in load_candidate_disbursements() will be SKIPPED for this cycle: any House member's committee that disbursed >$10M while running for a different office will NOT be excluded from district totals until MIT's data catches up.
_ballot_last_names(2026): /Users/callumdoty/Desktop/Political Portfolio/data/raw/mit_elections/1976-2024-house.tab has no GEN-stage rows for 2026 (MIT MEDSL data lags the live cycle — its latest covered year is typically the prior completed election). The Senate/President-runner exclusion filter in load_candidate_disbursements() will be SKIPPED for this cycle: any House member's committee that disbursed >$10M while running for a different office will NOT be excluded from district totals until MIT's data catches up.
Dropping 11 races with no PVI: ['DC-00', 'GU-00', 'MI-14', 'MT-00', 'NY-29', 'PR-00', 'VI-00', 'GA-23', 'KS-00', 'MO-00', 'NY-27']
  [joint_44] computing terminal condition (forced deploy, 200 paths)...
  [joint_44] t=6 (14d left): mean Theta=-3.1803 seats, frac(deploy now)=0.990, basis R2=0.033, g_t_coef=-0.08743 (p=0.210)
  [joint_44] t=5 (28d left): mean Theta=-1.9351 seats, frac(deploy now)=0.930, basis R2=0.042, g_t_coef=-0.01848 (p=0.770)
  [joint_44] t=4 (42d left): mean Theta=-1.3905 seats, frac(deploy now)=0.875, basis R2=0.052, g_t_coef=-0.01760 (p=0.790)
  [joint_44] t=3 (56d left): mean Theta=-1.0467 seats, frac(deploy now)=0.770, basis R2=0.057, g_t_coef=-0.02557 (p=0.734)
  [joint_44] t=2 (70d left): mean Theta=-0.7878 seats, frac(deploy now)=0.675, basis R2=0.026, g_t_coef=-0.01615 (p=0.863)
  [joint_44] t=1 (84d left): mean Theta=-0.5097 seats, frac(deploy now)=0.610, basis R2=0.041, g_t_coef=-0.12402 (p=0.290)
  [joint_44] t=0 (98d left): mean Theta=-0.1289 seats, frac(deploy now)=0.470, basis R2=-0.000, g_t_coef=+0.00000 (p=nan)
  draw 44: eta_scale=1.151 trickle_scale=1.177 lambda_scale=0.959 -> Theta(0)=-0.1289  (56.2s)
_ballot_last_names(2026): /Users/callumdoty/Desktop/Political Portfolio/data/raw/mit_elections/1976-2024-house.tab has no GEN-stage rows for 2026 (MIT MEDSL data lags the live cycle — its latest covered year is typically the prior completed election). The Senate/President-runner exclusion filter in load_candidate_disbursements() will be SKIPPED for this cycle: any House member's committee that disbursed >$10M while running for a different office will NOT be excluded from district totals until MIT's data catches up.
_ballot_last_names(2026): /Users/callumdoty/Desktop/Political Portfolio/data/raw/mit_elections/1976-2024-house.tab has no GEN-stage rows for 2026 (MIT MEDSL data lags the live cycle — its latest covered year is typically the prior completed election). The Senate/President-runner exclusion filter in load_candidate_disbursements() will be SKIPPED for this cycle: any House member's committee that disbursed >$10M while running for a different office will NOT be excluded from district totals until MIT's data catches up.
Dropping 11 races with no PVI: ['DC-00', 'GU-00', 'MI-14', 'MT-00', 'NY-29', 'PR-00', 'VI-00', 'GA-23', 'KS-00', 'MO-00', 'NY-27']
  [joint_45] computing terminal condition (forced deploy, 200 paths)...
  [joint_45] t=6 (14d left): mean Theta=-3.3385 seats, frac(deploy now)=1.000, basis R2=0.038, g_t_coef=-0.04343 (p=0.594)
  [joint_45] t=5 (28d left): mean Theta=-1.7849 seats, frac(deploy now)=0.960, basis R2=0.053, g_t_coef=-0.01807 (p=0.767)
  [joint_45] t=4 (42d left): mean Theta=-1.2159 seats, frac(deploy now)=0.895, basis R2=0.041, g_t_coef=-0.05937 (p=0.310)
  [joint_45] t=3 (56d left): mean Theta=-0.8830 seats, frac(deploy now)=0.840, basis R2=0.072, g_t_coef=-0.09376 (p=0.126)
  [joint_45] t=2 (70d left): mean Theta=-0.6343 seats, frac(deploy now)=0.755, basis R2=0.086, g_t_coef=-0.07753 (p=0.213)
  [joint_45] t=1 (84d left): mean Theta=-0.4125 seats, frac(deploy now)=0.650, basis R2=0.140, g_t_coef=+0.00555 (p=0.948)
  [joint_45] t=0 (98d left): mean Theta=-0.2779 seats, frac(deploy now)=0.570, basis R2=0.000, g_t_coef=+0.00000 (p=nan)
  draw 45: eta_scale=0.814 trickle_scale=0.630 lambda_scale=1.076 -> Theta(0)=-0.2779  (58.9s)
_ballot_last_names(2026): /Users/callumdoty/Desktop/Political Portfolio/data/raw/mit_elections/1976-2024-house.tab has no GEN-stage rows for 2026 (MIT MEDSL data lags the live cycle — its latest covered year is typically the prior completed election). The Senate/President-runner exclusion filter in load_candidate_disbursements() will be SKIPPED for this cycle: any House member's committee that disbursed >$10M while running for a different office will NOT be excluded from district totals until MIT's data catches up.
_ballot_last_names(2026): /Users/callumdoty/Desktop/Political Portfolio/data/raw/mit_elections/1976-2024-house.tab has no GEN-stage rows for 2026 (MIT MEDSL data lags the live cycle — its latest covered year is typically the prior completed election). The Senate/President-runner exclusion filter in load_candidate_disbursements() will be SKIPPED for this cycle: any House member's committee that disbursed >$10M while running for a different office will NOT be excluded from district totals until MIT's data catches up.
Dropping 11 races with no PVI: ['DC-00', 'GU-00', 'MI-14', 'MT-00', 'NY-29', 'PR-00', 'VI-00', 'GA-23', 'KS-00', 'MO-00', 'NY-27']
  [joint_46] computing terminal condition (forced deploy, 200 paths)...
  [joint_46] t=6 (14d left): mean Theta=-3.3830 seats, frac(deploy now)=0.995, basis R2=0.045, g_t_coef=-0.10641 (p=0.162)
  [joint_46] t=5 (28d left): mean Theta=-1.8497 seats, frac(deploy now)=0.955, basis R2=0.062, g_t_coef=-0.08008 (p=0.197)
  [joint_46] t=4 (42d left): mean Theta=-1.2920 seats, frac(deploy now)=0.890, basis R2=0.080, g_t_coef=-0.13496 (p=0.046)
  [joint_46] t=3 (56d left): mean Theta=-0.9695 seats, frac(deploy now)=0.785, basis R2=0.090, g_t_coef=-0.17106 (p=0.024)
  [joint_46] t=2 (70d left): mean Theta=-0.6914 seats, frac(deploy now)=0.710, basis R2=0.120, g_t_coef=-0.12443 (p=0.139)
  [joint_46] t=1 (84d left): mean Theta=-0.3896 seats, frac(deploy now)=0.580, basis R2=0.085, g_t_coef=-0.24223 (p=0.040)
  [joint_46] t=0 (98d left): mean Theta=-0.1632 seats, frac(deploy now)=0.495, basis R2=0.000, g_t_coef=+0.00000 (p=nan)
  draw 46: eta_scale=1.079 trickle_scale=0.870 lambda_scale=1.046 -> Theta(0)=-0.1632  (58.2s)
_ballot_last_names(2026): /Users/callumdoty/Desktop/Political Portfolio/data/raw/mit_elections/1976-2024-house.tab has no GEN-stage rows for 2026 (MIT MEDSL data lags the live cycle — its latest covered year is typically the prior completed election). The Senate/President-runner exclusion filter in load_candidate_disbursements() will be SKIPPED for this cycle: any House member's committee that disbursed >$10M while running for a different office will NOT be excluded from district totals until MIT's data catches up.
_ballot_last_names(2026): /Users/callumdoty/Desktop/Political Portfolio/data/raw/mit_elections/1976-2024-house.tab has no GEN-stage rows for 2026 (MIT MEDSL data lags the live cycle — its latest covered year is typically the prior completed election). The Senate/President-runner exclusion filter in load_candidate_disbursements() will be SKIPPED for this cycle: any House member's committee that disbursed >$10M while running for a different office will NOT be excluded from district totals until MIT's data catches up.
Dropping 11 races with no PVI: ['DC-00', 'GU-00', 'MI-14', 'MT-00', 'NY-29', 'PR-00', 'VI-00', 'GA-23', 'KS-00', 'MO-00', 'NY-27']
  [joint_47] computing terminal condition (forced deploy, 200 paths)...
  [joint_47] t=6 (14d left): mean Theta=-3.2494 seats, frac(deploy now)=0.995, basis R2=0.065, g_t_coef=+0.07966 (p=0.281)
  [joint_47] t=5 (28d left): mean Theta=-1.9325 seats, frac(deploy now)=0.960, basis R2=0.081, g_t_coef=-0.01657 (p=0.766)
  [joint_47] t=4 (42d left): mean Theta=-1.3810 seats, frac(deploy now)=0.905, basis R2=0.064, g_t_coef=-0.00646 (p=0.914)
  [joint_47] t=3 (56d left): mean Theta=-1.0870 seats, frac(deploy now)=0.835, basis R2=0.095, g_t_coef=-0.08071 (p=0.225)
  [joint_47] t=2 (70d left): mean Theta=-0.8189 seats, frac(deploy now)=0.760, basis R2=0.113, g_t_coef=-0.06864 (p=0.352)
  [joint_47] t=1 (84d left): mean Theta=-0.5369 seats, frac(deploy now)=0.655, basis R2=0.054, g_t_coef=-0.04510 (p=0.645)
  [joint_47] t=0 (98d left): mean Theta=-0.2679 seats, frac(deploy now)=0.560, basis R2=0.000, g_t_coef=+0.00000 (p=nan)
  draw 47: eta_scale=0.843 trickle_scale=0.986 lambda_scale=0.955 -> Theta(0)=-0.2679  (59.5s)
_ballot_last_names(2026): /Users/callumdoty/Desktop/Political Portfolio/data/raw/mit_elections/1976-2024-house.tab has no GEN-stage rows for 2026 (MIT MEDSL data lags the live cycle — its latest covered year is typically the prior completed election). The Senate/President-runner exclusion filter in load_candidate_disbursements() will be SKIPPED for this cycle: any House member's committee that disbursed >$10M while running for a different office will NOT be excluded from district totals until MIT's data catches up.
_ballot_last_names(2026): /Users/callumdoty/Desktop/Political Portfolio/data/raw/mit_elections/1976-2024-house.tab has no GEN-stage rows for 2026 (MIT MEDSL data lags the live cycle — its latest covered year is typically the prior completed election). The Senate/President-runner exclusion filter in load_candidate_disbursements() will be SKIPPED for this cycle: any House member's committee that disbursed >$10M while running for a different office will NOT be excluded from district totals until MIT's data catches up.
Dropping 11 races with no PVI: ['DC-00', 'GU-00', 'MI-14', 'MT-00', 'NY-29', 'PR-00', 'VI-00', 'GA-23', 'KS-00', 'MO-00', 'NY-27']
  [joint_48] computing terminal condition (forced deploy, 200 paths)...
  [joint_48] t=6 (14d left): mean Theta=-2.8764 seats, frac(deploy now)=0.995, basis R2=0.014, g_t_coef=+0.03925 (p=0.649)
  [joint_48] t=5 (28d left): mean Theta=-1.7460 seats, frac(deploy now)=0.930, basis R2=0.040, g_t_coef=-0.03458 (p=0.619)
  [joint_48] t=4 (42d left): mean Theta=-1.2129 seats, frac(deploy now)=0.850, basis R2=0.080, g_t_coef=+0.04203 (p=0.544)
  [joint_48] t=3 (56d left): mean Theta=-0.8680 seats, frac(deploy now)=0.735, basis R2=0.057, g_t_coef=+0.04444 (p=0.540)
  [joint_48] t=2 (70d left): mean Theta=-0.6282 seats, frac(deploy now)=0.710, basis R2=0.111, g_t_coef=+0.07690 (p=0.327)
  [joint_48] t=1 (84d left): mean Theta=-0.3529 seats, frac(deploy now)=0.575, basis R2=0.058, g_t_coef=-0.01704 (p=0.864)
  [joint_48] t=0 (98d left): mean Theta=-0.1180 seats, frac(deploy now)=0.530, basis R2=0.000, g_t_coef=+0.00000 (p=nan)
  draw 48: eta_scale=1.247 trickle_scale=0.787 lambda_scale=1.036 -> Theta(0)=-0.1180  (57.6s)
_ballot_last_names(2026): /Users/callumdoty/Desktop/Political Portfolio/data/raw/mit_elections/1976-2024-house.tab has no GEN-stage rows for 2026 (MIT MEDSL data lags the live cycle — its latest covered year is typically the prior completed election). The Senate/President-runner exclusion filter in load_candidate_disbursements() will be SKIPPED for this cycle: any House member's committee that disbursed >$10M while running for a different office will NOT be excluded from district totals until MIT's data catches up.
_ballot_last_names(2026): /Users/callumdoty/Desktop/Political Portfolio/data/raw/mit_elections/1976-2024-house.tab has no GEN-stage rows for 2026 (MIT MEDSL data lags the live cycle — its latest covered year is typically the prior completed election). The Senate/President-runner exclusion filter in load_candidate_disbursements() will be SKIPPED for this cycle: any House member's committee that disbursed >$10M while running for a different office will NOT be excluded from district totals until MIT's data catches up.
Dropping 11 races with no PVI: ['DC-00', 'GU-00', 'MI-14', 'MT-00', 'NY-29', 'PR-00', 'VI-00', 'GA-23', 'KS-00', 'MO-00', 'NY-27']
  [joint_49] computing terminal condition (forced deploy, 200 paths)...
  [joint_49] t=6 (14d left): mean Theta=-3.3361 seats, frac(deploy now)=1.000, basis R2=0.020, g_t_coef=-0.05587 (p=0.486)
  [joint_49] t=5 (28d left): mean Theta=-1.9057 seats, frac(deploy now)=0.975, basis R2=0.096, g_t_coef=+0.03148 (p=0.591)
  [joint_49] t=4 (42d left): mean Theta=-1.3436 seats, frac(deploy now)=0.885, basis R2=0.127, g_t_coef=+0.07561 (p=0.229)
  [joint_49] t=3 (56d left): mean Theta=-0.9951 seats, frac(deploy now)=0.830, basis R2=0.140, g_t_coef=+0.04805 (p=0.467)
  [joint_49] t=2 (70d left): mean Theta=-0.7265 seats, frac(deploy now)=0.735, basis R2=0.109, g_t_coef=+0.05225 (p=0.506)
  [joint_49] t=1 (84d left): mean Theta=-0.4872 seats, frac(deploy now)=0.665, basis R2=0.072, g_t_coef=+0.05668 (p=0.544)
  [joint_49] t=0 (98d left): mean Theta=-0.2391 seats, frac(deploy now)=0.520, basis R2=0.000, g_t_coef=+0.00000 (p=nan)
  draw 49: eta_scale=0.870 trickle_scale=0.864 lambda_scale=1.061 -> Theta(0)=-0.2391  (58.0s)
_ballot_last_names(2026): /Users/callumdoty/Desktop/Political Portfolio/data/raw/mit_elections/1976-2024-house.tab has no GEN-stage rows for 2026 (MIT MEDSL data lags the live cycle — its latest covered year is typically the prior completed election). The Senate/President-runner exclusion filter in load_candidate_disbursements() will be SKIPPED for this cycle: any House member's committee that disbursed >$10M while running for a different office will NOT be excluded from district totals until MIT's data catches up.
_ballot_last_names(2026): /Users/callumdoty/Desktop/Political Portfolio/data/raw/mit_elections/1976-2024-house.tab has no GEN-stage rows for 2026 (MIT MEDSL data lags the live cycle — its latest covered year is typically the prior completed election). The Senate/President-runner exclusion filter in load_candidate_disbursements() will be SKIPPED for this cycle: any House member's committee that disbursed >$10M while running for a different office will NOT be excluded from district totals until MIT's data catches up.
Dropping 11 races with no PVI: ['DC-00', 'GU-00', 'MI-14', 'MT-00', 'NY-29', 'PR-00', 'VI-00', 'GA-23', 'KS-00', 'MO-00', 'NY-27']
  [joint_50] computing terminal condition (forced deploy, 200 paths)...
  [joint_50] t=6 (14d left): mean Theta=-3.2955 seats, frac(deploy now)=1.000, basis R2=0.028, g_t_coef=-0.09074 (p=0.296)
  [joint_50] t=5 (28d left): mean Theta=-1.9907 seats, frac(deploy now)=0.985, basis R2=0.055, g_t_coef=-0.05109 (p=0.423)
  [joint_50] t=4 (42d left): mean Theta=-1.4695 seats, frac(deploy now)=0.900, basis R2=0.067, g_t_coef=-0.00046 (p=0.994)
  [joint_50] t=3 (56d left): mean Theta=-1.1066 seats, frac(deploy now)=0.810, basis R2=0.066, g_t_coef=-0.03351 (p=0.643)
  [joint_50] t=2 (70d left): mean Theta=-0.8228 seats, frac(deploy now)=0.760, basis R2=0.060, g_t_coef=-0.05145 (p=0.544)
  [joint_50] t=1 (84d left): mean Theta=-0.5723 seats, frac(deploy now)=0.625, basis R2=0.083, g_t_coef=-0.04291 (p=0.707)
  [joint_50] t=0 (98d left): mean Theta=-0.2632 seats, frac(deploy now)=0.530, basis R2=0.000, g_t_coef=+0.00000 (p=nan)
  draw 50: eta_scale=1.044 trickle_scale=1.140 lambda_scale=1.052 -> Theta(0)=-0.2632  (58.5s)
_ballot_last_names(2026): /Users/callumdoty/Desktop/Political Portfolio/data/raw/mit_elections/1976-2024-house.tab has no GEN-stage rows for 2026 (MIT MEDSL data lags the live cycle — its latest covered year is typically the prior completed election). The Senate/President-runner exclusion filter in load_candidate_disbursements() will be SKIPPED for this cycle: any House member's committee that disbursed >$10M while running for a different office will NOT be excluded from district totals until MIT's data catches up.
_ballot_last_names(2026): /Users/callumdoty/Desktop/Political Portfolio/data/raw/mit_elections/1976-2024-house.tab has no GEN-stage rows for 2026 (MIT MEDSL data lags the live cycle — its latest covered year is typically the prior completed election). The Senate/President-runner exclusion filter in load_candidate_disbursements() will be SKIPPED for this cycle: any House member's committee that disbursed >$10M while running for a different office will NOT be excluded from district totals until MIT's data catches up.
Dropping 11 races with no PVI: ['DC-00', 'GU-00', 'MI-14', 'MT-00', 'NY-29', 'PR-00', 'VI-00', 'GA-23', 'KS-00', 'MO-00', 'NY-27']
  [joint_51] computing terminal condition (forced deploy, 200 paths)...
  [joint_51] t=6 (14d left): mean Theta=-3.1541 seats, frac(deploy now)=1.000, basis R2=0.046, g_t_coef=-0.06926 (p=0.342)
  [joint_51] t=5 (28d left): mean Theta=-1.7073 seats, frac(deploy now)=0.975, basis R2=0.107, g_t_coef=+0.05421 (p=0.231)
  [joint_51] t=4 (42d left): mean Theta=-1.2912 seats, frac(deploy now)=0.900, basis R2=0.106, g_t_coef=+0.08773 (p=0.076)
  [joint_51] t=3 (56d left): mean Theta=-0.9316 seats, frac(deploy now)=0.860, basis R2=0.154, g_t_coef=+0.08638 (p=0.089)
  [joint_51] t=2 (70d left): mean Theta=-0.6997 seats, frac(deploy now)=0.825, basis R2=0.164, g_t_coef=+0.12169 (p=0.033)
  [joint_51] t=1 (84d left): mean Theta=-0.5108 seats, frac(deploy now)=0.715, basis R2=0.102, g_t_coef=+0.11862 (p=0.127)
  [joint_51] t=0 (98d left): mean Theta=-0.3332 seats, frac(deploy now)=0.615, basis R2=0.000, g_t_coef=+0.00000 (p=nan)
  draw 51: eta_scale=0.745 trickle_scale=0.715 lambda_scale=0.874 -> Theta(0)=-0.3332  (70.5s)
_ballot_last_names(2026): /Users/callumdoty/Desktop/Political Portfolio/data/raw/mit_elections/1976-2024-house.tab has no GEN-stage rows for 2026 (MIT MEDSL data lags the live cycle — its latest covered year is typically the prior completed election). The Senate/President-runner exclusion filter in load_candidate_disbursements() will be SKIPPED for this cycle: any House member's committee that disbursed >$10M while running for a different office will NOT be excluded from district totals until MIT's data catches up.
_ballot_last_names(2026): /Users/callumdoty/Desktop/Political Portfolio/data/raw/mit_elections/1976-2024-house.tab has no GEN-stage rows for 2026 (MIT MEDSL data lags the live cycle — its latest covered year is typically the prior completed election). The Senate/President-runner exclusion filter in load_candidate_disbursements() will be SKIPPED for this cycle: any House member's committee that disbursed >$10M while running for a different office will NOT be excluded from district totals until MIT's data catches up.
Dropping 11 races with no PVI: ['DC-00', 'GU-00', 'MI-14', 'MT-00', 'NY-29', 'PR-00', 'VI-00', 'GA-23', 'KS-00', 'MO-00', 'NY-27']
  [joint_52] computing terminal condition (forced deploy, 200 paths)...
  [joint_52] t=6 (14d left): mean Theta=-3.5341 seats, frac(deploy now)=1.000, basis R2=0.023, g_t_coef=+0.02723 (p=0.693)
  [joint_52] t=5 (28d left): mean Theta=-1.9576 seats, frac(deploy now)=0.980, basis R2=0.076, g_t_coef=-0.01841 (p=0.737)
  [joint_52] t=4 (42d left): mean Theta=-1.3658 seats, frac(deploy now)=0.940, basis R2=0.100, g_t_coef=-0.00323 (p=0.954)
  [joint_52] t=3 (56d left): mean Theta=-1.0249 seats, frac(deploy now)=0.860, basis R2=0.079, g_t_coef=-0.00927 (p=0.890)
  [joint_52] t=2 (70d left): mean Theta=-0.7474 seats, frac(deploy now)=0.775, basis R2=0.079, g_t_coef=+0.02686 (p=0.718)
  [joint_52] t=1 (84d left): mean Theta=-0.5082 seats, frac(deploy now)=0.720, basis R2=0.138, g_t_coef=+0.09308 (p=0.272)
  [joint_52] t=0 (98d left): mean Theta=-0.2765 seats, frac(deploy now)=0.620, basis R2=0.000, g_t_coef=+0.00000 (p=nan)
  draw 52: eta_scale=0.834 trickle_scale=0.901 lambda_scale=1.134 -> Theta(0)=-0.2765  (57.1s)
_ballot_last_names(2026): /Users/callumdoty/Desktop/Political Portfolio/data/raw/mit_elections/1976-2024-house.tab has no GEN-stage rows for 2026 (MIT MEDSL data lags the live cycle — its latest covered year is typically the prior completed election). The Senate/President-runner exclusion filter in load_candidate_disbursements() will be SKIPPED for this cycle: any House member's committee that disbursed >$10M while running for a different office will NOT be excluded from district totals until MIT's data catches up.
_ballot_last_names(2026): /Users/callumdoty/Desktop/Political Portfolio/data/raw/mit_elections/1976-2024-house.tab has no GEN-stage rows for 2026 (MIT MEDSL data lags the live cycle — its latest covered year is typically the prior completed election). The Senate/President-runner exclusion filter in load_candidate_disbursements() will be SKIPPED for this cycle: any House member's committee that disbursed >$10M while running for a different office will NOT be excluded from district totals until MIT's data catches up.
Dropping 11 races with no PVI: ['DC-00', 'GU-00', 'MI-14', 'MT-00', 'NY-29', 'PR-00', 'VI-00', 'GA-23', 'KS-00', 'MO-00', 'NY-27']
  [joint_53] computing terminal condition (forced deploy, 200 paths)...
  [joint_53] t=6 (14d left): mean Theta=-3.1113 seats, frac(deploy now)=0.985, basis R2=0.029, g_t_coef=-0.09136 (p=0.233)
  [joint_53] t=5 (28d left): mean Theta=-1.9493 seats, frac(deploy now)=0.915, basis R2=0.047, g_t_coef=-0.10740 (p=0.121)
  [joint_53] t=4 (42d left): mean Theta=-1.4166 seats, frac(deploy now)=0.860, basis R2=0.078, g_t_coef=-0.11555 (p=0.119)
  [joint_53] t=3 (56d left): mean Theta=-1.0562 seats, frac(deploy now)=0.755, basis R2=0.104, g_t_coef=-0.05300 (p=0.497)
  [joint_53] t=2 (70d left): mean Theta=-0.7591 seats, frac(deploy now)=0.710, basis R2=0.090, g_t_coef=-0.00732 (p=0.938)
  [joint_53] t=1 (84d left): mean Theta=-0.4931 seats, frac(deploy now)=0.640, basis R2=0.111, g_t_coef=+0.00971 (p=0.940)
  [joint_53] t=0 (98d left): mean Theta=-0.0849 seats, frac(deploy now)=0.475, basis R2=-0.000, g_t_coef=+0.00000 (p=nan)
  draw 53: eta_scale=1.253 trickle_scale=1.177 lambda_scale=1.073 -> Theta(0)=-0.0849  (57.1s)
_ballot_last_names(2026): /Users/callumdoty/Desktop/Political Portfolio/data/raw/mit_elections/1976-2024-house.tab has no GEN-stage rows for 2026 (MIT MEDSL data lags the live cycle — its latest covered year is typically the prior completed election). The Senate/President-runner exclusion filter in load_candidate_disbursements() will be SKIPPED for this cycle: any House member's committee that disbursed >$10M while running for a different office will NOT be excluded from district totals until MIT's data catches up.
_ballot_last_names(2026): /Users/callumdoty/Desktop/Political Portfolio/data/raw/mit_elections/1976-2024-house.tab has no GEN-stage rows for 2026 (MIT MEDSL data lags the live cycle — its latest covered year is typically the prior completed election). The Senate/President-runner exclusion filter in load_candidate_disbursements() will be SKIPPED for this cycle: any House member's committee that disbursed >$10M while running for a different office will NOT be excluded from district totals until MIT's data catches up.
Dropping 11 races with no PVI: ['DC-00', 'GU-00', 'MI-14', 'MT-00', 'NY-29', 'PR-00', 'VI-00', 'GA-23', 'KS-00', 'MO-00', 'NY-27']
  [joint_54] computing terminal condition (forced deploy, 200 paths)...
  [joint_54] t=6 (14d left): mean Theta=-2.8430 seats, frac(deploy now)=0.990, basis R2=0.092, g_t_coef=+0.13192 (p=0.113)
  [joint_54] t=5 (28d left): mean Theta=-1.7356 seats, frac(deploy now)=0.895, basis R2=0.072, g_t_coef=+0.12063 (p=0.099)
  [joint_54] t=4 (42d left): mean Theta=-1.1883 seats, frac(deploy now)=0.790, basis R2=0.094, g_t_coef=+0.12935 (p=0.113)
  [joint_54] t=3 (56d left): mean Theta=-0.7807 seats, frac(deploy now)=0.655, basis R2=0.107, g_t_coef=+0.17672 (p=0.032)
  [joint_54] t=2 (70d left): mean Theta=-0.5309 seats, frac(deploy now)=0.605, basis R2=0.087, g_t_coef=+0.11357 (p=0.171)
  [joint_54] t=1 (84d left): mean Theta=-0.3240 seats, frac(deploy now)=0.550, basis R2=0.086, g_t_coef=+0.14987 (p=0.161)
  [joint_54] t=0 (98d left): mean Theta=-0.0776 seats, frac(deploy now)=0.460, basis R2=0.000, g_t_coef=+0.00000 (p=nan)
  draw 54: eta_scale=1.242 trickle_scale=0.718 lambda_scale=0.905 -> Theta(0)=-0.0776  (55.0s)
_ballot_last_names(2026): /Users/callumdoty/Desktop/Political Portfolio/data/raw/mit_elections/1976-2024-house.tab has no GEN-stage rows for 2026 (MIT MEDSL data lags the live cycle — its latest covered year is typically the prior completed election). The Senate/President-runner exclusion filter in load_candidate_disbursements() will be SKIPPED for this cycle: any House member's committee that disbursed >$10M while running for a different office will NOT be excluded from district totals until MIT's data catches up.
_ballot_last_names(2026): /Users/callumdoty/Desktop/Political Portfolio/data/raw/mit_elections/1976-2024-house.tab has no GEN-stage rows for 2026 (MIT MEDSL data lags the live cycle — its latest covered year is typically the prior completed election). The Senate/President-runner exclusion filter in load_candidate_disbursements() will be SKIPPED for this cycle: any House member's committee that disbursed >$10M while running for a different office will NOT be excluded from district totals until MIT's data catches up.
Dropping 11 races with no PVI: ['DC-00', 'GU-00', 'MI-14', 'MT-00', 'NY-29', 'PR-00', 'VI-00', 'GA-23', 'KS-00', 'MO-00', 'NY-27']
  [joint_55] computing terminal condition (forced deploy, 200 paths)...
  [joint_55] t=6 (14d left): mean Theta=-3.4879 seats, frac(deploy now)=1.000, basis R2=0.035, g_t_coef=+0.11811 (p=0.085)
  [joint_55] t=5 (28d left): mean Theta=-1.8970 seats, frac(deploy now)=0.980, basis R2=0.063, g_t_coef=-0.03102 (p=0.536)
  [joint_55] t=4 (42d left): mean Theta=-1.2945 seats, frac(deploy now)=0.925, basis R2=0.063, g_t_coef=-0.06466 (p=0.233)
  [joint_55] t=3 (56d left): mean Theta=-0.9690 seats, frac(deploy now)=0.875, basis R2=0.107, g_t_coef=-0.03074 (p=0.587)
  [joint_55] t=2 (70d left): mean Theta=-0.7084 seats, frac(deploy now)=0.805, basis R2=0.133, g_t_coef=-0.07977 (p=0.239)
  [joint_55] t=1 (84d left): mean Theta=-0.5540 seats, frac(deploy now)=0.780, basis R2=0.076, g_t_coef=-0.03773 (p=0.671)
  [joint_55] t=0 (98d left): mean Theta=-0.3394 seats, frac(deploy now)=0.665, basis R2=-0.000, g_t_coef=+0.00000 (p=nan)
  draw 55: eta_scale=0.761 trickle_scale=0.783 lambda_scale=1.095 -> Theta(0)=-0.3394  (54.4s)
_ballot_last_names(2026): /Users/callumdoty/Desktop/Political Portfolio/data/raw/mit_elections/1976-2024-house.tab has no GEN-stage rows for 2026 (MIT MEDSL data lags the live cycle — its latest covered year is typically the prior completed election). The Senate/President-runner exclusion filter in load_candidate_disbursements() will be SKIPPED for this cycle: any House member's committee that disbursed >$10M while running for a different office will NOT be excluded from district totals until MIT's data catches up.
_ballot_last_names(2026): /Users/callumdoty/Desktop/Political Portfolio/data/raw/mit_elections/1976-2024-house.tab has no GEN-stage rows for 2026 (MIT MEDSL data lags the live cycle — its latest covered year is typically the prior completed election). The Senate/President-runner exclusion filter in load_candidate_disbursements() will be SKIPPED for this cycle: any House member's committee that disbursed >$10M while running for a different office will NOT be excluded from district totals until MIT's data catches up.
Dropping 11 races with no PVI: ['DC-00', 'GU-00', 'MI-14', 'MT-00', 'NY-29', 'PR-00', 'VI-00', 'GA-23', 'KS-00', 'MO-00', 'NY-27']
  [joint_56] computing terminal condition (forced deploy, 200 paths)...
  [joint_56] t=6 (14d left): mean Theta=-3.5072 seats, frac(deploy now)=1.000, basis R2=0.027, g_t_coef=-0.03724 (p=0.602)
  [joint_56] t=5 (28d left): mean Theta=-2.0885 seats, frac(deploy now)=0.990, basis R2=0.085, g_t_coef=+0.05274 (p=0.317)
  [joint_56] t=4 (42d left): mean Theta=-1.5563 seats, frac(deploy now)=0.960, basis R2=0.017, g_t_coef=-0.01284 (p=0.824)
  [joint_56] t=3 (56d left): mean Theta=-1.2116 seats, frac(deploy now)=0.905, basis R2=0.005, g_t_coef=-0.00864 (p=0.897)
  [joint_56] t=2 (70d left): mean Theta=-0.9475 seats, frac(deploy now)=0.860, basis R2=0.014, g_t_coef=-0.04631 (p=0.527)
  [joint_56] t=1 (84d left): mean Theta=-0.7097 seats, frac(deploy now)=0.740, basis R2=0.037, g_t_coef=-0.01024 (p=0.913)
  [joint_56] t=0 (98d left): mean Theta=-0.3642 seats, frac(deploy now)=0.610, basis R2=0.000, g_t_coef=+0.00000 (p=nan)
  draw 56: eta_scale=0.797 trickle_scale=1.250 lambda_scale=0.974 -> Theta(0)=-0.3642  (55.0s)
_ballot_last_names(2026): /Users/callumdoty/Desktop/Political Portfolio/data/raw/mit_elections/1976-2024-house.tab has no GEN-stage rows for 2026 (MIT MEDSL data lags the live cycle — its latest covered year is typically the prior completed election). The Senate/President-runner exclusion filter in load_candidate_disbursements() will be SKIPPED for this cycle: any House member's committee that disbursed >$10M while running for a different office will NOT be excluded from district totals until MIT's data catches up.
_ballot_last_names(2026): /Users/callumdoty/Desktop/Political Portfolio/data/raw/mit_elections/1976-2024-house.tab has no GEN-stage rows for 2026 (MIT MEDSL data lags the live cycle — its latest covered year is typically the prior completed election). The Senate/President-runner exclusion filter in load_candidate_disbursements() will be SKIPPED for this cycle: any House member's committee that disbursed >$10M while running for a different office will NOT be excluded from district totals until MIT's data catches up.
Dropping 11 races with no PVI: ['DC-00', 'GU-00', 'MI-14', 'MT-00', 'NY-29', 'PR-00', 'VI-00', 'GA-23', 'KS-00', 'MO-00', 'NY-27']
  [joint_57] computing terminal condition (forced deploy, 200 paths)...
  [joint_57] t=6 (14d left): mean Theta=-3.6023 seats, frac(deploy now)=1.000, basis R2=0.090, g_t_coef=-0.08664 (p=0.259)
  [joint_57] t=5 (28d left): mean Theta=-2.1788 seats, frac(deploy now)=0.990, basis R2=0.061, g_t_coef=-0.02633 (p=0.635)
  [joint_57] t=4 (42d left): mean Theta=-1.6213 seats, frac(deploy now)=0.970, basis R2=0.059, g_t_coef=-0.02357 (p=0.700)
  [joint_57] t=3 (56d left): mean Theta=-1.2891 seats, frac(deploy now)=0.930, basis R2=0.050, g_t_coef=+0.01677 (p=0.816)
  [joint_57] t=2 (70d left): mean Theta=-1.0248 seats, frac(deploy now)=0.870, basis R2=0.056, g_t_coef=-0.00218 (p=0.977)
  [joint_57] t=1 (84d left): mean Theta=-0.7563 seats, frac(deploy now)=0.775, basis R2=0.069, g_t_coef=+0.02263 (p=0.830)
  [joint_57] t=0 (98d left): mean Theta=-0.3170 seats, frac(deploy now)=0.585, basis R2=0.000, g_t_coef=+0.00000 (p=nan)
  draw 57: eta_scale=0.805 trickle_scale=1.396 lambda_scale=0.966 -> Theta(0)=-0.3170  (57.9s)
_ballot_last_names(2026): /Users/callumdoty/Desktop/Political Portfolio/data/raw/mit_elections/1976-2024-house.tab has no GEN-stage rows for 2026 (MIT MEDSL data lags the live cycle — its latest covered year is typically the prior completed election). The Senate/President-runner exclusion filter in load_candidate_disbursements() will be SKIPPED for this cycle: any House member's committee that disbursed >$10M while running for a different office will NOT be excluded from district totals until MIT's data catches up.
_ballot_last_names(2026): /Users/callumdoty/Desktop/Political Portfolio/data/raw/mit_elections/1976-2024-house.tab has no GEN-stage rows for 2026 (MIT MEDSL data lags the live cycle — its latest covered year is typically the prior completed election). The Senate/President-runner exclusion filter in load_candidate_disbursements() will be SKIPPED for this cycle: any House member's committee that disbursed >$10M while running for a different office will NOT be excluded from district totals until MIT's data catches up.
Dropping 11 races with no PVI: ['DC-00', 'GU-00', 'MI-14', 'MT-00', 'NY-29', 'PR-00', 'VI-00', 'GA-23', 'KS-00', 'MO-00', 'NY-27']
  [joint_58] computing terminal condition (forced deploy, 200 paths)...
  [joint_58] t=6 (14d left): mean Theta=-3.1768 seats, frac(deploy now)=0.995, basis R2=0.068, g_t_coef=+0.00790 (p=0.908)
  [joint_58] t=5 (28d left): mean Theta=-1.8787 seats, frac(deploy now)=0.940, basis R2=0.098, g_t_coef=-0.02428 (p=0.707)
  [joint_58] t=4 (42d left): mean Theta=-1.3235 seats, frac(deploy now)=0.850, basis R2=0.125, g_t_coef=-0.01093 (p=0.877)
  [joint_58] t=3 (56d left): mean Theta=-1.0031 seats, frac(deploy now)=0.795, basis R2=0.142, g_t_coef=-0.02228 (p=0.766)
  [joint_58] t=2 (70d left): mean Theta=-0.7284 seats, frac(deploy now)=0.695, basis R2=0.176, g_t_coef=-0.01925 (p=0.826)
  [joint_58] t=1 (84d left): mean Theta=-0.4691 seats, frac(deploy now)=0.615, basis R2=0.126, g_t_coef=-0.03115 (p=0.782)
  [joint_58] t=0 (98d left): mean Theta=-0.1736 seats, frac(deploy now)=0.490, basis R2=0.000, g_t_coef=+0.00000 (p=nan)
  draw 58: eta_scale=1.114 trickle_scale=0.948 lambda_scale=1.000 -> Theta(0)=-0.1736  (60.1s)
_ballot_last_names(2026): /Users/callumdoty/Desktop/Political Portfolio/data/raw/mit_elections/1976-2024-house.tab has no GEN-stage rows for 2026 (MIT MEDSL data lags the live cycle — its latest covered year is typically the prior completed election). The Senate/President-runner exclusion filter in load_candidate_disbursements() will be SKIPPED for this cycle: any House member's committee that disbursed >$10M while running for a different office will NOT be excluded from district totals until MIT's data catches up.
_ballot_last_names(2026): /Users/callumdoty/Desktop/Political Portfolio/data/raw/mit_elections/1976-2024-house.tab has no GEN-stage rows for 2026 (MIT MEDSL data lags the live cycle — its latest covered year is typically the prior completed election). The Senate/President-runner exclusion filter in load_candidate_disbursements() will be SKIPPED for this cycle: any House member's committee that disbursed >$10M while running for a different office will NOT be excluded from district totals until MIT's data catches up.
Dropping 11 races with no PVI: ['DC-00', 'GU-00', 'MI-14', 'MT-00', 'NY-29', 'PR-00', 'VI-00', 'GA-23', 'KS-00', 'MO-00', 'NY-27']
  [joint_59] computing terminal condition (forced deploy, 200 paths)...
  [joint_59] t=6 (14d left): mean Theta=-3.1349 seats, frac(deploy now)=1.000, basis R2=0.059, g_t_coef=+0.02758 (p=0.689)
  [joint_59] t=5 (28d left): mean Theta=-1.9866 seats, frac(deploy now)=0.935, basis R2=0.091, g_t_coef=-0.17364 (p=0.011)
  [joint_59] t=4 (42d left): mean Theta=-1.4678 seats, frac(deploy now)=0.840, basis R2=0.091, g_t_coef=-0.17583 (p=0.024)
  [joint_59] t=3 (56d left): mean Theta=-1.1447 seats, frac(deploy now)=0.735, basis R2=0.080, g_t_coef=-0.07904 (p=0.384)
  [joint_59] t=2 (70d left): mean Theta=-0.8924 seats, frac(deploy now)=0.670, basis R2=0.130, g_t_coef=-0.21424 (p=0.038)
  [joint_59] t=1 (84d left): mean Theta=-0.5239 seats, frac(deploy now)=0.585, basis R2=0.120, g_t_coef=-0.16454 (p=0.222)
  [joint_59] t=0 (98d left): mean Theta=-0.1114 seats, frac(deploy now)=0.470, basis R2=-0.000, g_t_coef=+0.00000 (p=nan)
  draw 59: eta_scale=1.142 trickle_scale=1.370 lambda_scale=0.863 -> Theta(0)=-0.1114  (63.2s)
_ballot_last_names(2026): /Users/callumdoty/Desktop/Political Portfolio/data/raw/mit_elections/1976-2024-house.tab has no GEN-stage rows for 2026 (MIT MEDSL data lags the live cycle — its latest covered year is typically the prior completed election). The Senate/President-runner exclusion filter in load_candidate_disbursements() will be SKIPPED for this cycle: any House member's committee that disbursed >$10M while running for a different office will NOT be excluded from district totals until MIT's data catches up.
_ballot_last_names(2026): /Users/callumdoty/Desktop/Political Portfolio/data/raw/mit_elections/1976-2024-house.tab has no GEN-stage rows for 2026 (MIT MEDSL data lags the live cycle — its latest covered year is typically the prior completed election). The Senate/President-runner exclusion filter in load_candidate_disbursements() will be SKIPPED for this cycle: any House member's committee that disbursed >$10M while running for a different office will NOT be excluded from district totals until MIT's data catches up.
Dropping 11 races with no PVI: ['DC-00', 'GU-00', 'MI-14', 'MT-00', 'NY-29', 'PR-00', 'VI-00', 'GA-23', 'KS-00', 'MO-00', 'NY-27']
  [joint_60] computing terminal condition (forced deploy, 200 paths)...
  [joint_60] t=6 (14d left): mean Theta=-3.3819 seats, frac(deploy now)=1.000, basis R2=0.058, g_t_coef=+0.07107 (p=0.378)
  [joint_60] t=5 (28d left): mean Theta=-1.8889 seats, frac(deploy now)=0.935, basis R2=0.066, g_t_coef=+0.16338 (p=0.016)
  [joint_60] t=4 (42d left): mean Theta=-1.2693 seats, frac(deploy now)=0.865, basis R2=0.123, g_t_coef=+0.21190 (p=0.002)
  [joint_60] t=3 (56d left): mean Theta=-0.9432 seats, frac(deploy now)=0.820, basis R2=0.078, g_t_coef=+0.17388 (p=0.021)
  [joint_60] t=2 (70d left): mean Theta=-0.7224 seats, frac(deploy now)=0.740, basis R2=0.088, g_t_coef=+0.19297 (p=0.014)
  [joint_60] t=1 (84d left): mean Theta=-0.4393 seats, frac(deploy now)=0.630, basis R2=0.056, g_t_coef=+0.25759 (p=0.013)
  [joint_60] t=0 (98d left): mean Theta=-0.1437 seats, frac(deploy now)=0.500, basis R2=-0.000, g_t_coef=+0.00000 (p=nan)
  draw 60: eta_scale=1.080 trickle_scale=0.856 lambda_scale=1.073 -> Theta(0)=-0.1437  (62.4s)
_ballot_last_names(2026): /Users/callumdoty/Desktop/Political Portfolio/data/raw/mit_elections/1976-2024-house.tab has no GEN-stage rows for 2026 (MIT MEDSL data lags the live cycle — its latest covered year is typically the prior completed election). The Senate/President-runner exclusion filter in load_candidate_disbursements() will be SKIPPED for this cycle: any House member's committee that disbursed >$10M while running for a different office will NOT be excluded from district totals until MIT's data catches up.
_ballot_last_names(2026): /Users/callumdoty/Desktop/Political Portfolio/data/raw/mit_elections/1976-2024-house.tab has no GEN-stage rows for 2026 (MIT MEDSL data lags the live cycle — its latest covered year is typically the prior completed election). The Senate/President-runner exclusion filter in load_candidate_disbursements() will be SKIPPED for this cycle: any House member's committee that disbursed >$10M while running for a different office will NOT be excluded from district totals until MIT's data catches up.
Dropping 11 races with no PVI: ['DC-00', 'GU-00', 'MI-14', 'MT-00', 'NY-29', 'PR-00', 'VI-00', 'GA-23', 'KS-00', 'MO-00', 'NY-27']
  [joint_61] computing terminal condition (forced deploy, 200 paths)...
  [joint_61] t=6 (14d left): mean Theta=-3.1215 seats, frac(deploy now)=1.000, basis R2=0.077, g_t_coef=-0.05481 (p=0.475)
  [joint_61] t=5 (28d left): mean Theta=-1.9267 seats, frac(deploy now)=0.960, basis R2=0.067, g_t_coef=-0.06921 (p=0.267)
  [joint_61] t=4 (42d left): mean Theta=-1.3862 seats, frac(deploy now)=0.905, basis R2=0.102, g_t_coef=-0.09994 (p=0.137)
  [joint_61] t=3 (56d left): mean Theta=-1.0522 seats, frac(deploy now)=0.820, basis R2=0.086, g_t_coef=+0.01065 (p=0.884)
  [joint_61] t=2 (70d left): mean Theta=-0.8399 seats, frac(deploy now)=0.775, basis R2=0.070, g_t_coef=+0.02486 (p=0.746)
  [joint_61] t=1 (84d left): mean Theta=-0.5684 seats, frac(deploy now)=0.660, basis R2=0.084, g_t_coef=+0.04308 (p=0.651)
  [joint_61] t=0 (98d left): mean Theta=-0.3036 seats, frac(deploy now)=0.555, basis R2=0.000, g_t_coef=+0.00000 (p=nan)
  draw 61: eta_scale=0.854 trickle_scale=0.999 lambda_scale=0.913 -> Theta(0)=-0.3036  (64.5s)
_ballot_last_names(2026): /Users/callumdoty/Desktop/Political Portfolio/data/raw/mit_elections/1976-2024-house.tab has no GEN-stage rows for 2026 (MIT MEDSL data lags the live cycle — its latest covered year is typically the prior completed election). The Senate/President-runner exclusion filter in load_candidate_disbursements() will be SKIPPED for this cycle: any House member's committee that disbursed >$10M while running for a different office will NOT be excluded from district totals until MIT's data catches up.
_ballot_last_names(2026): /Users/callumdoty/Desktop/Political Portfolio/data/raw/mit_elections/1976-2024-house.tab has no GEN-stage rows for 2026 (MIT MEDSL data lags the live cycle — its latest covered year is typically the prior completed election). The Senate/President-runner exclusion filter in load_candidate_disbursements() will be SKIPPED for this cycle: any House member's committee that disbursed >$10M while running for a different office will NOT be excluded from district totals until MIT's data catches up.
Dropping 11 races with no PVI: ['DC-00', 'GU-00', 'MI-14', 'MT-00', 'NY-29', 'PR-00', 'VI-00', 'GA-23', 'KS-00', 'MO-00', 'NY-27']
  [joint_62] computing terminal condition (forced deploy, 200 paths)...
  [joint_62] t=6 (14d left): mean Theta=-2.9496 seats, frac(deploy now)=0.985, basis R2=0.052, g_t_coef=-0.00872 (p=0.906)
  [joint_62] t=5 (28d left): mean Theta=-1.8376 seats, frac(deploy now)=0.925, basis R2=0.040, g_t_coef=+0.00983 (p=0.879)
  [joint_62] t=4 (42d left): mean Theta=-1.3011 seats, frac(deploy now)=0.795, basis R2=0.016, g_t_coef=-0.02090 (p=0.769)
  [joint_62] t=3 (56d left): mean Theta=-0.9621 seats, frac(deploy now)=0.715, basis R2=0.031, g_t_coef=+0.02363 (p=0.747)
  [joint_62] t=2 (70d left): mean Theta=-0.6891 seats, frac(deploy now)=0.640, basis R2=0.058, g_t_coef=+0.01661 (p=0.845)
  [joint_62] t=1 (84d left): mean Theta=-0.4385 seats, frac(deploy now)=0.590, basis R2=0.085, g_t_coef=-0.08251 (p=0.452)
  [joint_62] t=0 (98d left): mean Theta=-0.1258 seats, frac(deploy now)=0.485, basis R2=-0.000, g_t_coef=+0.00000 (p=nan)
  draw 62: eta_scale=1.287 trickle_scale=1.011 lambda_scale=0.920 -> Theta(0)=-0.1258  (60.3s)
_ballot_last_names(2026): /Users/callumdoty/Desktop/Political Portfolio/data/raw/mit_elections/1976-2024-house.tab has no GEN-stage rows for 2026 (MIT MEDSL data lags the live cycle — its latest covered year is typically the prior completed election). The Senate/President-runner exclusion filter in load_candidate_disbursements() will be SKIPPED for this cycle: any House member's committee that disbursed >$10M while running for a different office will NOT be excluded from district totals until MIT's data catches up.
_ballot_last_names(2026): /Users/callumdoty/Desktop/Political Portfolio/data/raw/mit_elections/1976-2024-house.tab has no GEN-stage rows for 2026 (MIT MEDSL data lags the live cycle — its latest covered year is typically the prior completed election). The Senate/President-runner exclusion filter in load_candidate_disbursements() will be SKIPPED for this cycle: any House member's committee that disbursed >$10M while running for a different office will NOT be excluded from district totals until MIT's data catches up.
Dropping 11 races with no PVI: ['DC-00', 'GU-00', 'MI-14', 'MT-00', 'NY-29', 'PR-00', 'VI-00', 'GA-23', 'KS-00', 'MO-00', 'NY-27']
  [joint_63] computing terminal condition (forced deploy, 200 paths)...
  [joint_63] t=6 (14d left): mean Theta=-3.6224 seats, frac(deploy now)=1.000, basis R2=0.083, g_t_coef=+0.06994 (p=0.410)
  [joint_63] t=5 (28d left): mean Theta=-2.0515 seats, frac(deploy now)=0.940, basis R2=0.037, g_t_coef=-0.06857 (p=0.295)
  [joint_63] t=4 (42d left): mean Theta=-1.4886 seats, frac(deploy now)=0.880, basis R2=0.030, g_t_coef=-0.02388 (p=0.744)
  [joint_63] t=3 (56d left): mean Theta=-1.1108 seats, frac(deploy now)=0.805, basis R2=0.018, g_t_coef=-0.10663 (p=0.185)
  [joint_63] t=2 (70d left): mean Theta=-0.8623 seats, frac(deploy now)=0.725, basis R2=0.014, g_t_coef=-0.08111 (p=0.380)
  [joint_63] t=1 (84d left): mean Theta=-0.5818 seats, frac(deploy now)=0.615, basis R2=0.014, g_t_coef=-0.05025 (p=0.652)
  [joint_63] t=0 (98d left): mean Theta=-0.2404 seats, frac(deploy now)=0.515, basis R2=-0.000, g_t_coef=+0.00000 (p=nan)
  draw 63: eta_scale=0.892 trickle_scale=1.170 lambda_scale=1.043 -> Theta(0)=-0.2404  (55.9s)
_ballot_last_names(2026): /Users/callumdoty/Desktop/Political Portfolio/data/raw/mit_elections/1976-2024-house.tab has no GEN-stage rows for 2026 (MIT MEDSL data lags the live cycle — its latest covered year is typically the prior completed election). The Senate/President-runner exclusion filter in load_candidate_disbursements() will be SKIPPED for this cycle: any House member's committee that disbursed >$10M while running for a different office will NOT be excluded from district totals until MIT's data catches up.
_ballot_last_names(2026): /Users/callumdoty/Desktop/Political Portfolio/data/raw/mit_elections/1976-2024-house.tab has no GEN-stage rows for 2026 (MIT MEDSL data lags the live cycle — its latest covered year is typically the prior completed election). The Senate/President-runner exclusion filter in load_candidate_disbursements() will be SKIPPED for this cycle: any House member's committee that disbursed >$10M while running for a different office will NOT be excluded from district totals until MIT's data catches up.
Dropping 11 races with no PVI: ['DC-00', 'GU-00', 'MI-14', 'MT-00', 'NY-29', 'PR-00', 'VI-00', 'GA-23', 'KS-00', 'MO-00', 'NY-27']
  [joint_64] computing terminal condition (forced deploy, 200 paths)...
  [joint_64] t=6 (14d left): mean Theta=-3.3390 seats, frac(deploy now)=0.995, basis R2=0.027, g_t_coef=+0.14000 (p=0.080)
  [joint_64] t=5 (28d left): mean Theta=-1.8818 seats, frac(deploy now)=0.960, basis R2=0.004, g_t_coef=+0.02920 (p=0.634)
  [joint_64] t=4 (42d left): mean Theta=-1.2981 seats, frac(deploy now)=0.905, basis R2=0.008, g_t_coef=+0.02038 (p=0.740)
  [joint_64] t=3 (56d left): mean Theta=-1.0012 seats, frac(deploy now)=0.835, basis R2=0.032, g_t_coef=-0.00675 (p=0.915)
  [joint_64] t=2 (70d left): mean Theta=-0.7814 seats, frac(deploy now)=0.750, basis R2=0.051, g_t_coef=-0.00117 (p=0.987)
  [joint_64] t=1 (84d left): mean Theta=-0.5439 seats, frac(deploy now)=0.680, basis R2=0.049, g_t_coef=-0.02126 (p=0.825)
  [joint_64] t=0 (98d left): mean Theta=-0.2639 seats, frac(deploy now)=0.570, basis R2=0.000, g_t_coef=+0.00000 (p=nan)
  draw 64: eta_scale=0.946 trickle_scale=0.885 lambda_scale=0.995 -> Theta(0)=-0.2639  (58.5s)
_ballot_last_names(2026): /Users/callumdoty/Desktop/Political Portfolio/data/raw/mit_elections/1976-2024-house.tab has no GEN-stage rows for 2026 (MIT MEDSL data lags the live cycle — its latest covered year is typically the prior completed election). The Senate/President-runner exclusion filter in load_candidate_disbursements() will be SKIPPED for this cycle: any House member's committee that disbursed >$10M while running for a different office will NOT be excluded from district totals until MIT's data catches up.
_ballot_last_names(2026): /Users/callumdoty/Desktop/Political Portfolio/data/raw/mit_elections/1976-2024-house.tab has no GEN-stage rows for 2026 (MIT MEDSL data lags the live cycle — its latest covered year is typically the prior completed election). The Senate/President-runner exclusion filter in load_candidate_disbursements() will be SKIPPED for this cycle: any House member's committee that disbursed >$10M while running for a different office will NOT be excluded from district totals until MIT's data catches up.
Dropping 11 races with no PVI: ['DC-00', 'GU-00', 'MI-14', 'MT-00', 'NY-29', 'PR-00', 'VI-00', 'GA-23', 'KS-00', 'MO-00', 'NY-27']
  [joint_65] computing terminal condition (forced deploy, 200 paths)...
  [joint_65] t=6 (14d left): mean Theta=-3.7749 seats, frac(deploy now)=1.000, basis R2=0.075, g_t_coef=-0.10116 (p=0.129)
  [joint_65] t=5 (28d left): mean Theta=-2.0803 seats, frac(deploy now)=0.985, basis R2=0.062, g_t_coef=-0.06496 (p=0.238)
  [joint_65] t=4 (42d left): mean Theta=-1.4855 seats, frac(deploy now)=0.930, basis R2=0.083, g_t_coef=-0.10272 (p=0.096)
  [joint_65] t=3 (56d left): mean Theta=-1.1321 seats, frac(deploy now)=0.835, basis R2=0.061, g_t_coef=-0.08878 (p=0.207)
  [joint_65] t=2 (70d left): mean Theta=-0.8451 seats, frac(deploy now)=0.750, basis R2=0.060, g_t_coef=-0.07478 (p=0.353)
  [joint_65] t=1 (84d left): mean Theta=-0.5723 seats, frac(deploy now)=0.675, basis R2=0.076, g_t_coef=-0.17298 (p=0.098)
  [joint_65] t=0 (98d left): mean Theta=-0.2238 seats, frac(deploy now)=0.505, basis R2=0.000, g_t_coef=+0.00000 (p=nan)
  draw 65: eta_scale=0.879 trickle_scale=1.108 lambda_scale=1.125 -> Theta(0)=-0.2238  (61.4s)
_ballot_last_names(2026): /Users/callumdoty/Desktop/Political Portfolio/data/raw/mit_elections/1976-2024-house.tab has no GEN-stage rows for 2026 (MIT MEDSL data lags the live cycle — its latest covered year is typically the prior completed election). The Senate/President-runner exclusion filter in load_candidate_disbursements() will be SKIPPED for this cycle: any House member's committee that disbursed >$10M while running for a different office will NOT be excluded from district totals until MIT's data catches up.
_ballot_last_names(2026): /Users/callumdoty/Desktop/Political Portfolio/data/raw/mit_elections/1976-2024-house.tab has no GEN-stage rows for 2026 (MIT MEDSL data lags the live cycle — its latest covered year is typically the prior completed election). The Senate/President-runner exclusion filter in load_candidate_disbursements() will be SKIPPED for this cycle: any House member's committee that disbursed >$10M while running for a different office will NOT be excluded from district totals until MIT's data catches up.
Dropping 11 races with no PVI: ['DC-00', 'GU-00', 'MI-14', 'MT-00', 'NY-29', 'PR-00', 'VI-00', 'GA-23', 'KS-00', 'MO-00', 'NY-27']
  [joint_66] computing terminal condition (forced deploy, 200 paths)...
  [joint_66] t=6 (14d left): mean Theta=-3.3257 seats, frac(deploy now)=0.995, basis R2=0.060, g_t_coef=+0.14163 (p=0.047)
  [joint_66] t=5 (28d left): mean Theta=-1.9126 seats, frac(deploy now)=0.930, basis R2=0.057, g_t_coef=+0.11525 (p=0.073)
  [joint_66] t=4 (42d left): mean Theta=-1.3641 seats, frac(deploy now)=0.855, basis R2=0.047, g_t_coef=+0.07052 (p=0.313)
  [joint_66] t=3 (56d left): mean Theta=-1.0088 seats, frac(deploy now)=0.755, basis R2=0.106, g_t_coef=+0.10929 (p=0.160)
  [joint_66] t=2 (70d left): mean Theta=-0.7326 seats, frac(deploy now)=0.650, basis R2=0.104, g_t_coef=+0.03382 (p=0.698)
  [joint_66] t=1 (84d left): mean Theta=-0.4251 seats, frac(deploy now)=0.560, basis R2=0.086, g_t_coef=-0.04765 (p=0.682)
  [joint_66] t=0 (98d left): mean Theta=-0.1168 seats, frac(deploy now)=0.505, basis R2=0.000, g_t_coef=+0.00000 (p=nan)
  draw 66: eta_scale=1.177 trickle_scale=1.065 lambda_scale=0.961 -> Theta(0)=-0.1168  (60.6s)
_ballot_last_names(2026): /Users/callumdoty/Desktop/Political Portfolio/data/raw/mit_elections/1976-2024-house.tab has no GEN-stage rows for 2026 (MIT MEDSL data lags the live cycle — its latest covered year is typically the prior completed election). The Senate/President-runner exclusion filter in load_candidate_disbursements() will be SKIPPED for this cycle: any House member's committee that disbursed >$10M while running for a different office will NOT be excluded from district totals until MIT's data catches up.
_ballot_last_names(2026): /Users/callumdoty/Desktop/Political Portfolio/data/raw/mit_elections/1976-2024-house.tab has no GEN-stage rows for 2026 (MIT MEDSL data lags the live cycle — its latest covered year is typically the prior completed election). The Senate/President-runner exclusion filter in load_candidate_disbursements() will be SKIPPED for this cycle: any House member's committee that disbursed >$10M while running for a different office will NOT be excluded from district totals until MIT's data catches up.
Dropping 11 races with no PVI: ['DC-00', 'GU-00', 'MI-14', 'MT-00', 'NY-29', 'PR-00', 'VI-00', 'GA-23', 'KS-00', 'MO-00', 'NY-27']
  [joint_67] computing terminal condition (forced deploy, 200 paths)...
  [joint_67] t=6 (14d left): mean Theta=-3.5247 seats, frac(deploy now)=1.000, basis R2=0.043, g_t_coef=-0.08639 (p=0.259)
  [joint_67] t=5 (28d left): mean Theta=-1.9578 seats, frac(deploy now)=0.985, basis R2=0.082, g_t_coef=-0.06567 (p=0.216)
  [joint_67] t=4 (42d left): mean Theta=-1.3655 seats, frac(deploy now)=0.930, basis R2=0.083, g_t_coef=-0.10554 (p=0.072)
  [joint_67] t=3 (56d left): mean Theta=-0.9961 seats, frac(deploy now)=0.830, basis R2=0.067, g_t_coef=-0.09975 (p=0.147)
  [joint_67] t=2 (70d left): mean Theta=-0.7227 seats, frac(deploy now)=0.700, basis R2=0.030, g_t_coef=-0.04905 (p=0.507)
  [joint_67] t=1 (84d left): mean Theta=-0.4474 seats, frac(deploy now)=0.645, basis R2=0.047, g_t_coef=-0.08431 (p=0.374)
  [joint_67] t=0 (98d left): mean Theta=-0.2252 seats, frac(deploy now)=0.540, basis R2=0.000, g_t_coef=+0.00000 (p=nan)
  draw 67: eta_scale=0.866 trickle_scale=0.869 lambda_scale=1.065 -> Theta(0)=-0.2252  (61.9s)
_ballot_last_names(2026): /Users/callumdoty/Desktop/Political Portfolio/data/raw/mit_elections/1976-2024-house.tab has no GEN-stage rows for 2026 (MIT MEDSL data lags the live cycle — its latest covered year is typically the prior completed election). The Senate/President-runner exclusion filter in load_candidate_disbursements() will be SKIPPED for this cycle: any House member's committee that disbursed >$10M while running for a different office will NOT be excluded from district totals until MIT's data catches up.
_ballot_last_names(2026): /Users/callumdoty/Desktop/Political Portfolio/data/raw/mit_elections/1976-2024-house.tab has no GEN-stage rows for 2026 (MIT MEDSL data lags the live cycle — its latest covered year is typically the prior completed election). The Senate/President-runner exclusion filter in load_candidate_disbursements() will be SKIPPED for this cycle: any House member's committee that disbursed >$10M while running for a different office will NOT be excluded from district totals until MIT's data catches up.
Dropping 11 races with no PVI: ['DC-00', 'GU-00', 'MI-14', 'MT-00', 'NY-29', 'PR-00', 'VI-00', 'GA-23', 'KS-00', 'MO-00', 'NY-27']
  [joint_68] computing terminal condition (forced deploy, 200 paths)...
  [joint_68] t=6 (14d left): mean Theta=-3.6116 seats, frac(deploy now)=1.000, basis R2=0.052, g_t_coef=-0.16948 (p=0.071)
  [joint_68] t=5 (28d left): mean Theta=-1.8010 seats, frac(deploy now)=0.925, basis R2=0.103, g_t_coef=+0.02721 (p=0.697)
  [joint_68] t=4 (42d left): mean Theta=-1.2297 seats, frac(deploy now)=0.865, basis R2=0.132, g_t_coef=+0.06737 (p=0.350)
  [joint_68] t=3 (56d left): mean Theta=-0.9061 seats, frac(deploy now)=0.780, basis R2=0.132, g_t_coef=+0.04535 (p=0.537)
  [joint_68] t=2 (70d left): mean Theta=-0.6084 seats, frac(deploy now)=0.675, basis R2=0.124, g_t_coef=-0.00034 (p=0.997)
  [joint_68] t=1 (84d left): mean Theta=-0.3353 seats, frac(deploy now)=0.580, basis R2=0.116, g_t_coef=-0.06890 (p=0.492)
  [joint_68] t=0 (98d left): mean Theta=-0.1485 seats, frac(deploy now)=0.515, basis R2=0.000, g_t_coef=+0.00000 (p=nan)
  draw 68: eta_scale=0.966 trickle_scale=0.732 lambda_scale=1.096 -> Theta(0)=-0.1485  (63.6s)
_ballot_last_names(2026): /Users/callumdoty/Desktop/Political Portfolio/data/raw/mit_elections/1976-2024-house.tab has no GEN-stage rows for 2026 (MIT MEDSL data lags the live cycle — its latest covered year is typically the prior completed election). The Senate/President-runner exclusion filter in load_candidate_disbursements() will be SKIPPED for this cycle: any House member's committee that disbursed >$10M while running for a different office will NOT be excluded from district totals until MIT's data catches up.
_ballot_last_names(2026): /Users/callumdoty/Desktop/Political Portfolio/data/raw/mit_elections/1976-2024-house.tab has no GEN-stage rows for 2026 (MIT MEDSL data lags the live cycle — its latest covered year is typically the prior completed election). The Senate/President-runner exclusion filter in load_candidate_disbursements() will be SKIPPED for this cycle: any House member's committee that disbursed >$10M while running for a different office will NOT be excluded from district totals until MIT's data catches up.
Dropping 11 races with no PVI: ['DC-00', 'GU-00', 'MI-14', 'MT-00', 'NY-29', 'PR-00', 'VI-00', 'GA-23', 'KS-00', 'MO-00', 'NY-27']
  [joint_69] computing terminal condition (forced deploy, 200 paths)...
  [joint_69] t=6 (14d left): mean Theta=-3.2211 seats, frac(deploy now)=0.990, basis R2=0.051, g_t_coef=+0.08163 (p=0.288)
  [joint_69] t=5 (28d left): mean Theta=-1.8426 seats, frac(deploy now)=0.945, basis R2=0.054, g_t_coef=+0.02365 (p=0.676)
  [joint_69] t=4 (42d left): mean Theta=-1.3483 seats, frac(deploy now)=0.875, basis R2=0.082, g_t_coef=-0.01401 (p=0.810)
  [joint_69] t=3 (56d left): mean Theta=-0.9955 seats, frac(deploy now)=0.805, basis R2=0.054, g_t_coef=-0.04512 (p=0.449)
  [joint_69] t=2 (70d left): mean Theta=-0.7411 seats, frac(deploy now)=0.735, basis R2=0.096, g_t_coef=-0.06875 (p=0.311)
  [joint_69] t=1 (84d left): mean Theta=-0.4718 seats, frac(deploy now)=0.655, basis R2=0.053, g_t_coef=-0.01721 (p=0.856)
  [joint_69] t=0 (98d left): mean Theta=-0.2451 seats, frac(deploy now)=0.540, basis R2=-0.000, g_t_coef=+0.00000 (p=nan)
  draw 69: eta_scale=0.865 trickle_scale=0.899 lambda_scale=0.911 -> Theta(0)=-0.2451  (62.0s)
_ballot_last_names(2026): /Users/callumdoty/Desktop/Political Portfolio/data/raw/mit_elections/1976-2024-house.tab has no GEN-stage rows for 2026 (MIT MEDSL data lags the live cycle — its latest covered year is typically the prior completed election). The Senate/President-runner exclusion filter in load_candidate_disbursements() will be SKIPPED for this cycle: any House member's committee that disbursed >$10M while running for a different office will NOT be excluded from district totals until MIT's data catches up.
_ballot_last_names(2026): /Users/callumdoty/Desktop/Political Portfolio/data/raw/mit_elections/1976-2024-house.tab has no GEN-stage rows for 2026 (MIT MEDSL data lags the live cycle — its latest covered year is typically the prior completed election). The Senate/President-runner exclusion filter in load_candidate_disbursements() will be SKIPPED for this cycle: any House member's committee that disbursed >$10M while running for a different office will NOT be excluded from district totals until MIT's data catches up.
Dropping 11 races with no PVI: ['DC-00', 'GU-00', 'MI-14', 'MT-00', 'NY-29', 'PR-00', 'VI-00', 'GA-23', 'KS-00', 'MO-00', 'NY-27']
  [joint_70] computing terminal condition (forced deploy, 200 paths)...
  [joint_70] t=6 (14d left): mean Theta=-3.1417 seats, frac(deploy now)=0.990, basis R2=0.041, g_t_coef=-0.10192 (p=0.194)
  [joint_70] t=5 (28d left): mean Theta=-2.0565 seats, frac(deploy now)=0.975, basis R2=0.130, g_t_coef=-0.07359 (p=0.226)
  [joint_70] t=4 (42d left): mean Theta=-1.4892 seats, frac(deploy now)=0.905, basis R2=0.150, g_t_coef=-0.11500 (p=0.069)
  [joint_70] t=3 (56d left): mean Theta=-1.1767 seats, frac(deploy now)=0.855, basis R2=0.136, g_t_coef=-0.08450 (p=0.214)
  [joint_70] t=2 (70d left): mean Theta=-0.9619 seats, frac(deploy now)=0.795, basis R2=0.098, g_t_coef=-0.11630 (p=0.172)
  [joint_70] t=1 (84d left): mean Theta=-0.6740 seats, frac(deploy now)=0.690, basis R2=0.113, g_t_coef=-0.01118 (p=0.917)
  [joint_70] t=0 (98d left): mean Theta=-0.2781 seats, frac(deploy now)=0.550, basis R2=-0.000, g_t_coef=+0.00000 (p=nan)
  draw 70: eta_scale=0.958 trickle_scale=1.253 lambda_scale=0.917 -> Theta(0)=-0.2781  (62.0s)
_ballot_last_names(2026): /Users/callumdoty/Desktop/Political Portfolio/data/raw/mit_elections/1976-2024-house.tab has no GEN-stage rows for 2026 (MIT MEDSL data lags the live cycle — its latest covered year is typically the prior completed election). The Senate/President-runner exclusion filter in load_candidate_disbursements() will be SKIPPED for this cycle: any House member's committee that disbursed >$10M while running for a different office will NOT be excluded from district totals until MIT's data catches up.
_ballot_last_names(2026): /Users/callumdoty/Desktop/Political Portfolio/data/raw/mit_elections/1976-2024-house.tab has no GEN-stage rows for 2026 (MIT MEDSL data lags the live cycle — its latest covered year is typically the prior completed election). The Senate/President-runner exclusion filter in load_candidate_disbursements() will be SKIPPED for this cycle: any House member's committee that disbursed >$10M while running for a different office will NOT be excluded from district totals until MIT's data catches up.
Dropping 11 races with no PVI: ['DC-00', 'GU-00', 'MI-14', 'MT-00', 'NY-29', 'PR-00', 'VI-00', 'GA-23', 'KS-00', 'MO-00', 'NY-27']
  [joint_71] computing terminal condition (forced deploy, 200 paths)...
  [joint_71] t=6 (14d left): mean Theta=-3.2566 seats, frac(deploy now)=1.000, basis R2=0.026, g_t_coef=-0.00706 (p=0.930)
  [joint_71] t=5 (28d left): mean Theta=-1.8410 seats, frac(deploy now)=0.895, basis R2=0.095, g_t_coef=-0.09903 (p=0.178)
  [joint_71] t=4 (42d left): mean Theta=-1.2842 seats, frac(deploy now)=0.805, basis R2=0.100, g_t_coef=-0.10109 (p=0.185)
  [joint_71] t=3 (56d left): mean Theta=-0.9219 seats, frac(deploy now)=0.745, basis R2=0.135, g_t_coef=-0.07601 (p=0.359)
  [joint_71] t=2 (70d left): mean Theta=-0.6199 seats, frac(deploy now)=0.610, basis R2=0.137, g_t_coef=-0.05945 (p=0.518)
  [joint_71] t=1 (84d left): mean Theta=-0.3564 seats, frac(deploy now)=0.525, basis R2=0.080, g_t_coef=-0.11201 (p=0.367)
  [joint_71] t=0 (98d left): mean Theta=-0.0663 seats, frac(deploy now)=0.455, basis R2=-0.000, g_t_coef=+0.00000 (p=nan)
  draw 71: eta_scale=1.253 trickle_scale=0.910 lambda_scale=1.091 -> Theta(0)=-0.0663  (62.3s)
_ballot_last_names(2026): /Users/callumdoty/Desktop/Political Portfolio/data/raw/mit_elections/1976-2024-house.tab has no GEN-stage rows for 2026 (MIT MEDSL data lags the live cycle — its latest covered year is typically the prior completed election). The Senate/President-runner exclusion filter in load_candidate_disbursements() will be SKIPPED for this cycle: any House member's committee that disbursed >$10M while running for a different office will NOT be excluded from district totals until MIT's data catches up.
_ballot_last_names(2026): /Users/callumdoty/Desktop/Political Portfolio/data/raw/mit_elections/1976-2024-house.tab has no GEN-stage rows for 2026 (MIT MEDSL data lags the live cycle — its latest covered year is typically the prior completed election). The Senate/President-runner exclusion filter in load_candidate_disbursements() will be SKIPPED for this cycle: any House member's committee that disbursed >$10M while running for a different office will NOT be excluded from district totals until MIT's data catches up.
Dropping 11 races with no PVI: ['DC-00', 'GU-00', 'MI-14', 'MT-00', 'NY-29', 'PR-00', 'VI-00', 'GA-23', 'KS-00', 'MO-00', 'NY-27']
  [joint_72] computing terminal condition (forced deploy, 200 paths)...
  [joint_72] t=6 (14d left): mean Theta=-3.1006 seats, frac(deploy now)=1.000, basis R2=0.073, g_t_coef=+0.06192 (p=0.396)
  [joint_72] t=5 (28d left): mean Theta=-1.7219 seats, frac(deploy now)=0.950, basis R2=0.113, g_t_coef=+0.04961 (p=0.419)
  [joint_72] t=4 (42d left): mean Theta=-1.1603 seats, frac(deploy now)=0.850, basis R2=0.086, g_t_coef=+0.04239 (p=0.477)
  [joint_72] t=3 (56d left): mean Theta=-0.8353 seats, frac(deploy now)=0.795, basis R2=0.096, g_t_coef=+0.05710 (p=0.383)
  [joint_72] t=2 (70d left): mean Theta=-0.5761 seats, frac(deploy now)=0.690, basis R2=0.099, g_t_coef=+0.03172 (p=0.667)
  [joint_72] t=1 (84d left): mean Theta=-0.3552 seats, frac(deploy now)=0.620, basis R2=0.120, g_t_coef=+0.13795 (p=0.165)
  [joint_72] t=0 (98d left): mean Theta=-0.1907 seats, frac(deploy now)=0.530, basis R2=-0.000, g_t_coef=+0.00000 (p=nan)
  draw 72: eta_scale=1.169 trickle_scale=0.626 lambda_scale=1.067 -> Theta(0)=-0.1907  (63.3s)
_ballot_last_names(2026): /Users/callumdoty/Desktop/Political Portfolio/data/raw/mit_elections/1976-2024-house.tab has no GEN-stage rows for 2026 (MIT MEDSL data lags the live cycle — its latest covered year is typically the prior completed election). The Senate/President-runner exclusion filter in load_candidate_disbursements() will be SKIPPED for this cycle: any House member's committee that disbursed >$10M while running for a different office will NOT be excluded from district totals until MIT's data catches up.
_ballot_last_names(2026): /Users/callumdoty/Desktop/Political Portfolio/data/raw/mit_elections/1976-2024-house.tab has no GEN-stage rows for 2026 (MIT MEDSL data lags the live cycle — its latest covered year is typically the prior completed election). The Senate/President-runner exclusion filter in load_candidate_disbursements() will be SKIPPED for this cycle: any House member's committee that disbursed >$10M while running for a different office will NOT be excluded from district totals until MIT's data catches up.
Dropping 11 races with no PVI: ['DC-00', 'GU-00', 'MI-14', 'MT-00', 'NY-29', 'PR-00', 'VI-00', 'GA-23', 'KS-00', 'MO-00', 'NY-27']
  [joint_73] computing terminal condition (forced deploy, 200 paths)...
  [joint_73] t=6 (14d left): mean Theta=-3.2862 seats, frac(deploy now)=1.000, basis R2=0.110, g_t_coef=+0.08126 (p=0.306)
  [joint_73] t=5 (28d left): mean Theta=-1.9117 seats, frac(deploy now)=0.965, basis R2=0.087, g_t_coef=+0.03080 (p=0.586)
  [joint_73] t=4 (42d left): mean Theta=-1.3210 seats, frac(deploy now)=0.920, basis R2=0.065, g_t_coef=+0.00860 (p=0.879)
  [joint_73] t=3 (56d left): mean Theta=-0.9938 seats, frac(deploy now)=0.845, basis R2=0.083, g_t_coef=-0.02863 (p=0.622)
  [joint_73] t=2 (70d left): mean Theta=-0.7200 seats, frac(deploy now)=0.790, basis R2=0.101, g_t_coef=+0.06231 (p=0.330)
  [joint_73] t=1 (84d left): mean Theta=-0.5124 seats, frac(deploy now)=0.720, basis R2=0.057, g_t_coef=+0.09579 (p=0.271)
  [joint_73] t=0 (98d left): mean Theta=-0.2792 seats, frac(deploy now)=0.605, basis R2=0.000, g_t_coef=+0.00000 (p=nan)
  draw 73: eta_scale=0.758 trickle_scale=0.811 lambda_scale=1.001 -> Theta(0)=-0.2792  (59.9s)
_ballot_last_names(2026): /Users/callumdoty/Desktop/Political Portfolio/data/raw/mit_elections/1976-2024-house.tab has no GEN-stage rows for 2026 (MIT MEDSL data lags the live cycle — its latest covered year is typically the prior completed election). The Senate/President-runner exclusion filter in load_candidate_disbursements() will be SKIPPED for this cycle: any House member's committee that disbursed >$10M while running for a different office will NOT be excluded from district totals until MIT's data catches up.
_ballot_last_names(2026): /Users/callumdoty/Desktop/Political Portfolio/data/raw/mit_elections/1976-2024-house.tab has no GEN-stage rows for 2026 (MIT MEDSL data lags the live cycle — its latest covered year is typically the prior completed election). The Senate/President-runner exclusion filter in load_candidate_disbursements() will be SKIPPED for this cycle: any House member's committee that disbursed >$10M while running for a different office will NOT be excluded from district totals until MIT's data catches up.
Dropping 11 races with no PVI: ['DC-00', 'GU-00', 'MI-14', 'MT-00', 'NY-29', 'PR-00', 'VI-00', 'GA-23', 'KS-00', 'MO-00', 'NY-27']
  [joint_74] computing terminal condition (forced deploy, 200 paths)...
  [joint_74] t=6 (14d left): mean Theta=-3.2004 seats, frac(deploy now)=1.000, basis R2=0.014, g_t_coef=+0.03973 (p=0.642)
  [joint_74] t=5 (28d left): mean Theta=-1.8926 seats, frac(deploy now)=0.980, basis R2=0.034, g_t_coef=-0.01197 (p=0.846)
  [joint_74] t=4 (42d left): mean Theta=-1.3066 seats, frac(deploy now)=0.915, basis R2=0.047, g_t_coef=-0.04008 (p=0.549)
  [joint_74] t=3 (56d left): mean Theta=-0.9990 seats, frac(deploy now)=0.840, basis R2=0.058, g_t_coef=-0.05579 (p=0.409)
  [joint_74] t=2 (70d left): mean Theta=-0.7732 seats, frac(deploy now)=0.745, basis R2=0.034, g_t_coef=-0.01824 (p=0.814)
  [joint_74] t=1 (84d left): mean Theta=-0.5459 seats, frac(deploy now)=0.660, basis R2=0.042, g_t_coef=+0.07305 (p=0.434)
  [joint_74] t=0 (98d left): mean Theta=-0.2819 seats, frac(deploy now)=0.550, basis R2=0.000, g_t_coef=+0.00000 (p=nan)
  draw 74: eta_scale=0.987 trickle_scale=0.886 lambda_scale=0.974 -> Theta(0)=-0.2819  (62.0s)
_ballot_last_names(2026): /Users/callumdoty/Desktop/Political Portfolio/data/raw/mit_elections/1976-2024-house.tab has no GEN-stage rows for 2026 (MIT MEDSL data lags the live cycle — its latest covered year is typically the prior completed election). The Senate/President-runner exclusion filter in load_candidate_disbursements() will be SKIPPED for this cycle: any House member's committee that disbursed >$10M while running for a different office will NOT be excluded from district totals until MIT's data catches up.
_ballot_last_names(2026): /Users/callumdoty/Desktop/Political Portfolio/data/raw/mit_elections/1976-2024-house.tab has no GEN-stage rows for 2026 (MIT MEDSL data lags the live cycle — its latest covered year is typically the prior completed election). The Senate/President-runner exclusion filter in load_candidate_disbursements() will be SKIPPED for this cycle: any House member's committee that disbursed >$10M while running for a different office will NOT be excluded from district totals until MIT's data catches up.
Dropping 11 races with no PVI: ['DC-00', 'GU-00', 'MI-14', 'MT-00', 'NY-29', 'PR-00', 'VI-00', 'GA-23', 'KS-00', 'MO-00', 'NY-27']
  [joint_75] computing terminal condition (forced deploy, 200 paths)...
  [joint_75] t=6 (14d left): mean Theta=-3.3196 seats, frac(deploy now)=0.990, basis R2=0.019, g_t_coef=-0.05977 (p=0.447)
  [joint_75] t=5 (28d left): mean Theta=-1.9072 seats, frac(deploy now)=0.950, basis R2=0.028, g_t_coef=-0.00435 (p=0.941)
  [joint_75] t=4 (42d left): mean Theta=-1.3123 seats, frac(deploy now)=0.870, basis R2=0.041, g_t_coef=-0.00771 (p=0.897)
  [joint_75] t=3 (56d left): mean Theta=-0.9429 seats, frac(deploy now)=0.755, basis R2=0.070, g_t_coef=+0.01757 (p=0.782)
  [joint_75] t=2 (70d left): mean Theta=-0.6554 seats, frac(deploy now)=0.705, basis R2=0.075, g_t_coef=-0.03258 (p=0.648)
  [joint_75] t=1 (84d left): mean Theta=-0.4192 seats, frac(deploy now)=0.625, basis R2=0.073, g_t_coef=-0.00180 (p=0.985)
  [joint_75] t=0 (98d left): mean Theta=-0.1825 seats, frac(deploy now)=0.525, basis R2=0.000, g_t_coef=+0.00000 (p=nan)
  draw 75: eta_scale=1.060 trickle_scale=0.828 lambda_scale=1.060 -> Theta(0)=-0.1825  (63.8s)
_ballot_last_names(2026): /Users/callumdoty/Desktop/Political Portfolio/data/raw/mit_elections/1976-2024-house.tab has no GEN-stage rows for 2026 (MIT MEDSL data lags the live cycle — its latest covered year is typically the prior completed election). The Senate/President-runner exclusion filter in load_candidate_disbursements() will be SKIPPED for this cycle: any House member's committee that disbursed >$10M while running for a different office will NOT be excluded from district totals until MIT's data catches up.
_ballot_last_names(2026): /Users/callumdoty/Desktop/Political Portfolio/data/raw/mit_elections/1976-2024-house.tab has no GEN-stage rows for 2026 (MIT MEDSL data lags the live cycle — its latest covered year is typically the prior completed election). The Senate/President-runner exclusion filter in load_candidate_disbursements() will be SKIPPED for this cycle: any House member's committee that disbursed >$10M while running for a different office will NOT be excluded from district totals until MIT's data catches up.
Dropping 11 races with no PVI: ['DC-00', 'GU-00', 'MI-14', 'MT-00', 'NY-29', 'PR-00', 'VI-00', 'GA-23', 'KS-00', 'MO-00', 'NY-27']
  [joint_76] computing terminal condition (forced deploy, 200 paths)...
  [joint_76] t=6 (14d left): mean Theta=-3.3058 seats, frac(deploy now)=0.995, basis R2=0.061, g_t_coef=+0.01679 (p=0.840)
  [joint_76] t=5 (28d left): mean Theta=-1.8085 seats, frac(deploy now)=0.945, basis R2=0.107, g_t_coef=+0.02250 (p=0.723)
  [joint_76] t=4 (42d left): mean Theta=-1.2540 seats, frac(deploy now)=0.860, basis R2=0.112, g_t_coef=+0.01054 (p=0.868)
  [joint_76] t=3 (56d left): mean Theta=-0.9096 seats, frac(deploy now)=0.765, basis R2=0.078, g_t_coef=-0.01313 (p=0.841)
  [joint_76] t=2 (70d left): mean Theta=-0.6600 seats, frac(deploy now)=0.700, basis R2=0.127, g_t_coef=-0.04659 (p=0.493)
  [joint_76] t=1 (84d left): mean Theta=-0.4382 seats, frac(deploy now)=0.620, basis R2=0.116, g_t_coef=-0.03818 (p=0.702)
  [joint_76] t=0 (98d left): mean Theta=-0.1646 seats, frac(deploy now)=0.470, basis R2=0.000, g_t_coef=+0.00000 (p=nan)
  draw 76: eta_scale=0.940 trickle_scale=0.761 lambda_scale=0.967 -> Theta(0)=-0.1646  (63.9s)
_ballot_last_names(2026): /Users/callumdoty/Desktop/Political Portfolio/data/raw/mit_elections/1976-2024-house.tab has no GEN-stage rows for 2026 (MIT MEDSL data lags the live cycle — its latest covered year is typically the prior completed election). The Senate/President-runner exclusion filter in load_candidate_disbursements() will be SKIPPED for this cycle: any House member's committee that disbursed >$10M while running for a different office will NOT be excluded from district totals until MIT's data catches up.
_ballot_last_names(2026): /Users/callumdoty/Desktop/Political Portfolio/data/raw/mit_elections/1976-2024-house.tab has no GEN-stage rows for 2026 (MIT MEDSL data lags the live cycle — its latest covered year is typically the prior completed election). The Senate/President-runner exclusion filter in load_candidate_disbursements() will be SKIPPED for this cycle: any House member's committee that disbursed >$10M while running for a different office will NOT be excluded from district totals until MIT's data catches up.
Dropping 11 races with no PVI: ['DC-00', 'GU-00', 'MI-14', 'MT-00', 'NY-29', 'PR-00', 'VI-00', 'GA-23', 'KS-00', 'MO-00', 'NY-27']
  [joint_77] computing terminal condition (forced deploy, 200 paths)...
  [joint_77] t=6 (14d left): mean Theta=-3.7552 seats, frac(deploy now)=1.000, basis R2=0.029, g_t_coef=-0.06874 (p=0.375)
  [joint_77] t=5 (28d left): mean Theta=-2.0907 seats, frac(deploy now)=0.985, basis R2=0.031, g_t_coef=+0.01889 (p=0.735)
  [joint_77] t=4 (42d left): mean Theta=-1.4352 seats, frac(deploy now)=0.945, basis R2=0.028, g_t_coef=+0.03358 (p=0.585)
  [joint_77] t=3 (56d left): mean Theta=-1.0426 seats, frac(deploy now)=0.845, basis R2=0.051, g_t_coef=+0.05812 (p=0.334)
  [joint_77] t=2 (70d left): mean Theta=-0.8028 seats, frac(deploy now)=0.790, basis R2=0.053, g_t_coef=+0.04567 (p=0.493)
  [joint_77] t=1 (84d left): mean Theta=-0.5423 seats, frac(deploy now)=0.690, basis R2=0.016, g_t_coef=+0.05280 (p=0.549)
  [joint_77] t=0 (98d left): mean Theta=-0.2754 seats, frac(deploy now)=0.625, basis R2=0.000, g_t_coef=+0.00000 (p=nan)
  draw 77: eta_scale=0.727 trickle_scale=0.991 lambda_scale=1.148 -> Theta(0)=-0.2754  (63.0s)
_ballot_last_names(2026): /Users/callumdoty/Desktop/Political Portfolio/data/raw/mit_elections/1976-2024-house.tab has no GEN-stage rows for 2026 (MIT MEDSL data lags the live cycle — its latest covered year is typically the prior completed election). The Senate/President-runner exclusion filter in load_candidate_disbursements() will be SKIPPED for this cycle: any House member's committee that disbursed >$10M while running for a different office will NOT be excluded from district totals until MIT's data catches up.
_ballot_last_names(2026): /Users/callumdoty/Desktop/Political Portfolio/data/raw/mit_elections/1976-2024-house.tab has no GEN-stage rows for 2026 (MIT MEDSL data lags the live cycle — its latest covered year is typically the prior completed election). The Senate/President-runner exclusion filter in load_candidate_disbursements() will be SKIPPED for this cycle: any House member's committee that disbursed >$10M while running for a different office will NOT be excluded from district totals until MIT's data catches up.
Dropping 11 races with no PVI: ['DC-00', 'GU-00', 'MI-14', 'MT-00', 'NY-29', 'PR-00', 'VI-00', 'GA-23', 'KS-00', 'MO-00', 'NY-27']
  [joint_78] computing terminal condition (forced deploy, 200 paths)...
  [joint_78] t=6 (14d left): mean Theta=-3.0480 seats, frac(deploy now)=0.995, basis R2=0.063, g_t_coef=-0.07486 (p=0.351)
  [joint_78] t=5 (28d left): mean Theta=-1.8006 seats, frac(deploy now)=0.940, basis R2=0.121, g_t_coef=+0.00166 (p=0.980)
  [joint_78] t=4 (42d left): mean Theta=-1.2191 seats, frac(deploy now)=0.820, basis R2=0.108, g_t_coef=-0.06123 (p=0.374)
  [joint_78] t=3 (56d left): mean Theta=-0.9525 seats, frac(deploy now)=0.770, basis R2=0.183, g_t_coef=-0.10044 (p=0.160)
  [joint_78] t=2 (70d left): mean Theta=-0.6798 seats, frac(deploy now)=0.710, basis R2=0.216, g_t_coef=-0.06766 (p=0.387)
  [joint_78] t=1 (84d left): mean Theta=-0.4689 seats, frac(deploy now)=0.640, basis R2=0.224, g_t_coef=-0.05109 (p=0.607)
  [joint_78] t=0 (98d left): mean Theta=-0.2439 seats, frac(deploy now)=0.535, basis R2=-0.000, g_t_coef=+0.00000 (p=nan)
  draw 78: eta_scale=1.101 trickle_scale=0.835 lambda_scale=0.944 -> Theta(0)=-0.2439  (59.9s)
_ballot_last_names(2026): /Users/callumdoty/Desktop/Political Portfolio/data/raw/mit_elections/1976-2024-house.tab has no GEN-stage rows for 2026 (MIT MEDSL data lags the live cycle — its latest covered year is typically the prior completed election). The Senate/President-runner exclusion filter in load_candidate_disbursements() will be SKIPPED for this cycle: any House member's committee that disbursed >$10M while running for a different office will NOT be excluded from district totals until MIT's data catches up.
_ballot_last_names(2026): /Users/callumdoty/Desktop/Political Portfolio/data/raw/mit_elections/1976-2024-house.tab has no GEN-stage rows for 2026 (MIT MEDSL data lags the live cycle — its latest covered year is typically the prior completed election). The Senate/President-runner exclusion filter in load_candidate_disbursements() will be SKIPPED for this cycle: any House member's committee that disbursed >$10M while running for a different office will NOT be excluded from district totals until MIT's data catches up.
Dropping 11 races with no PVI: ['DC-00', 'GU-00', 'MI-14', 'MT-00', 'NY-29', 'PR-00', 'VI-00', 'GA-23', 'KS-00', 'MO-00', 'NY-27']
  [joint_79] computing terminal condition (forced deploy, 200 paths)...
  [joint_79] t=6 (14d left): mean Theta=-2.6241 seats, frac(deploy now)=0.990, basis R2=0.040, g_t_coef=-0.04472 (p=0.624)
  [joint_79] t=5 (28d left): mean Theta=-1.7056 seats, frac(deploy now)=0.935, basis R2=0.087, g_t_coef=+0.01788 (p=0.784)
  [joint_79] t=4 (42d left): mean Theta=-1.2732 seats, frac(deploy now)=0.860, basis R2=0.067, g_t_coef=+0.05021 (p=0.498)
  [joint_79] t=3 (56d left): mean Theta=-0.9804 seats, frac(deploy now)=0.785, basis R2=0.074, g_t_coef=+0.11947 (p=0.167)
  [joint_79] t=2 (70d left): mean Theta=-0.7709 seats, frac(deploy now)=0.710, basis R2=0.096, g_t_coef=+0.00685 (p=0.942)
  [joint_79] t=1 (84d left): mean Theta=-0.4683 seats, frac(deploy now)=0.610, basis R2=0.080, g_t_coef=-0.06122 (p=0.640)
  [joint_79] t=0 (98d left): mean Theta=-0.2011 seats, frac(deploy now)=0.515, basis R2=0.000, g_t_coef=+0.00000 (p=nan)
  draw 79: eta_scale=1.190 trickle_scale=0.899 lambda_scale=0.876 -> Theta(0)=-0.2011  (56.4s)

Joint sensitivity summary: mean=-0.2114 sd=0.0806 range=[-0.3910, -0.0342] frac_negative(deploy favored)=1.000

Saved -> /Users/callumdoty/Desktop/Political Portfolio/outputs/theta_parameter_sensitivity.json
