{
  "estimate": 5.197335848883839,
  "se": 1.6902100947441643,
  "n_pairs": 94
}