{
  "alpha0": -3.481573470695492,
  "alpha1": 0.9733371353234821,
  "alpha2": 38.308841370252686,
  "alpha3": 0.31168260727470454,
  "alpha4": 0.0,
  "beta1": 5.197335848883839,
  "beta2": 0.051127338210627836,
  "beta3": 33.098558792556915,
  "r2_competitive": 0.5270638572680806
}