{
  "alpha0": 0.47792922884198985,
  "alpha1": 0.9615038544617109,
  "alpha2": 36.74242512508081,
  "alpha3": 0.3478433017622991,
  "alpha4": 0.0,
  "alpha5": 0.0,
  "beta1": 5.197335848883839,
  "beta2": 0.05649663621463663,
  "beta3": 32.61320104143915,
  "beta1_open": 6.8014461974224405,
  "r2_competitive": 0.5000972528902757
}