{
  "beta_rc": 5.197335848883839,
  "beta_panel_os": 6.879027771585032,
  "beta4_se": 0.7434176371276662,
  "tau": 3.3804201894883286,
  "kappa": 0.9538669520170033,
  "beta_os_calib": 6.8014461974224405,
  "posterior_se": 0.7260671054149962,
  "beta_os_lb": 5.610696144541847
}