{
  "intercept": 2.4773224223834505,
  "abs_pvi": 0.006017918060824441,
  "is_open": -0.22805641274835237,
  "is_challenger": -0.5910688358399449,
  "abs_gb": -0.0012017451342746094
}