{
  "intercept": 2.344197123824868,
  "abs_pvi": 0.010647518987078195,
  "is_open": -0.09008816283577871,
  "is_challenger": -0.5547006165831141
}