{
  "as_of": "2026-07-07",
  "window_days": 21,
  "n_polls": 10,
  "gb_trailing_avg": 5.0200000000000005,
  "gb_trailing_min": 2.0,
  "gb_trailing_max": 9.200000000000003
}