district_id,period,period_date,model_recommended_party_spend,dccc_actual_cumulative_party_spend,dccc_actual_incremental_party_spend,gap
AZ-01,1,2021-06-15,6050733.177869736,-2455493.79,0.0,6050733.177869736
AZ-02,1,2021-06-15,4568744.812897215,-4143769.0399999996,0.0,4568744.812897215
AZ-04,1,2021-06-15,1169343.137550152,-5108234.25,0.0,1169343.137550152
CA-09,1,2021-06-15,0.0,-8631815.59,0.0,0.0
CA-13,1,2021-06-15,6017460.982715253,-2240651.28,0.0,6017460.982715253
CA-22,1,2021-06-15,21118603.42361621,-2843784.9,0.0,21118603.42361621
CA-27,1,2021-06-15,16209998.823788434,-3939876.14,0.0,16209998.823788434
CA-40,1,2021-06-15,11440081.124705553,-3684677.77,0.0,11440081.124705553
CA-45,1,2021-06-15,6979282.7036531335,-4953234.470000001,0.0,6979282.7036531335
CA-49,1,2021-06-15,1251780.1435052874,-6229886.45,0.0,1251780.1435052874
CO-07,1,2021-06-15,0.0,-2828011.58,0.0,0.0
CO-08,1,2021-06-15,5128640.440860652,-3450642.71,0.0,5128640.440860652
CT-02,1,2021-06-15,0.0,-2463262.0900000003,0.0,0.0
CT-05,1,2021-06-15,2167599.665331864,-3255526.98,0.0,2167599.665331864
FL-07,1,2021-06-15,0.0,-1372067.8699999999,0.0,0.0
FL-23,1,2021-06-15,0.0,-1670073.61,0.0,0.0
FL-27,1,2021-06-15,10654954.678281931,-1893396.45,0.0,10654954.678281931
FL-28,1,2021-06-15,3474676.625135405,-123518.93,0.0,3474676.625135405
IA-03,1,2021-06-15,859602.9529228751,-7041545.76,0.0,859602.9529228751
IL-13,1,2021-06-15,4436619.2044752855,-3796676.35,0.0,4436619.2044752855
IL-17,1,2021-06-15,7694861.704858594,-2983968.25,0.0,7694861.704858594
KS-03,1,2021-06-15,0.0,-7970492.26,0.0,0.0
MD-06,1,2021-06-15,0.0,-12924190.280000001,0.0,0.0
ME-02,1,2021-06-15,2941036.6826353744,-5934177.180000001,0.0,2941036.6826353744
MI-03,1,2021-06-15,9074706.891992088,-3719215.5100000002,0.0,9074706.891992088
MI-07,1,2021-06-15,0.0,-11157182.03,0.0,0.0
MI-08,1,2021-06-15,1046415.8152873022,-6256087.37,0.0,1046415.8152873022
MN-02,1,2021-06-15,2146876.1275344305,-8564730.25,0.0,2146876.1275344305
NC-01,1,2021-06-15,5243488.287512732,-1762951.79,0.0,5243488.287512732
NC-13,1,2021-06-15,4960708.371155991,-3618928.67,0.0,4960708.371155991
NE-02,1,2021-06-15,8428160.39202717,-3261442.29,0.0,8428160.39202717
NH-01,1,2021-06-15,1764818.1069687465,-5089125.59,0.0,1764818.1069687465
NH-02,1,2021-06-15,0.0,-5042374.300000001,0.0,0.0
NJ-07,1,2021-06-15,0.0,-8764242.3,0.0,0.0
NM-01,1,2021-06-15,13434455.2322885,-2537315.75,0.0,13434455.2322885
NM-02,1,2021-06-15,6819546.626860043,-3569826.26,0.0,6819546.626860043
NV-03,1,2021-06-15,683546.7322413027,-6082362.57,0.0,683546.7322413027
NY-03,1,2021-06-15,3581894.7622721666,-3467257.63,0.0,3581894.7622721666
NY-04,1,2021-06-15,6213496.945176715,-1727130.79,0.0,6213496.945176715
NY-17,1,2021-06-15,0.0,-6430158.98,0.0,0.0
NY-18,1,2021-06-15,3777483.433447087,-4657558.01,0.0,3777483.433447087
NY-19,1,2021-06-15,2814581.4263691967,-6642110.23,0.0,2814581.4263691967
NY-22,1,2021-06-15,5454160.263872612,-2928953.65,0.0,5454160.263872612
OH-01,1,2021-06-15,7558276.19540037,-2604972.65,0.0,7558276.19540037
OH-09,1,2021-06-15,3527373.5923725897,-3682431.0799999996,0.0,3527373.5923725897
OH-13,1,2021-06-15,6042779.497660663,-2396611.97,0.0,6042779.497660663
OR-04,1,2021-06-15,9813608.108432006,-2474876.33,0.0,9813608.108432006
OR-05,1,2021-06-15,1315809.645854419,-5025196.260000001,0.0,1315809.645854419
OR-06,1,2021-06-15,5088250.896765033,-3303807.83,0.0,5088250.896765033
PA-01,1,2021-06-15,9339019.356380552,-964394.38,0.0,9339019.356380552
PA-07,1,2021-06-15,2412954.699218598,-6835941.42,0.0,2412954.699218598
PA-08,1,2021-06-15,3358773.599528617,-5292767.31,0.0,3358773.599528617
PA-17,1,2021-06-15,58562.011727569625,-7086934.68,0.0,58562.011727569625
RI-02,1,2021-06-15,4621080.067058248,-3769245.92,0.0,4621080.067058248
TX-15,1,2021-06-15,7463693.05930317,-2334819.06,0.0,7463693.05930317
TX-28,1,2021-06-15,1620167.206258079,-6424513.83,0.0,1620167.206258079
VA-02,1,2021-06-15,0.0,-10355021.26,0.0,0.0
VA-07,1,2021-06-15,0.0,-9195119.43,0.0,0.0
WA-08,1,2021-06-15,0.0,-10734003.43,0.0,0.0
WI-01,1,2021-06-15,7525923.900563417,-814276.45,0.0,7525923.900563417
WI-03,1,2021-06-15,6872528.793667642,-1798293.31,0.0,6872528.793667642
AZ-01,2,2021-06-29,5987507.509654849,-2455493.79,0.0,5987507.509654849
AZ-02,2,2021-06-29,4509239.960178951,-4143769.0399999996,0.0,4509239.960178951
AZ-04,2,2021-06-29,1133067.983945367,-5108234.25,0.0,1133067.983945367
CA-09,2,2021-06-29,1.862645149230957e-09,-8631815.59,0.0,1.862645149230957e-09
CA-13,2,2021-06-29,5956121.3690585755,-2240651.28,0.0,5956121.3690585755
CA-22,2,2021-06-29,20941963.289676294,-2843784.9,0.0,20941963.289676294
CA-27,2,2021-06-29,16055996.23060802,-3939876.14,0.0,16055996.23060802
CA-40,2,2021-06-29,11327084.543225568,-3684677.77,0.0,11327084.543225568
CA-45,2,2021-06-29,6892566.419657276,-4953234.470000001,0.0,6892566.419657276
CA-49,2,2021-06-29,1210632.3635258554,-6229886.45,0.0,1210632.3635258554
CO-07,2,2021-06-29,0.0,-2828011.58,0.0,0.0
CO-08,2,2021-06-29,5065082.876015556,-3450642.71,0.0,5065082.876015556
CT-02,2,2021-06-29,1.3969838619232178e-09,-2463262.0900000003,0.0,1.3969838619232178e-09
CT-05,2,2021-06-29,2136809.3035466764,-3255526.98,0.0,2136809.3035466764
FL-07,2,2021-06-29,0.0,-1372067.8699999999,0.0,0.0
FL-23,2,2021-06-29,0.0,-1670073.61,0.0,0.0
FL-27,2,2021-06-29,10561226.68605037,-1893396.45,0.0,10561226.68605037
FL-28,2,2021-06-29,3448091.5013994486,-123518.93,0.0,3448091.5013994486
IA-03,2,2021-06-29,808003.1734433519,-7041545.76,0.0,808003.1734433519
IL-13,2,2021-06-29,4375753.941889597,-3796676.35,0.0,4375753.941889597
IL-17,2,2021-06-29,7616188.53765716,-2983968.25,0.0,7616188.53765716
KS-03,2,2021-06-29,0.0,-7970492.26,0.0,0.0
MD-06,2,2021-06-29,0.0,-12924190.280000001,0.0,0.0
ME-02,2,2021-06-29,2880577.1852647457,-5934177.180000001,0.0,2880577.1852647457
MI-03,2,2021-06-29,8980661.804007988,-3719215.5100000002,0.0,8980661.804007988
MI-07,2,2021-06-29,1.862645149230957e-09,-11157182.03,0.0,1.862645149230957e-09
MI-08,2,2021-06-29,1000766.5981997065,-6256087.37,0.0,1000766.5981997065
MN-02,2,2021-06-29,2087650.3679168355,-8564730.25,0.0,2087650.3679168355
NC-01,2,2021-06-29,5192614.233502996,-1762951.79,0.0,5192614.233502996
NC-13,2,2021-06-29,4896977.047603249,-3618928.67,0.0,4896977.047603249
NE-02,2,2021-06-29,8341917.375625408,-3261442.29,0.0,8341917.375625408
NH-01,2,2021-06-29,1721461.1484930208,-5089125.59,0.0,1721461.1484930208
NH-02,2,2021-06-29,0.0,-5042374.300000001,0.0,0.0
NJ-07,2,2021-06-29,1.862645149230957e-09,-8764242.3,0.0,1.862645149230957e-09
NM-01,2,2021-06-29,16452539.76438368,-1518222.94,1019092.81,15433446.954383679
NM-02,2,2021-06-29,6742803.655434823,-3569826.26,0.0,6742803.655434823
NV-03,2,2021-06-29,644437.3661244484,-6082362.57,0.0,644437.3661244484
NY-03,2,2021-06-29,3546446.3212565803,-3467257.63,0.0,3546446.3212565803
NY-04,2,2021-06-29,6154117.087750276,-1727130.79,0.0,6154117.087750276
NY-17,2,2021-06-29,1.862645149230957e-09,-6430158.98,0.0,1.862645149230957e-09
NY-18,2,2021-06-29,3715016.7284090407,-4657558.01,0.0,3715016.7284090407
NY-19,2,2021-06-29,2758947.3874689853,-6642110.23,0.0,2758947.3874689853
NY-22,2,2021-06-29,5391809.774682784,-2928953.65,0.0,5391809.774682784
OH-01,2,2021-06-29,7483383.198794423,-2604972.65,0.0,7483383.198794423
OH-09,2,2021-06-29,3479605.7063686345,-3682431.0799999996,0.0,3479605.7063686345
OH-13,2,2021-06-29,5980101.749500226,-2396611.97,0.0,5980101.749500226
OR-04,2,2021-06-29,9723371.628452946,-2474876.33,0.0,9723371.628452946
OR-05,2,2021-06-29,1279289.807532426,-5025196.260000001,0.0,1279289.807532426
OR-06,2,2021-06-29,5026175.242179396,-3303807.83,0.0,5026175.242179396
PA-01,2,2021-06-29,9263802.217957774,-964394.38,0.0,9263802.217957774
PA-07,2,2021-06-29,2355372.903675682,-6835941.42,0.0,2355372.903675682
PA-08,2,2021-06-29,3301377.873081262,-5292767.31,0.0,3301377.873081262
PA-17,2,2021-06-29,15484.783026838675,-7086934.68,0.0,15484.783026838675
RI-02,2,2021-06-29,4559062.429659957,-3769245.92,0.0,4559062.429659957
TX-15,2,2021-06-29,7392169.285102295,-2334819.06,0.0,7392169.285102295
TX-28,2,2021-06-29,1560687.9351562504,-6424513.83,0.0,1560687.9351562504
VA-02,2,2021-06-29,1.862645149230957e-09,-10355021.26,0.0,1.862645149230957e-09
VA-07,2,2021-06-29,0.0,-9195119.43,0.0,0.0
WA-08,2,2021-06-29,0.0,-10734003.43,0.0,0.0
WI-01,2,2021-06-29,7465193.137322429,-814276.45,0.0,7465193.137322429
WI-03,2,2021-06-29,6808002.896532116,-1798293.31,0.0,6808002.896532116
AZ-01,3,2021-07-13,4535588.91729769,-2397839.61,57654.18000000017,4477934.73729769
AZ-02,3,2021-07-13,3136383.907254696,-4036280.51,107488.5299999998,3028895.377254696
AZ-04,3,2021-07-13,274277.4189063385,-4938975.34,169258.91000000015,105018.50890633836
CA-09,3,2021-07-13,0.0,-8401770.41,230045.1799999997,-230045.1799999997
CA-13,3,2021-07-13,6171060.7937967125,-2240651.28,0.0,6171060.7937967125
CA-22,3,2021-07-13,22172349.720113955,-2843784.9,0.0,22172349.720113955
CA-27,3,2021-07-13,15978773.10701057,-3798567.11,141309.03000000026,15837464.077010568
CA-40,3,2021-07-13,13460752.648415867,-3684677.77,0.0,13460752.648415867
CA-45,3,2021-07-13,11060121.918174248,-4763280.050000001,189954.41999999993,10870167.498174248
CA-49,3,2021-07-13,1571432.4248137595,-6013659.73,216226.71999999974,1355205.7048137598
CO-07,3,2021-07-13,0.0,-2827701.58,310.0,-310.0
CO-08,3,2021-07-13,3603092.116606363,-3450642.71,0.0,3603092.116606363
CT-02,3,2021-07-13,192761.2593759722,-2416548.31,46713.78000000026,146047.47937597195
CT-05,3,2021-07-13,1414848.8256823383,-3133114.56,122412.41999999993,1292436.4056823384
FL-07,3,2021-07-13,1127447.1571247438,-1086529.0799999998,285538.79000000004,841908.3671247438
FL-23,3,2021-07-13,0.0,-1670073.61,0.0,0.0
FL-27,3,2021-07-13,14581302.388137963,-1797898.06,95498.3899999999,14485803.998137962
FL-28,3,2021-07-13,4968530.818693723,-123518.93,0.0,4968530.818693723
IA-03,3,2021-07-13,9.313225746154785e-10,-6877716.279999999,163829.48000000045,-163829.47999999952
IL-13,3,2021-07-13,2972828.763392675,-3796676.35,0.0,2972828.763392675
IL-17,3,2021-07-13,8750523.714215621,-2983968.25,0.0,8750523.714215621
KS-03,3,2021-07-13,0.0,-7764529.09,205963.16999999993,-205963.16999999993
MD-06,3,2021-07-13,0.0,-12720337.57,203852.7100000009,-203852.7100000009
ME-02,3,2021-07-13,1486022.320640657,-5715854.23,218322.9500000002,1267699.370640657
MI-03,3,2021-07-13,8784145.709107995,-3711027.72,8187.790000000037,8775957.919107996
MI-07,3,2021-07-13,0.0,-10964092.77,193089.25999999978,-193089.25999999978
MI-08,3,2021-07-13,39095.13134098984,-6173048.18,83039.19000000041,-43944.05865901057
MN-02,3,2021-07-13,1927145.9965599533,-8403230.540000001,161499.70999999903,1765646.2865599543
NC-01,3,2021-07-13,7541629.990730501,-1762951.79,0.0,7541629.990730501
NC-13,3,2021-07-13,3431114.2873848937,-3585198.77,33729.89999999991,3397384.387384894
NE-02,3,2021-07-13,10790135.457090653,-3261442.29,0.0,10790135.457090653
NH-01,3,2021-07-13,746030.4832806038,-4975084.07,114041.51999999955,631988.9632806042
NH-02,3,2021-07-13,0.0,-4911801.9,130572.40000000037,-130572.40000000037
NJ-07,3,2021-07-13,0.0,-8591731.0,172511.30000000075,-172511.30000000075
NM-01,3,2021-07-13,13936429.680845065,-1494478.5100000002,23744.429999999702,13912685.250845065
NM-02,3,2021-07-13,8240931.27779221,-3569826.26,0.0,8240931.27779221
NV-03,3,2021-07-13,1536277.2043407215,-5937383.5200000005,144979.0499999998,1391298.1543407217
NY-03,3,2021-07-13,3154647.2966551525,-3363736.21,103521.41999999993,3051125.8766551525
NY-04,3,2021-07-13,4802329.549149031,-1727130.79,0.0,4802329.549149031
NY-17,3,2021-07-13,0.0,-6084349.8100000005,345809.1699999999,-345809.1699999999
NY-18,3,2021-07-13,3526264.4060240854,-4657558.01,0.0,3526264.4060240854
NY-19,3,2021-07-13,1471673.160454465,-6323311.69,318798.54000000004,1152874.620454465
NY-22,3,2021-07-13,3958297.106187438,-2928188.9,764.75,3957532.356187438
OH-01,3,2021-07-13,7572658.405025179,-2604972.65,0.0,7572658.405025179
OH-09,3,2021-07-13,2604058.4801085107,-3648096.1199999996,34334.95999999996,2569723.5201085107
OH-13,3,2021-07-13,4541292.991596248,-2396611.97,0.0,4541292.991596248
OR-04,3,2021-07-13,7801784.326896643,-2474876.33,0.0,7801784.326896643
OR-05,3,2021-07-13,416699.97344551235,-4954569.11,70627.15000000037,346072.823445512
OR-06,3,2021-07-13,3597527.0880514653,-3303807.83,0.0,3597527.0880514653
PA-01,3,2021-07-13,10578052.863073757,-964394.38,0.0,10578052.863073757
PA-07,3,2021-07-13,2696714.924480104,-6681078.91,154862.50999999978,2541852.414480104
PA-08,3,2021-07-13,1995702.9514965015,-5145411.989999999,147355.3200000003,1848347.6314965012
PA-17,3,2021-07-13,9.313225746154785e-10,-7086934.68,0.0,9.313225746154785e-10
RI-02,3,2021-07-13,3130868.723601442,-3769245.92,0.0,3130868.723601442
TX-15,3,2021-07-13,9241166.436220352,-2334819.06,0.0,9241166.436220352
TX-28,3,2021-07-13,190244.8165445961,-6424475.46,38.37000000011176,190206.446544596
VA-02,3,2021-07-13,0.0,-10210433.43,144587.83000000007,-144587.83000000007
VA-07,3,2021-07-13,0.0,-9081757.200000001,113362.22999999858,-113362.22999999858
WA-08,3,2021-07-13,0.0,-10575834.89,158168.5399999991,-158168.5399999991
WI-01,3,2021-07-13,9515188.51619726,-814276.45,0.0,9515188.51619726
WI-03,3,2021-07-13,9000954.876664849,-1798293.31,0.0,9000954.876664849
AZ-01,4,2021-07-27,4535588.91729769,-2397839.61,0.0,4535588.91729769
AZ-02,4,2021-07-27,3136383.907254696,-4036280.51,0.0,3136383.907254696
AZ-04,4,2021-07-27,274277.4189063385,-4938975.34,0.0,274277.4189063385
CA-09,4,2021-07-27,0.0,-8401770.41,0.0,0.0
CA-13,4,2021-07-27,6171060.7937967125,-2240651.28,0.0,6171060.7937967125
CA-22,4,2021-07-27,22172349.720113955,-2843784.9,0.0,22172349.720113955
CA-27,4,2021-07-27,15978773.10701057,-3798567.11,0.0,15978773.10701057
CA-40,4,2021-07-27,13460752.648415867,-3684677.77,0.0,13460752.648415867
CA-45,4,2021-07-27,11060121.918174248,-4763280.050000001,0.0,11060121.918174248
CA-49,4,2021-07-27,1571432.4248137595,-6013659.73,0.0,1571432.4248137595
CO-07,4,2021-07-27,0.0,-2827701.58,0.0,0.0
CO-08,4,2021-07-27,3603092.116606363,-3450642.71,0.0,3603092.116606363
CT-02,4,2021-07-27,192761.2593759722,-2416548.31,0.0,192761.2593759722
CT-05,4,2021-07-27,1414848.8256823383,-3133114.56,0.0,1414848.8256823383
FL-07,4,2021-07-27,1127447.1571247438,-1086529.0799999998,0.0,1127447.1571247438
FL-23,4,2021-07-27,0.0,-1670073.61,0.0,0.0
FL-27,4,2021-07-27,14581302.388137963,-1797898.06,0.0,14581302.388137963
FL-28,4,2021-07-27,4968530.818693723,-123518.93,0.0,4968530.818693723
IA-03,4,2021-07-27,9.313225746154785e-10,-6877716.279999999,0.0,9.313225746154785e-10
IL-13,4,2021-07-27,2972828.763392675,-3796676.35,0.0,2972828.763392675
IL-17,4,2021-07-27,8750523.714215621,-2983968.25,0.0,8750523.714215621
KS-03,4,2021-07-27,0.0,-7764529.09,0.0,0.0
MD-06,4,2021-07-27,0.0,-12720337.57,0.0,0.0
ME-02,4,2021-07-27,1486022.320640657,-5715854.23,0.0,1486022.320640657
MI-03,4,2021-07-27,8784145.709107995,-3711027.72,0.0,8784145.709107995
MI-07,4,2021-07-27,0.0,-10964092.77,0.0,0.0
MI-08,4,2021-07-27,39095.13134098984,-6173048.18,0.0,39095.13134098984
MN-02,4,2021-07-27,1927145.9965599533,-8403230.540000001,0.0,1927145.9965599533
NC-01,4,2021-07-27,7541629.990730501,-1762951.79,0.0,7541629.990730501
NC-13,4,2021-07-27,3431114.2873848937,-3585198.77,0.0,3431114.2873848937
NE-02,4,2021-07-27,10790135.457090653,-3261442.29,0.0,10790135.457090653
NH-01,4,2021-07-27,746030.4832806038,-4975084.07,0.0,746030.4832806038
NH-02,4,2021-07-27,0.0,-4911801.9,0.0,0.0
NJ-07,4,2021-07-27,0.0,-8591731.0,0.0,0.0
NM-01,4,2021-07-27,13936429.680845065,-1494478.5100000002,0.0,13936429.680845065
NM-02,4,2021-07-27,8240931.27779221,-3569826.26,0.0,8240931.27779221
NV-03,4,2021-07-27,1536277.2043407215,-5937383.5200000005,0.0,1536277.2043407215
NY-03,4,2021-07-27,3154647.2966551525,-3363736.21,0.0,3154647.2966551525
NY-04,4,2021-07-27,4802329.549149031,-1727130.79,0.0,4802329.549149031
NY-17,4,2021-07-27,0.0,-6084349.8100000005,0.0,0.0
NY-18,4,2021-07-27,3526264.4060240854,-4657558.01,0.0,3526264.4060240854
NY-19,4,2021-07-27,1471673.160454465,-6323311.69,0.0,1471673.160454465
NY-22,4,2021-07-27,3958297.106187438,-2928188.9,0.0,3958297.106187438
OH-01,4,2021-07-27,7572658.405025179,-2604972.65,0.0,7572658.405025179
OH-09,4,2021-07-27,2604058.4801085107,-3648096.1199999996,0.0,2604058.4801085107
OH-13,4,2021-07-27,4541292.991596248,-2396611.97,0.0,4541292.991596248
OR-04,4,2021-07-27,7801784.326896643,-2474876.33,0.0,7801784.326896643
OR-05,4,2021-07-27,416699.97344551235,-4954569.11,0.0,416699.97344551235
OR-06,4,2021-07-27,3597527.0880514653,-3303807.83,0.0,3597527.0880514653
PA-01,4,2021-07-27,10578052.863073757,-964394.38,0.0,10578052.863073757
PA-07,4,2021-07-27,2696714.924480104,-6681078.91,0.0,2696714.924480104
PA-08,4,2021-07-27,1995702.9514965015,-5145411.989999999,0.0,1995702.9514965015
PA-17,4,2021-07-27,9.313225746154785e-10,-7086934.68,0.0,9.313225746154785e-10
RI-02,4,2021-07-27,3130868.723601442,-3769245.92,0.0,3130868.723601442
TX-15,4,2021-07-27,9241166.436220352,-2334819.06,0.0,9241166.436220352
TX-28,4,2021-07-27,190244.8165445961,-6424475.46,0.0,190244.8165445961
VA-02,4,2021-07-27,0.0,-10210433.43,0.0,0.0
VA-07,4,2021-07-27,0.0,-9081757.200000001,0.0,0.0
WA-08,4,2021-07-27,0.0,-10575834.89,0.0,0.0
WI-01,4,2021-07-27,9515188.51619726,-814276.45,0.0,9515188.51619726
WI-03,4,2021-07-27,9000954.876664849,-1798293.31,0.0,9000954.876664849
AZ-01,5,2021-08-10,4535588.91729769,-2397839.61,0.0,4535588.91729769
AZ-02,5,2021-08-10,3136383.907254696,-4036280.51,0.0,3136383.907254696
AZ-04,5,2021-08-10,274277.4189063385,-4938975.34,0.0,274277.4189063385
CA-09,5,2021-08-10,0.0,-8401770.41,0.0,0.0
CA-13,5,2021-08-10,6171060.7937967125,-2240651.28,0.0,6171060.7937967125
CA-22,5,2021-08-10,22172349.720113955,-2843784.9,0.0,22172349.720113955
CA-27,5,2021-08-10,15978773.10701057,-3798567.11,0.0,15978773.10701057
CA-40,5,2021-08-10,13460752.648415867,-3684677.77,0.0,13460752.648415867
CA-45,5,2021-08-10,11060121.918174248,-4763280.050000001,0.0,11060121.918174248
CA-49,5,2021-08-10,1571432.4248137595,-6013659.73,0.0,1571432.4248137595
CO-07,5,2021-08-10,0.0,-2827701.58,0.0,0.0
CO-08,5,2021-08-10,3603092.116606363,-3450642.71,0.0,3603092.116606363
CT-02,5,2021-08-10,192761.2593759722,-2416548.31,0.0,192761.2593759722
CT-05,5,2021-08-10,1414848.8256823383,-3133114.56,0.0,1414848.8256823383
FL-07,5,2021-08-10,1127447.1571247438,-1086529.0799999998,0.0,1127447.1571247438
FL-23,5,2021-08-10,0.0,-1670073.61,0.0,0.0
FL-27,5,2021-08-10,14581302.388137963,-1797898.06,0.0,14581302.388137963
FL-28,5,2021-08-10,4968530.818693723,-123518.93,0.0,4968530.818693723
IA-03,5,2021-08-10,9.313225746154785e-10,-6877716.279999999,0.0,9.313225746154785e-10
IL-13,5,2021-08-10,2972828.763392675,-3796676.35,0.0,2972828.763392675
IL-17,5,2021-08-10,8750523.714215621,-2983968.25,0.0,8750523.714215621
KS-03,5,2021-08-10,0.0,-7764529.09,0.0,0.0
MD-06,5,2021-08-10,0.0,-12720337.57,0.0,0.0
ME-02,5,2021-08-10,1486022.320640657,-5715854.23,0.0,1486022.320640657
MI-03,5,2021-08-10,8784145.709107995,-3711027.72,0.0,8784145.709107995
MI-07,5,2021-08-10,0.0,-10964092.77,0.0,0.0
MI-08,5,2021-08-10,39095.13134098984,-6173048.18,0.0,39095.13134098984
MN-02,5,2021-08-10,1927145.9965599533,-8403230.540000001,0.0,1927145.9965599533
NC-01,5,2021-08-10,7541629.990730501,-1762951.79,0.0,7541629.990730501
NC-13,5,2021-08-10,3431114.2873848937,-3585198.77,0.0,3431114.2873848937
NE-02,5,2021-08-10,10790135.457090653,-3261442.29,0.0,10790135.457090653
NH-01,5,2021-08-10,746030.4832806038,-4975084.07,0.0,746030.4832806038
NH-02,5,2021-08-10,0.0,-4911801.9,0.0,0.0
NJ-07,5,2021-08-10,0.0,-8591731.0,0.0,0.0
NM-01,5,2021-08-10,13936429.680845065,-1494478.5100000002,0.0,13936429.680845065
NM-02,5,2021-08-10,8240931.27779221,-3569826.26,0.0,8240931.27779221
NV-03,5,2021-08-10,1536277.2043407215,-5937383.5200000005,0.0,1536277.2043407215
NY-03,5,2021-08-10,3154647.2966551525,-3363736.21,0.0,3154647.2966551525
NY-04,5,2021-08-10,4802329.549149031,-1727130.79,0.0,4802329.549149031
NY-17,5,2021-08-10,0.0,-6084349.8100000005,0.0,0.0
NY-18,5,2021-08-10,3526264.4060240854,-4657558.01,0.0,3526264.4060240854
NY-19,5,2021-08-10,1471673.160454465,-6323311.69,0.0,1471673.160454465
NY-22,5,2021-08-10,3958297.106187438,-2928188.9,0.0,3958297.106187438
OH-01,5,2021-08-10,7572658.405025179,-2604972.65,0.0,7572658.405025179
OH-09,5,2021-08-10,2604058.4801085107,-3648096.1199999996,0.0,2604058.4801085107
OH-13,5,2021-08-10,4541292.991596248,-2396611.97,0.0,4541292.991596248
OR-04,5,2021-08-10,7801784.326896643,-2474876.33,0.0,7801784.326896643
OR-05,5,2021-08-10,416699.97344551235,-4954569.11,0.0,416699.97344551235
OR-06,5,2021-08-10,3597527.0880514653,-3303807.83,0.0,3597527.0880514653
PA-01,5,2021-08-10,10578052.863073757,-964394.38,0.0,10578052.863073757
PA-07,5,2021-08-10,2696714.924480104,-6681078.91,0.0,2696714.924480104
PA-08,5,2021-08-10,1995702.9514965015,-5145411.989999999,0.0,1995702.9514965015
PA-17,5,2021-08-10,9.313225746154785e-10,-7086934.68,0.0,9.313225746154785e-10
RI-02,5,2021-08-10,3130868.723601442,-3769245.92,0.0,3130868.723601442
TX-15,5,2021-08-10,9241166.436220352,-2334819.06,0.0,9241166.436220352
TX-28,5,2021-08-10,190244.8165445961,-6424475.46,0.0,190244.8165445961
VA-02,5,2021-08-10,0.0,-10210433.43,0.0,0.0
VA-07,5,2021-08-10,0.0,-9081757.200000001,0.0,0.0
WA-08,5,2021-08-10,0.0,-10575834.89,0.0,0.0
WI-01,5,2021-08-10,9515188.51619726,-814276.45,0.0,9515188.51619726
WI-03,5,2021-08-10,9000954.876664849,-1798293.31,0.0,9000954.876664849
AZ-01,6,2021-08-24,4535588.91729769,-2397839.61,0.0,4535588.91729769
AZ-02,6,2021-08-24,3136383.907254696,-4036280.51,0.0,3136383.907254696
AZ-04,6,2021-08-24,274277.4189063385,-4938975.34,0.0,274277.4189063385
CA-09,6,2021-08-24,0.0,-8401770.41,0.0,0.0
CA-13,6,2021-08-24,6171060.7937967125,-2240651.28,0.0,6171060.7937967125
CA-22,6,2021-08-24,22172349.720113955,-2843784.9,0.0,22172349.720113955
CA-27,6,2021-08-24,15978773.10701057,-3798567.11,0.0,15978773.10701057
CA-40,6,2021-08-24,13460752.648415867,-3684677.77,0.0,13460752.648415867
CA-45,6,2021-08-24,11060121.918174248,-4763280.050000001,0.0,11060121.918174248
CA-49,6,2021-08-24,1571432.4248137595,-6013659.73,0.0,1571432.4248137595
CO-07,6,2021-08-24,0.0,-2827701.58,0.0,0.0
CO-08,6,2021-08-24,3603092.116606363,-3450642.71,0.0,3603092.116606363
CT-02,6,2021-08-24,192761.2593759722,-2416548.31,0.0,192761.2593759722
CT-05,6,2021-08-24,1414848.8256823383,-3133114.56,0.0,1414848.8256823383
FL-07,6,2021-08-24,1127447.1571247438,-1086529.0799999998,0.0,1127447.1571247438
FL-23,6,2021-08-24,0.0,-1670073.61,0.0,0.0
FL-27,6,2021-08-24,14581302.388137963,-1797898.06,0.0,14581302.388137963
FL-28,6,2021-08-24,4968530.818693723,-123518.93,0.0,4968530.818693723
IA-03,6,2021-08-24,9.313225746154785e-10,-6877716.279999999,0.0,9.313225746154785e-10
IL-13,6,2021-08-24,2972828.763392675,-3796676.35,0.0,2972828.763392675
IL-17,6,2021-08-24,8750523.714215621,-2983968.25,0.0,8750523.714215621
KS-03,6,2021-08-24,0.0,-7764529.09,0.0,0.0
MD-06,6,2021-08-24,0.0,-12720337.57,0.0,0.0
ME-02,6,2021-08-24,1486022.320640657,-5715854.23,0.0,1486022.320640657
MI-03,6,2021-08-24,8784145.709107995,-3711027.72,0.0,8784145.709107995
MI-07,6,2021-08-24,0.0,-10964092.77,0.0,0.0
MI-08,6,2021-08-24,39095.13134098984,-6173048.18,0.0,39095.13134098984
MN-02,6,2021-08-24,1927145.9965599533,-8403230.540000001,0.0,1927145.9965599533
NC-01,6,2021-08-24,7541629.990730501,-1762951.79,0.0,7541629.990730501
NC-13,6,2021-08-24,3431114.2873848937,-3585198.77,0.0,3431114.2873848937
NE-02,6,2021-08-24,10790135.457090653,-3261442.29,0.0,10790135.457090653
NH-01,6,2021-08-24,746030.4832806038,-4975084.07,0.0,746030.4832806038
NH-02,6,2021-08-24,0.0,-4911801.9,0.0,0.0
NJ-07,6,2021-08-24,0.0,-8591731.0,0.0,0.0
NM-01,6,2021-08-24,13936429.680845065,-1494478.5100000002,0.0,13936429.680845065
NM-02,6,2021-08-24,8240931.27779221,-3569826.26,0.0,8240931.27779221
NV-03,6,2021-08-24,1536277.2043407215,-5937383.5200000005,0.0,1536277.2043407215
NY-03,6,2021-08-24,3154647.2966551525,-3363736.21,0.0,3154647.2966551525
NY-04,6,2021-08-24,4802329.549149031,-1727130.79,0.0,4802329.549149031
NY-17,6,2021-08-24,0.0,-6084349.8100000005,0.0,0.0
NY-18,6,2021-08-24,3526264.4060240854,-4657558.01,0.0,3526264.4060240854
NY-19,6,2021-08-24,1471673.160454465,-6323311.69,0.0,1471673.160454465
NY-22,6,2021-08-24,3958297.106187438,-2928188.9,0.0,3958297.106187438
OH-01,6,2021-08-24,7572658.405025179,-2604972.65,0.0,7572658.405025179
OH-09,6,2021-08-24,2604058.4801085107,-3648096.1199999996,0.0,2604058.4801085107
OH-13,6,2021-08-24,4541292.991596248,-2396611.97,0.0,4541292.991596248
OR-04,6,2021-08-24,7801784.326896643,-2474876.33,0.0,7801784.326896643
OR-05,6,2021-08-24,416699.97344551235,-4954569.11,0.0,416699.97344551235
OR-06,6,2021-08-24,3597527.0880514653,-3303807.83,0.0,3597527.0880514653
PA-01,6,2021-08-24,10578052.863073757,-964394.38,0.0,10578052.863073757
PA-07,6,2021-08-24,2696714.924480104,-6681078.91,0.0,2696714.924480104
PA-08,6,2021-08-24,1995702.9514965015,-5145411.989999999,0.0,1995702.9514965015
PA-17,6,2021-08-24,9.313225746154785e-10,-7086934.68,0.0,9.313225746154785e-10
RI-02,6,2021-08-24,3130868.723601442,-3769245.92,0.0,3130868.723601442
TX-15,6,2021-08-24,9241166.436220352,-2334819.06,0.0,9241166.436220352
TX-28,6,2021-08-24,190244.8165445961,-6424475.46,0.0,190244.8165445961
VA-02,6,2021-08-24,0.0,-10210433.43,0.0,0.0
VA-07,6,2021-08-24,0.0,-9081757.200000001,0.0,0.0
WA-08,6,2021-08-24,0.0,-10575834.89,0.0,0.0
WI-01,6,2021-08-24,9515188.51619726,-814276.45,0.0,9515188.51619726
WI-03,6,2021-08-24,9000954.876664849,-1798293.31,0.0,9000954.876664849
AZ-01,7,2021-09-07,4535588.91729769,-2397839.61,0.0,4535588.91729769
AZ-02,7,2021-09-07,3136383.907254696,-4036280.51,0.0,3136383.907254696
AZ-04,7,2021-09-07,274277.4189063385,-4938975.34,0.0,274277.4189063385
CA-09,7,2021-09-07,0.0,-8401770.41,0.0,0.0
CA-13,7,2021-09-07,6171060.7937967125,-2240651.28,0.0,6171060.7937967125
CA-22,7,2021-09-07,22172349.720113955,-2843784.9,0.0,22172349.720113955
CA-27,7,2021-09-07,15978773.10701057,-3798567.11,0.0,15978773.10701057
CA-40,7,2021-09-07,13460752.648415867,-3684677.77,0.0,13460752.648415867
CA-45,7,2021-09-07,11060121.918174248,-4763280.050000001,0.0,11060121.918174248
CA-49,7,2021-09-07,1571432.4248137595,-6013659.73,0.0,1571432.4248137595
CO-07,7,2021-09-07,0.0,-2827701.58,0.0,0.0
CO-08,7,2021-09-07,3603092.116606363,-3450642.71,0.0,3603092.116606363
CT-02,7,2021-09-07,192761.2593759722,-2416548.31,0.0,192761.2593759722
CT-05,7,2021-09-07,1414848.8256823383,-3133114.56,0.0,1414848.8256823383
FL-07,7,2021-09-07,1127447.1571247438,-1086529.0799999998,0.0,1127447.1571247438
FL-23,7,2021-09-07,0.0,-1670073.61,0.0,0.0
FL-27,7,2021-09-07,14581302.388137963,-1797898.06,0.0,14581302.388137963
FL-28,7,2021-09-07,4968530.818693723,-123518.93,0.0,4968530.818693723
IA-03,7,2021-09-07,9.313225746154785e-10,-6877716.279999999,0.0,9.313225746154785e-10
IL-13,7,2021-09-07,2972828.763392675,-3796676.35,0.0,2972828.763392675
IL-17,7,2021-09-07,8750523.714215621,-2983968.25,0.0,8750523.714215621
KS-03,7,2021-09-07,0.0,-7764529.09,0.0,0.0
MD-06,7,2021-09-07,0.0,-12720337.57,0.0,0.0
ME-02,7,2021-09-07,1486022.320640657,-5715854.23,0.0,1486022.320640657
MI-03,7,2021-09-07,8784145.709107995,-3711027.72,0.0,8784145.709107995
MI-07,7,2021-09-07,0.0,-10964092.77,0.0,0.0
MI-08,7,2021-09-07,39095.13134098984,-6173048.18,0.0,39095.13134098984
MN-02,7,2021-09-07,1927145.9965599533,-8403230.540000001,0.0,1927145.9965599533
NC-01,7,2021-09-07,7541629.990730501,-1762951.79,0.0,7541629.990730501
NC-13,7,2021-09-07,3431114.2873848937,-3585198.77,0.0,3431114.2873848937
NE-02,7,2021-09-07,10790135.457090653,-3261442.29,0.0,10790135.457090653
NH-01,7,2021-09-07,746030.4832806038,-4975084.07,0.0,746030.4832806038
NH-02,7,2021-09-07,0.0,-4911801.9,0.0,0.0
NJ-07,7,2021-09-07,0.0,-8591731.0,0.0,0.0
NM-01,7,2021-09-07,13936429.680845065,-1494478.5100000002,0.0,13936429.680845065
NM-02,7,2021-09-07,8240931.27779221,-3569826.26,0.0,8240931.27779221
NV-03,7,2021-09-07,1536277.2043407215,-5937383.5200000005,0.0,1536277.2043407215
NY-03,7,2021-09-07,3154647.2966551525,-3363736.21,0.0,3154647.2966551525
NY-04,7,2021-09-07,4802329.549149031,-1727130.79,0.0,4802329.549149031
NY-17,7,2021-09-07,0.0,-6084349.8100000005,0.0,0.0
NY-18,7,2021-09-07,3526264.4060240854,-4657558.01,0.0,3526264.4060240854
NY-19,7,2021-09-07,1471673.160454465,-6323311.69,0.0,1471673.160454465
NY-22,7,2021-09-07,3958297.106187438,-2928188.9,0.0,3958297.106187438
OH-01,7,2021-09-07,7572658.405025179,-2604972.65,0.0,7572658.405025179
OH-09,7,2021-09-07,2604058.4801085107,-3648096.1199999996,0.0,2604058.4801085107
OH-13,7,2021-09-07,4541292.991596248,-2396611.97,0.0,4541292.991596248
OR-04,7,2021-09-07,7801784.326896643,-2474876.33,0.0,7801784.326896643
OR-05,7,2021-09-07,416699.97344551235,-4954569.11,0.0,416699.97344551235
OR-06,7,2021-09-07,3597527.0880514653,-3303807.83,0.0,3597527.0880514653
PA-01,7,2021-09-07,10578052.863073757,-964394.38,0.0,10578052.863073757
PA-07,7,2021-09-07,2696714.924480104,-6681078.91,0.0,2696714.924480104
PA-08,7,2021-09-07,1995702.9514965015,-5145411.989999999,0.0,1995702.9514965015
PA-17,7,2021-09-07,9.313225746154785e-10,-7086934.68,0.0,9.313225746154785e-10
RI-02,7,2021-09-07,3130868.723601442,-3769245.92,0.0,3130868.723601442
TX-15,7,2021-09-07,9241166.436220352,-2334819.06,0.0,9241166.436220352
TX-28,7,2021-09-07,190244.8165445961,-6424475.46,0.0,190244.8165445961
VA-02,7,2021-09-07,0.0,-10210433.43,0.0,0.0
VA-07,7,2021-09-07,0.0,-9081757.200000001,0.0,0.0
WA-08,7,2021-09-07,0.0,-10575834.89,0.0,0.0
WI-01,7,2021-09-07,9515188.51619726,-814276.45,0.0,9515188.51619726
WI-03,7,2021-09-07,9000954.876664849,-1798293.31,0.0,9000954.876664849
AZ-01,8,2021-09-21,4532881.901806757,-2397839.61,0.0,4532881.901806757
AZ-02,8,2021-09-21,3133781.397708418,-4036280.51,0.0,3133781.397708418
AZ-04,8,2021-09-21,272525.85351176094,-4938975.34,0.0,272525.85351176094
CA-09,8,2021-09-21,1.862645149230957e-09,-8401770.41,0.0,1.862645149230957e-09
CA-13,8,2021-09-21,6167786.453119971,-2240651.28,0.0,6167786.453119971
CA-22,8,2021-09-21,22162513.498221852,-2843784.9,0.0,22162513.498221852
CA-27,8,2021-09-21,15970894.182878789,-3798567.11,0.0,15970894.182878789
CA-40,8,2021-09-21,13453990.991118342,-3684677.77,0.0,13453990.991118342
CA-45,8,2021-09-21,11053813.984813247,-4763280.050000001,0.0,11053813.984813247
CA-49,8,2021-09-21,1569154.653467834,-6013659.73,0.0,1569154.653467834
CO-07,8,2021-09-21,0.0,-2827701.58,0.0,0.0
CO-08,8,2021-09-21,3600310.6323392894,-3450642.71,0.0,3600310.6323392894
CT-02,8,2021-09-21,191869.84377292683,-2416548.31,0.0,191869.84377292683
CT-05,8,2021-09-21,1413487.8809719011,-3133114.56,0.0,1413487.8809719011
FL-07,8,2021-09-21,1126407.1620043432,-1086529.0799999998,0.0,1126407.1620043432
FL-23,8,2021-09-21,0.0,-1670073.61,0.0,0.0
FL-27,8,2021-09-21,14574874.930767627,-1797898.06,0.0,14574874.930767627
FL-28,8,2021-09-21,4966527.363499379,-123518.93,0.0,4966527.363499379
IA-03,8,2021-09-21,0.0,-6877716.279999999,0.0,0.0
IL-13,8,2021-09-21,2970161.949401069,-3796676.35,0.0,2970161.949401069
IL-17,8,2021-09-21,8745917.532618577,-2983968.25,0.0,8745917.532618577
KS-03,8,2021-09-21,1.862645149230957e-09,-7764529.09,0.0,1.862645149230957e-09
MD-06,8,2021-09-21,0.0,-12720337.57,0.0,0.0
ME-02,8,2021-09-21,1483355.1287046717,-5715854.23,0.0,1483355.1287046717
MI-03,8,2021-09-21,8779283.950726151,-3711027.72,0.0,8779283.950726151
MI-07,8,2021-09-21,0.0,-10964092.77,0.0,0.0
MI-08,8,2021-09-21,37076.58891482651,-6173048.18,0.0,37076.58891482651
MN-02,8,2021-09-21,1924319.936216239,-8403230.540000001,0.0,1924319.936216239
NC-01,8,2021-09-21,7538054.5041826395,-1762951.79,0.0,7538054.5041826395
NC-13,8,2021-09-21,3428321.912642452,-3585198.77,0.0,3428321.912642452
NE-02,8,2021-09-21,10784585.945431031,-3261442.29,0.0,10784585.945431031
NH-01,8,2021-09-21,743815.9703607317,-4975084.07,0.0,743815.9703607317
NH-02,8,2021-09-21,0.0,-4911801.9,0.0,0.0
NJ-07,8,2021-09-21,0.0,-8591731.0,0.0,0.0
NM-01,8,2021-09-21,14093361.334600082,-1494478.5100000002,0.0,14093361.334600082
NM-02,8,2021-09-21,8236348.79472575,-3569826.26,0.0,8236348.79472575
NV-03,8,2021-09-21,1534027.4627216458,-5937383.5200000005,0.0,1534027.4627216458
NY-03,8,2021-09-21,3152892.414264918,-3363736.21,0.0,3152892.414264918
NY-04,8,2021-09-21,4799667.668174556,-1727130.79,0.0,4799667.668174556
NY-17,8,2021-09-21,1.862645149230957e-09,-6084349.8100000005,0.0,1.862645149230957e-09
NY-18,8,2021-09-21,3523053.484817926,-4657558.01,0.0,3523053.484817926
NY-19,8,2021-09-21,1469204.9001403004,-6323311.69,0.0,1469204.9001403004
NY-22,8,2021-09-21,3955591.3260678737,-2928188.9,0.0,3955591.3260678737
OH-01,8,2021-09-21,7568658.135931345,-2604972.65,0.0,7568658.135931345
OH-09,8,2021-09-21,2601896.560472438,-3648096.1199999996,0.0,2601896.560472438
OH-13,8,2021-09-21,4538613.714279473,-2396611.97,0.0,4538613.714279473
OR-04,8,2021-09-21,7797756.9861622695,-2474876.33,0.0,7797756.9861622695
OR-05,8,2021-09-21,414831.627903413,-4954569.11,0.0,414831.627903413
OR-06,8,2021-09-21,3594815.3930476084,-3303807.83,0.0,3594815.3930476084
PA-01,8,2021-09-21,10573511.205680227,-964394.38,0.0,10573511.205680227
PA-07,8,2021-09-21,2693795.763340826,-6681078.91,0.0,2693795.763340826
PA-08,8,2021-09-21,1993177.5364811532,-5145411.989999999,0.0,1993177.5364811532
PA-17,8,2021-09-21,9.313225746154785e-10,-7086934.68,0.0,9.313225746154785e-10
RI-02,8,2021-09-21,3128150.018953127,-3769245.92,0.0,3128150.018953127
TX-15,8,2021-09-21,9236595.016539954,-2334819.06,0.0,9236595.016539954
TX-28,8,2021-09-21,187635.28196073975,-6424475.46,0.0,187635.28196073975
VA-02,8,2021-09-21,0.0,-10210433.43,0.0,0.0
VA-07,8,2021-09-21,0.0,-9081757.200000001,0.0,0.0
WA-08,8,2021-09-21,0.0,-10575834.89,0.0,0.0
WI-01,8,2021-09-21,9511198.176998636,-814276.45,0.0,9511198.176998636
WI-03,8,2021-09-21,8996663.377534889,-1798293.31,0.0,8996663.377534889
AZ-01,9,2021-10-05,5918237.7340269415,-2312795.95,85043.65999999968,5833194.074026942
AZ-02,9,2021-10-05,4736910.766806355,-3925264.5199999996,111015.99000000022,4625894.7768063545
AZ-04,9,2021-10-05,0.0,-4841268.180000001,97707.15999999922,-97707.15999999922
CA-09,9,2021-10-05,0.0,-8144913.74,256856.66999999993,-256856.66999999993
CA-13,9,2021-10-05,6083846.392226279,-2240651.28,0.0,6083846.392226279
CA-22,9,2021-10-05,19701171.448717907,-2843784.9,0.0,19701171.448717907
CA-27,9,2021-10-05,15778221.637352452,-3693864.66,104702.44999999972,15673519.187352452
CA-40,9,2021-10-05,14272159.666009575,-3684677.77,0.0,14272159.666009575
CA-45,9,2021-10-05,11767777.065935742,-4613507.73,149772.3200000003,11618004.745935742
CA-49,9,2021-10-05,1402793.4728811542,-5768473.6,245186.13000000082,1157607.3428811533
CO-07,9,2021-10-05,0.0,-2825401.58,2300.0,-2300.0
CO-08,9,2021-10-05,2341466.0640773484,-3440061.7,10581.009999999776,2330885.0540773487
CT-02,9,2021-10-05,941198.1708261948,-2359848.38,56699.93000000017,884498.2408261946
CT-05,9,2021-10-05,1089488.0771255242,-3020611.1100000003,112503.44999999972,976984.6271255245
FL-07,9,2021-10-05,4183032.437167684,-946382.7399999999,140146.33999999997,4042886.097167684
FL-23,9,2021-10-05,0.0,-1670073.61,0.0,0.0
FL-27,9,2021-10-05,14232807.71375664,-1507589.93,290308.1300000001,13942499.583756639
FL-28,9,2021-10-05,5244655.149703178,-123518.93,0.0,5244655.149703178
IA-03,9,2021-10-05,41569.68139207736,-6682712.369999999,195003.91000000015,-153434.2286079228
IL-13,9,2021-10-05,1762078.6167555987,-3736437.12,60239.22999999998,1701839.3867555987
IL-17,9,2021-10-05,8360959.226050239,-2983968.25,0.0,8360959.226050239
KS-03,9,2021-10-05,9.313225746154785e-10,-7499046.55,265482.54000000004,-265482.5399999991
MD-06,9,2021-10-05,0.0,-12554363.85,165973.72000000067,-165973.72000000067
ME-02,9,2021-10-05,640975.9947539419,-5518206.53,197647.7000000002,443328.2947539417
MI-03,9,2021-10-05,7592952.861509702,-3703769.37,7258.350000000093,7585694.511509702
MI-07,9,2021-10-05,0.0,-10657999.41,306093.3599999994,-306093.3599999994
MI-08,9,2021-10-05,0.0,-6080500.84,92547.33999999985,-92547.33999999985
MN-02,9,2021-10-05,2390045.2601252925,-8195552.2,207678.34000000078,2182366.9201252917
NC-01,9,2021-10-05,9775050.914568182,-1762951.79,0.0,9775050.914568182
NC-13,9,2021-10-05,2166105.757927467,-3576107.98,9090.790000000037,2157014.967927467
NE-02,9,2021-10-05,11366245.328792065,-3138980.37,122461.91999999993,11243783.408792065
NH-01,9,2021-10-05,1015877.4076422574,-4858267.470000001,116816.59999999963,899060.8076422578
NH-02,9,2021-10-05,0.0,-4734951.66,176850.24000000022,-176850.24000000022
NJ-07,9,2021-10-05,1.862645149230957e-09,-8371371.36,220359.63999999966,-220359.6399999978
NM-01,9,2021-10-05,10969273.668280222,-1344274.9499999997,150203.56000000052,10819070.108280221
NM-02,9,2021-10-05,8933928.711495725,-3560544.73,9281.529999999795,8924647.181495726
NV-03,9,2021-10-05,1959130.7839898588,-5764339.470000001,173044.0499999998,1786086.733989859
NY-03,9,2021-10-05,2883550.080243577,-3200340.3899999997,163395.8200000003,2720154.2602435765
NY-04,9,2021-10-05,3634907.3268335406,-1727130.79,0.0,3634907.3268335406
NY-17,9,2021-10-05,0.0,-5856863.79,227486.02000000048,-227486.02000000048
NY-18,9,2021-10-05,5006410.197220067,-4657558.01,0.0,5006410.197220067
NY-19,9,2021-10-05,547684.4174768496,-6211999.2,111312.49000000022,436371.9274768494
NY-22,9,2021-10-05,2721466.335090972,-2894225.65,33963.25,2687503.085090972
OH-01,9,2021-10-05,7274486.973038716,-2604972.65,0.0,7274486.973038716
OH-09,9,2021-10-05,2084040.1545222,-3597523.4299999997,50572.689999999944,2033467.4645222002
OH-13,9,2021-10-05,3300633.97952791,-2396611.97,0.0,3300633.97952791
OR-04,9,2021-10-05,10749360.582729263,-2474876.33,0.0,10749360.582729263
OR-05,9,2021-10-05,520120.6117106173,-4866090.970000001,88478.13999999966,431642.47171061765
OR-06,9,2021-10-05,2364593.269184867,-3303807.83,0.0,2364593.269184867
PA-01,9,2021-10-05,10143901.674449537,-964394.38,0.0,10143901.674449537
PA-07,9,2021-10-05,3060532.0189655395,-6535304.54,145774.3700000001,2914757.6489655394
PA-08,9,2021-10-05,869719.6437534699,-5001580.42,143831.56999999937,725888.0737534706
PA-17,9,2021-10-05,0.0,-7086934.68,0.0,0.0
RI-02,9,2021-10-05,1898241.9310588902,-3769245.92,0.0,1898241.9310588902
TX-15,9,2021-10-05,11214155.94523622,-2334819.06,0.0,11214155.94523622
TX-28,9,2021-10-05,0.0,-6284773.9399999995,139701.52000000048,-139701.52000000048
VA-02,9,2021-10-05,0.0,-10033996.07,176437.3599999994,-176437.3599999994
VA-07,9,2021-10-05,0.0,-8916172.96,165584.24000000022,-165584.24000000022
WA-08,9,2021-10-05,0.0,-10408105.49,167729.40000000037,-167729.40000000037
WI-01,9,2021-10-05,9602922.907984624,-776518.94,37757.51000000001,9565165.397984624
WI-03,9,2021-10-05,11682472.271077547,-1798293.31,0.0,11682472.271077547
AZ-01,10,2021-10-19,5918237.7340269415,-2312795.95,0.0,5918237.7340269415
AZ-02,10,2021-10-19,4736910.766806355,-3925264.5199999996,0.0,4736910.766806355
AZ-04,10,2021-10-19,0.0,-4841268.180000001,0.0,0.0
CA-09,10,2021-10-19,0.0,-8144913.74,0.0,0.0
CA-13,10,2021-10-19,6083846.392226279,-2240651.28,0.0,6083846.392226279
CA-22,10,2021-10-19,19701171.448717907,-2843784.9,0.0,19701171.448717907
CA-27,10,2021-10-19,15778221.637352452,-3693864.66,0.0,15778221.637352452
CA-40,10,2021-10-19,14272159.666009575,-3684677.77,0.0,14272159.666009575
CA-45,10,2021-10-19,11767777.065935742,-4613507.73,0.0,11767777.065935742
CA-49,10,2021-10-19,1402793.4728811542,-5768473.6,0.0,1402793.4728811542
CO-07,10,2021-10-19,0.0,-2825401.58,0.0,0.0
CO-08,10,2021-10-19,2341466.0640773484,-3440061.7,0.0,2341466.0640773484
CT-02,10,2021-10-19,941198.1708261948,-2359848.38,0.0,941198.1708261948
CT-05,10,2021-10-19,1089488.0771255242,-3020611.1100000003,0.0,1089488.0771255242
FL-07,10,2021-10-19,4183032.437167684,-946382.7399999999,0.0,4183032.437167684
FL-23,10,2021-10-19,0.0,-1670073.61,0.0,0.0
FL-27,10,2021-10-19,14232807.71375664,-1507589.93,0.0,14232807.71375664
FL-28,10,2021-10-19,5244655.149703178,-123518.93,0.0,5244655.149703178
IA-03,10,2021-10-19,41569.68139207736,-6682712.369999999,0.0,41569.68139207736
IL-13,10,2021-10-19,1762078.6167555987,-3736437.12,0.0,1762078.6167555987
IL-17,10,2021-10-19,8360959.226050239,-2983968.25,0.0,8360959.226050239
KS-03,10,2021-10-19,9.313225746154785e-10,-7499046.55,0.0,9.313225746154785e-10
MD-06,10,2021-10-19,0.0,-12554363.85,0.0,0.0
ME-02,10,2021-10-19,640975.9947539419,-5518206.53,0.0,640975.9947539419
MI-03,10,2021-10-19,7592952.861509702,-3703769.37,0.0,7592952.861509702
MI-07,10,2021-10-19,0.0,-10657999.41,0.0,0.0
MI-08,10,2021-10-19,0.0,-6080500.84,0.0,0.0
MN-02,10,2021-10-19,2390045.2601252925,-8195552.2,0.0,2390045.2601252925
NC-01,10,2021-10-19,9775050.914568182,-1762951.79,0.0,9775050.914568182
NC-13,10,2021-10-19,2166105.757927467,-3576107.98,0.0,2166105.757927467
NE-02,10,2021-10-19,11366245.328792065,-3138980.37,0.0,11366245.328792065
NH-01,10,2021-10-19,1015877.4076422574,-4858267.470000001,0.0,1015877.4076422574
NH-02,10,2021-10-19,0.0,-4734951.66,0.0,0.0
NJ-07,10,2021-10-19,1.862645149230957e-09,-8371371.36,0.0,1.862645149230957e-09
NM-01,10,2021-10-19,10969273.668280222,-1344274.9499999997,0.0,10969273.668280222
NM-02,10,2021-10-19,8933928.711495725,-3560544.73,0.0,8933928.711495725
NV-03,10,2021-10-19,1959130.7839898588,-5764339.470000001,0.0,1959130.7839898588
NY-03,10,2021-10-19,2883550.080243577,-3200340.3899999997,0.0,2883550.080243577
NY-04,10,2021-10-19,3634907.3268335406,-1727130.79,0.0,3634907.3268335406
NY-17,10,2021-10-19,0.0,-5856863.79,0.0,0.0
NY-18,10,2021-10-19,5006410.197220067,-4657558.01,0.0,5006410.197220067
NY-19,10,2021-10-19,547684.4174768496,-6211999.2,0.0,547684.4174768496
NY-22,10,2021-10-19,2721466.335090972,-2894225.65,0.0,2721466.335090972
OH-01,10,2021-10-19,7274486.973038716,-2604972.65,0.0,7274486.973038716
OH-09,10,2021-10-19,2084040.1545222,-3597523.4299999997,0.0,2084040.1545222
OH-13,10,2021-10-19,3300633.97952791,-2396611.97,0.0,3300633.97952791
OR-04,10,2021-10-19,10749360.582729263,-2474876.33,0.0,10749360.582729263
OR-05,10,2021-10-19,520120.6117106173,-4866090.970000001,0.0,520120.6117106173
OR-06,10,2021-10-19,2364593.269184867,-3303807.83,0.0,2364593.269184867
PA-01,10,2021-10-19,10143901.674449537,-964394.38,0.0,10143901.674449537
PA-07,10,2021-10-19,3060532.0189655395,-6535304.54,0.0,3060532.0189655395
PA-08,10,2021-10-19,869719.6437534699,-5001580.42,0.0,869719.6437534699
PA-17,10,2021-10-19,0.0,-7086934.68,0.0,0.0
RI-02,10,2021-10-19,1898241.9310588902,-3769245.92,0.0,1898241.9310588902
TX-15,10,2021-10-19,11214155.94523622,-2334819.06,0.0,11214155.94523622
TX-28,10,2021-10-19,0.0,-6284773.9399999995,0.0,0.0
VA-02,10,2021-10-19,0.0,-10033996.07,0.0,0.0
VA-07,10,2021-10-19,0.0,-8916172.96,0.0,0.0
WA-08,10,2021-10-19,0.0,-10408105.49,0.0,0.0
WI-01,10,2021-10-19,9602922.907984624,-776518.94,0.0,9602922.907984624
WI-03,10,2021-10-19,11682472.271077547,-1798293.31,0.0,11682472.271077547
AZ-01,11,2021-11-02,5918237.7340269415,-2312795.95,0.0,5918237.7340269415
AZ-02,11,2021-11-02,4736910.766806355,-3925264.5199999996,0.0,4736910.766806355
AZ-04,11,2021-11-02,0.0,-4841268.180000001,0.0,0.0
CA-09,11,2021-11-02,0.0,-8144913.74,0.0,0.0
CA-13,11,2021-11-02,6083846.392226279,-2240651.28,0.0,6083846.392226279
CA-22,11,2021-11-02,19701171.448717907,-2843784.9,0.0,19701171.448717907
CA-27,11,2021-11-02,15778221.637352452,-3693864.66,0.0,15778221.637352452
CA-40,11,2021-11-02,14272159.666009575,-3684677.77,0.0,14272159.666009575
CA-45,11,2021-11-02,11767777.065935742,-4613507.73,0.0,11767777.065935742
CA-49,11,2021-11-02,1402793.4728811542,-5768473.6,0.0,1402793.4728811542
CO-07,11,2021-11-02,0.0,-2825401.58,0.0,0.0
CO-08,11,2021-11-02,2341466.0640773484,-3440061.7,0.0,2341466.0640773484
CT-02,11,2021-11-02,941198.1708261948,-2359848.38,0.0,941198.1708261948
CT-05,11,2021-11-02,1089488.0771255242,-3020611.1100000003,0.0,1089488.0771255242
FL-07,11,2021-11-02,4183032.437167684,-946382.7399999999,0.0,4183032.437167684
FL-23,11,2021-11-02,0.0,-1670073.61,0.0,0.0
FL-27,11,2021-11-02,14232807.71375664,-1507589.93,0.0,14232807.71375664
FL-28,11,2021-11-02,5244655.149703178,-123518.93,0.0,5244655.149703178
IA-03,11,2021-11-02,41569.68139207736,-6682712.369999999,0.0,41569.68139207736
IL-13,11,2021-11-02,1762078.6167555987,-3736437.12,0.0,1762078.6167555987
IL-17,11,2021-11-02,8360959.226050239,-2983968.25,0.0,8360959.226050239
KS-03,11,2021-11-02,9.313225746154785e-10,-7499046.55,0.0,9.313225746154785e-10
MD-06,11,2021-11-02,0.0,-12554363.85,0.0,0.0
ME-02,11,2021-11-02,640975.9947539419,-5518206.53,0.0,640975.9947539419
MI-03,11,2021-11-02,7592952.861509702,-3703769.37,0.0,7592952.861509702
MI-07,11,2021-11-02,0.0,-10657999.41,0.0,0.0
MI-08,11,2021-11-02,0.0,-6080500.84,0.0,0.0
MN-02,11,2021-11-02,2390045.2601252925,-8195552.2,0.0,2390045.2601252925
NC-01,11,2021-11-02,9775050.914568182,-1762951.79,0.0,9775050.914568182
NC-13,11,2021-11-02,2166105.757927467,-3576107.98,0.0,2166105.757927467
NE-02,11,2021-11-02,11366245.328792065,-3138980.37,0.0,11366245.328792065
NH-01,11,2021-11-02,1015877.4076422574,-4858267.470000001,0.0,1015877.4076422574
NH-02,11,2021-11-02,0.0,-4734951.66,0.0,0.0
NJ-07,11,2021-11-02,1.862645149230957e-09,-8371371.36,0.0,1.862645149230957e-09
NM-01,11,2021-11-02,10969273.668280222,-1344274.9499999997,0.0,10969273.668280222
NM-02,11,2021-11-02,8933928.711495725,-3560544.73,0.0,8933928.711495725
NV-03,11,2021-11-02,1959130.7839898588,-5764339.470000001,0.0,1959130.7839898588
NY-03,11,2021-11-02,2883550.080243577,-3200340.3899999997,0.0,2883550.080243577
NY-04,11,2021-11-02,3634907.3268335406,-1727130.79,0.0,3634907.3268335406
NY-17,11,2021-11-02,0.0,-5856863.79,0.0,0.0
NY-18,11,2021-11-02,5006410.197220067,-4657558.01,0.0,5006410.197220067
NY-19,11,2021-11-02,547684.4174768496,-6211999.2,0.0,547684.4174768496
NY-22,11,2021-11-02,2721466.335090972,-2894225.65,0.0,2721466.335090972
OH-01,11,2021-11-02,7274486.973038716,-2604972.65,0.0,7274486.973038716
OH-09,11,2021-11-02,2084040.1545222,-3597523.4299999997,0.0,2084040.1545222
OH-13,11,2021-11-02,3300633.97952791,-2396611.97,0.0,3300633.97952791
OR-04,11,2021-11-02,10749360.582729263,-2474876.33,0.0,10749360.582729263
OR-05,11,2021-11-02,520120.6117106173,-4866090.970000001,0.0,520120.6117106173
OR-06,11,2021-11-02,2364593.269184867,-3303807.83,0.0,2364593.269184867
PA-01,11,2021-11-02,10143901.674449537,-964394.38,0.0,10143901.674449537
PA-07,11,2021-11-02,3060532.0189655395,-6535304.54,0.0,3060532.0189655395
PA-08,11,2021-11-02,869719.6437534699,-5001580.42,0.0,869719.6437534699
PA-17,11,2021-11-02,0.0,-7086934.68,0.0,0.0
RI-02,11,2021-11-02,1898241.9310588902,-3769245.92,0.0,1898241.9310588902
TX-15,11,2021-11-02,11214155.94523622,-2334819.06,0.0,11214155.94523622
TX-28,11,2021-11-02,0.0,-6284773.9399999995,0.0,0.0
VA-02,11,2021-11-02,0.0,-10033996.07,0.0,0.0
VA-07,11,2021-11-02,0.0,-8916172.96,0.0,0.0
WA-08,11,2021-11-02,0.0,-10408105.49,0.0,0.0
WI-01,11,2021-11-02,9602922.907984624,-776518.94,0.0,9602922.907984624
WI-03,11,2021-11-02,11682472.271077547,-1798293.31,0.0,11682472.271077547
AZ-01,12,2021-11-16,5918237.7340269415,-2312795.95,0.0,5918237.7340269415
AZ-02,12,2021-11-16,4736910.766806355,-3925264.5199999996,0.0,4736910.766806355
AZ-04,12,2021-11-16,0.0,-4841268.180000001,0.0,0.0
CA-09,12,2021-11-16,0.0,-8144913.74,0.0,0.0
CA-13,12,2021-11-16,6083846.392226279,-2240651.28,0.0,6083846.392226279
CA-22,12,2021-11-16,19701171.448717907,-2843784.9,0.0,19701171.448717907
CA-27,12,2021-11-16,15778221.637352452,-3693864.66,0.0,15778221.637352452
CA-40,12,2021-11-16,14272159.666009575,-3684677.77,0.0,14272159.666009575
CA-45,12,2021-11-16,11767777.065935742,-4613507.73,0.0,11767777.065935742
CA-49,12,2021-11-16,1402793.4728811542,-5768473.6,0.0,1402793.4728811542
CO-07,12,2021-11-16,0.0,-2825401.58,0.0,0.0
CO-08,12,2021-11-16,2341466.0640773484,-3440061.7,0.0,2341466.0640773484
CT-02,12,2021-11-16,941198.1708261948,-2359848.38,0.0,941198.1708261948
CT-05,12,2021-11-16,1089488.0771255242,-3020611.1100000003,0.0,1089488.0771255242
FL-07,12,2021-11-16,4183032.437167684,-946382.7399999999,0.0,4183032.437167684
FL-23,12,2021-11-16,0.0,-1670073.61,0.0,0.0
FL-27,12,2021-11-16,14232807.71375664,-1507589.93,0.0,14232807.71375664
FL-28,12,2021-11-16,5244655.149703178,-123518.93,0.0,5244655.149703178
IA-03,12,2021-11-16,41569.68139207736,-6682712.369999999,0.0,41569.68139207736
IL-13,12,2021-11-16,1762078.6167555987,-3736437.12,0.0,1762078.6167555987
IL-17,12,2021-11-16,8360959.226050239,-2983968.25,0.0,8360959.226050239
KS-03,12,2021-11-16,9.313225746154785e-10,-7499046.55,0.0,9.313225746154785e-10
MD-06,12,2021-11-16,0.0,-12554363.85,0.0,0.0
ME-02,12,2021-11-16,640975.9947539419,-5518206.53,0.0,640975.9947539419
MI-03,12,2021-11-16,7592952.861509702,-3703769.37,0.0,7592952.861509702
MI-07,12,2021-11-16,0.0,-10657999.41,0.0,0.0
MI-08,12,2021-11-16,0.0,-6080500.84,0.0,0.0
MN-02,12,2021-11-16,2390045.2601252925,-8195552.2,0.0,2390045.2601252925
NC-01,12,2021-11-16,9775050.914568182,-1762951.79,0.0,9775050.914568182
NC-13,12,2021-11-16,2166105.757927467,-3576107.98,0.0,2166105.757927467
NE-02,12,2021-11-16,11366245.328792065,-3138980.37,0.0,11366245.328792065
NH-01,12,2021-11-16,1015877.4076422574,-4858267.470000001,0.0,1015877.4076422574
NH-02,12,2021-11-16,0.0,-4734951.66,0.0,0.0
NJ-07,12,2021-11-16,1.862645149230957e-09,-8371371.36,0.0,1.862645149230957e-09
NM-01,12,2021-11-16,10969273.668280222,-1344274.9499999997,0.0,10969273.668280222
NM-02,12,2021-11-16,8933928.711495725,-3560544.73,0.0,8933928.711495725
NV-03,12,2021-11-16,1959130.7839898588,-5764339.470000001,0.0,1959130.7839898588
NY-03,12,2021-11-16,2883550.080243577,-3200340.3899999997,0.0,2883550.080243577
NY-04,12,2021-11-16,3634907.3268335406,-1727130.79,0.0,3634907.3268335406
NY-17,12,2021-11-16,0.0,-5856863.79,0.0,0.0
NY-18,12,2021-11-16,5006410.197220067,-4657558.01,0.0,5006410.197220067
NY-19,12,2021-11-16,547684.4174768496,-6211999.2,0.0,547684.4174768496
NY-22,12,2021-11-16,2721466.335090972,-2894225.65,0.0,2721466.335090972
OH-01,12,2021-11-16,7274486.973038716,-2604972.65,0.0,7274486.973038716
OH-09,12,2021-11-16,2084040.1545222,-3597523.4299999997,0.0,2084040.1545222
OH-13,12,2021-11-16,3300633.97952791,-2396611.97,0.0,3300633.97952791
OR-04,12,2021-11-16,10749360.582729263,-2474876.33,0.0,10749360.582729263
OR-05,12,2021-11-16,520120.6117106173,-4866090.970000001,0.0,520120.6117106173
OR-06,12,2021-11-16,2364593.269184867,-3303807.83,0.0,2364593.269184867
PA-01,12,2021-11-16,10143901.674449537,-964394.38,0.0,10143901.674449537
PA-07,12,2021-11-16,3060532.0189655395,-6535304.54,0.0,3060532.0189655395
PA-08,12,2021-11-16,869719.6437534699,-5001580.42,0.0,869719.6437534699
PA-17,12,2021-11-16,0.0,-7086934.68,0.0,0.0
RI-02,12,2021-11-16,1898241.9310588902,-3769245.92,0.0,1898241.9310588902
TX-15,12,2021-11-16,11214155.94523622,-2334819.06,0.0,11214155.94523622
TX-28,12,2021-11-16,0.0,-6284773.9399999995,0.0,0.0
VA-02,12,2021-11-16,0.0,-10033996.07,0.0,0.0
VA-07,12,2021-11-16,0.0,-8916172.96,0.0,0.0
WA-08,12,2021-11-16,0.0,-10408105.49,0.0,0.0
WI-01,12,2021-11-16,9602922.907984624,-776518.94,0.0,9602922.907984624
WI-03,12,2021-11-16,11682472.271077547,-1798293.31,0.0,11682472.271077547
AZ-01,13,2021-11-30,5918237.7340269415,-2312795.95,0.0,5918237.7340269415
AZ-02,13,2021-11-30,4736910.766806355,-3925264.5199999996,0.0,4736910.766806355
AZ-04,13,2021-11-30,0.0,-4841268.180000001,0.0,0.0
CA-09,13,2021-11-30,0.0,-8144913.74,0.0,0.0
CA-13,13,2021-11-30,6083846.392226279,-2240651.28,0.0,6083846.392226279
CA-22,13,2021-11-30,19701171.448717907,-2843784.9,0.0,19701171.448717907
CA-27,13,2021-11-30,15778221.637352452,-3693864.66,0.0,15778221.637352452
CA-40,13,2021-11-30,14272159.666009575,-3684677.77,0.0,14272159.666009575
CA-45,13,2021-11-30,11767777.065935742,-4613507.73,0.0,11767777.065935742
CA-49,13,2021-11-30,1402793.4728811542,-5768473.6,0.0,1402793.4728811542
CO-07,13,2021-11-30,0.0,-2825401.58,0.0,0.0
CO-08,13,2021-11-30,2341466.0640773484,-3440061.7,0.0,2341466.0640773484
CT-02,13,2021-11-30,941198.1708261948,-2359848.38,0.0,941198.1708261948
CT-05,13,2021-11-30,1089488.0771255242,-3020611.1100000003,0.0,1089488.0771255242
FL-07,13,2021-11-30,4183032.437167684,-946382.7399999999,0.0,4183032.437167684
FL-23,13,2021-11-30,0.0,-1670073.61,0.0,0.0
FL-27,13,2021-11-30,14232807.71375664,-1507589.93,0.0,14232807.71375664
FL-28,13,2021-11-30,5244655.149703178,-123518.93,0.0,5244655.149703178
IA-03,13,2021-11-30,41569.68139207736,-6682712.369999999,0.0,41569.68139207736
IL-13,13,2021-11-30,1762078.6167555987,-3736437.12,0.0,1762078.6167555987
IL-17,13,2021-11-30,8360959.226050239,-2983968.25,0.0,8360959.226050239
KS-03,13,2021-11-30,9.313225746154785e-10,-7499046.55,0.0,9.313225746154785e-10
MD-06,13,2021-11-30,0.0,-12554363.85,0.0,0.0
ME-02,13,2021-11-30,640975.9947539419,-5518206.53,0.0,640975.9947539419
MI-03,13,2021-11-30,7592952.861509702,-3703769.37,0.0,7592952.861509702
MI-07,13,2021-11-30,0.0,-10657999.41,0.0,0.0
MI-08,13,2021-11-30,0.0,-6080500.84,0.0,0.0
MN-02,13,2021-11-30,2390045.2601252925,-8195552.2,0.0,2390045.2601252925
NC-01,13,2021-11-30,9775050.914568182,-1762951.79,0.0,9775050.914568182
NC-13,13,2021-11-30,2166105.757927467,-3576107.98,0.0,2166105.757927467
NE-02,13,2021-11-30,11366245.328792065,-3138980.37,0.0,11366245.328792065
NH-01,13,2021-11-30,1015877.4076422574,-4858267.470000001,0.0,1015877.4076422574
NH-02,13,2021-11-30,0.0,-4734951.66,0.0,0.0
NJ-07,13,2021-11-30,1.862645149230957e-09,-8371371.36,0.0,1.862645149230957e-09
NM-01,13,2021-11-30,10969273.668280222,-1344274.9499999997,0.0,10969273.668280222
NM-02,13,2021-11-30,8933928.711495725,-3560544.73,0.0,8933928.711495725
NV-03,13,2021-11-30,1959130.7839898588,-5764339.470000001,0.0,1959130.7839898588
NY-03,13,2021-11-30,2883550.080243577,-3200340.3899999997,0.0,2883550.080243577
NY-04,13,2021-11-30,3634907.3268335406,-1727130.79,0.0,3634907.3268335406
NY-17,13,2021-11-30,0.0,-5856863.79,0.0,0.0
NY-18,13,2021-11-30,5006410.197220067,-4657558.01,0.0,5006410.197220067
NY-19,13,2021-11-30,547684.4174768496,-6211999.2,0.0,547684.4174768496
NY-22,13,2021-11-30,2721466.335090972,-2894225.65,0.0,2721466.335090972
OH-01,13,2021-11-30,7274486.973038716,-2604972.65,0.0,7274486.973038716
OH-09,13,2021-11-30,2084040.1545222,-3597523.4299999997,0.0,2084040.1545222
OH-13,13,2021-11-30,3300633.97952791,-2396611.97,0.0,3300633.97952791
OR-04,13,2021-11-30,10749360.582729263,-2474876.33,0.0,10749360.582729263
OR-05,13,2021-11-30,520120.6117106173,-4866090.970000001,0.0,520120.6117106173
OR-06,13,2021-11-30,2364593.269184867,-3303807.83,0.0,2364593.269184867
PA-01,13,2021-11-30,10143901.674449537,-964394.38,0.0,10143901.674449537
PA-07,13,2021-11-30,3060532.0189655395,-6535304.54,0.0,3060532.0189655395
PA-08,13,2021-11-30,869719.6437534699,-5001580.42,0.0,869719.6437534699
PA-17,13,2021-11-30,0.0,-7086934.68,0.0,0.0
RI-02,13,2021-11-30,1898241.9310588902,-3769245.92,0.0,1898241.9310588902
TX-15,13,2021-11-30,11214155.94523622,-2334819.06,0.0,11214155.94523622
TX-28,13,2021-11-30,0.0,-6284773.9399999995,0.0,0.0
VA-02,13,2021-11-30,0.0,-10033996.07,0.0,0.0
VA-07,13,2021-11-30,0.0,-8916172.96,0.0,0.0
WA-08,13,2021-11-30,0.0,-10408105.49,0.0,0.0
WI-01,13,2021-11-30,9602922.907984624,-776518.94,0.0,9602922.907984624
WI-03,13,2021-11-30,11682472.271077547,-1798293.31,0.0,11682472.271077547
AZ-01,14,2021-12-14,5918237.7340269415,-2312795.95,0.0,5918237.7340269415
AZ-02,14,2021-12-14,4736910.766806355,-3925264.5199999996,0.0,4736910.766806355
AZ-04,14,2021-12-14,0.0,-4841268.180000001,0.0,0.0
CA-09,14,2021-12-14,0.0,-8144913.74,0.0,0.0
CA-13,14,2021-12-14,6083846.392226279,-2240651.28,0.0,6083846.392226279
CA-22,14,2021-12-14,19701171.448717907,-2843784.9,0.0,19701171.448717907
CA-27,14,2021-12-14,15778221.637352452,-3693864.66,0.0,15778221.637352452
CA-40,14,2021-12-14,14272159.666009575,-3684677.77,0.0,14272159.666009575
CA-45,14,2021-12-14,11767777.065935742,-4613507.73,0.0,11767777.065935742
CA-49,14,2021-12-14,1402793.4728811542,-5768473.6,0.0,1402793.4728811542
CO-07,14,2021-12-14,0.0,-2825401.58,0.0,0.0
CO-08,14,2021-12-14,2341466.0640773484,-3440061.7,0.0,2341466.0640773484
CT-02,14,2021-12-14,941198.1708261948,-2359848.38,0.0,941198.1708261948
CT-05,14,2021-12-14,1089488.0771255242,-3020611.1100000003,0.0,1089488.0771255242
FL-07,14,2021-12-14,4183032.437167684,-946382.7399999999,0.0,4183032.437167684
FL-23,14,2021-12-14,0.0,-1670073.61,0.0,0.0
FL-27,14,2021-12-14,14232807.71375664,-1507589.93,0.0,14232807.71375664
FL-28,14,2021-12-14,5244655.149703178,-123518.93,0.0,5244655.149703178
IA-03,14,2021-12-14,41569.68139207736,-6682712.369999999,0.0,41569.68139207736
IL-13,14,2021-12-14,1762078.6167555987,-3736437.12,0.0,1762078.6167555987
IL-17,14,2021-12-14,8360959.226050239,-2983968.25,0.0,8360959.226050239
KS-03,14,2021-12-14,9.313225746154785e-10,-7499046.55,0.0,9.313225746154785e-10
MD-06,14,2021-12-14,0.0,-12554363.85,0.0,0.0
ME-02,14,2021-12-14,640975.9947539419,-5518206.53,0.0,640975.9947539419
MI-03,14,2021-12-14,7592952.861509702,-3703769.37,0.0,7592952.861509702
MI-07,14,2021-12-14,0.0,-10657999.41,0.0,0.0
MI-08,14,2021-12-14,0.0,-6080500.84,0.0,0.0
MN-02,14,2021-12-14,2390045.2601252925,-8195552.2,0.0,2390045.2601252925
NC-01,14,2021-12-14,9775050.914568182,-1762951.79,0.0,9775050.914568182
NC-13,14,2021-12-14,2166105.757927467,-3576107.98,0.0,2166105.757927467
NE-02,14,2021-12-14,11366245.328792065,-3138980.37,0.0,11366245.328792065
NH-01,14,2021-12-14,1015877.4076422574,-4858267.470000001,0.0,1015877.4076422574
NH-02,14,2021-12-14,0.0,-4734951.66,0.0,0.0
NJ-07,14,2021-12-14,1.862645149230957e-09,-8371371.36,0.0,1.862645149230957e-09
NM-01,14,2021-12-14,10969273.668280222,-1344274.9499999997,0.0,10969273.668280222
NM-02,14,2021-12-14,8933928.711495725,-3560544.73,0.0,8933928.711495725
NV-03,14,2021-12-14,1959130.7839898588,-5764339.470000001,0.0,1959130.7839898588
NY-03,14,2021-12-14,2883550.080243577,-3200340.3899999997,0.0,2883550.080243577
NY-04,14,2021-12-14,3634907.3268335406,-1727130.79,0.0,3634907.3268335406
NY-17,14,2021-12-14,0.0,-5856863.79,0.0,0.0
NY-18,14,2021-12-14,5006410.197220067,-4657558.01,0.0,5006410.197220067
NY-19,14,2021-12-14,547684.4174768496,-6211999.2,0.0,547684.4174768496
NY-22,14,2021-12-14,2721466.335090972,-2894225.65,0.0,2721466.335090972
OH-01,14,2021-12-14,7274486.973038716,-2604972.65,0.0,7274486.973038716
OH-09,14,2021-12-14,2084040.1545222,-3597523.4299999997,0.0,2084040.1545222
OH-13,14,2021-12-14,3300633.97952791,-2396611.97,0.0,3300633.97952791
OR-04,14,2021-12-14,10749360.582729263,-2474876.33,0.0,10749360.582729263
OR-05,14,2021-12-14,520120.6117106173,-4866090.970000001,0.0,520120.6117106173
OR-06,14,2021-12-14,2364593.269184867,-3303807.83,0.0,2364593.269184867
PA-01,14,2021-12-14,10143901.674449537,-964394.38,0.0,10143901.674449537
PA-07,14,2021-12-14,3060532.0189655395,-6535304.54,0.0,3060532.0189655395
PA-08,14,2021-12-14,869719.6437534699,-5001580.42,0.0,869719.6437534699
PA-17,14,2021-12-14,0.0,-7086934.68,0.0,0.0
RI-02,14,2021-12-14,1898241.9310588902,-3769245.92,0.0,1898241.9310588902
TX-15,14,2021-12-14,11214155.94523622,-2334819.06,0.0,11214155.94523622
TX-28,14,2021-12-14,0.0,-6284773.9399999995,0.0,0.0
VA-02,14,2021-12-14,0.0,-10033996.07,0.0,0.0
VA-07,14,2021-12-14,0.0,-8916172.96,0.0,0.0
WA-08,14,2021-12-14,0.0,-10408105.49,0.0,0.0
WI-01,14,2021-12-14,9602922.907984624,-776518.94,0.0,9602922.907984624
WI-03,14,2021-12-14,11682472.271077547,-1798293.31,0.0,11682472.271077547
AZ-01,15,2021-12-28,5918237.7340269415,-2312795.95,0.0,5918237.7340269415
AZ-02,15,2021-12-28,4736910.766806355,-3925264.5199999996,0.0,4736910.766806355
AZ-04,15,2021-12-28,0.0,-4841268.180000001,0.0,0.0
CA-09,15,2021-12-28,0.0,-8144913.74,0.0,0.0
CA-13,15,2021-12-28,6083846.392226279,-2240651.28,0.0,6083846.392226279
CA-22,15,2021-12-28,19701171.448717907,-2843784.9,0.0,19701171.448717907
CA-27,15,2021-12-28,15778221.637352452,-3693864.66,0.0,15778221.637352452
CA-40,15,2021-12-28,14272159.666009575,-3684677.77,0.0,14272159.666009575
CA-45,15,2021-12-28,11767777.065935742,-4613507.73,0.0,11767777.065935742
CA-49,15,2021-12-28,1402793.4728811542,-5768473.6,0.0,1402793.4728811542
CO-07,15,2021-12-28,0.0,-2825401.58,0.0,0.0
CO-08,15,2021-12-28,2341466.0640773484,-3440061.7,0.0,2341466.0640773484
CT-02,15,2021-12-28,941198.1708261948,-2359848.38,0.0,941198.1708261948
CT-05,15,2021-12-28,1089488.0771255242,-3020611.1100000003,0.0,1089488.0771255242
FL-07,15,2021-12-28,4183032.437167684,-946382.7399999999,0.0,4183032.437167684
FL-23,15,2021-12-28,0.0,-1670073.61,0.0,0.0
FL-27,15,2021-12-28,14232807.71375664,-1507589.93,0.0,14232807.71375664
FL-28,15,2021-12-28,5244655.149703178,-123518.93,0.0,5244655.149703178
IA-03,15,2021-12-28,41569.68139207736,-6682712.369999999,0.0,41569.68139207736
IL-13,15,2021-12-28,1762078.6167555987,-3736437.12,0.0,1762078.6167555987
IL-17,15,2021-12-28,8360959.226050239,-2983968.25,0.0,8360959.226050239
KS-03,15,2021-12-28,9.313225746154785e-10,-7499046.55,0.0,9.313225746154785e-10
MD-06,15,2021-12-28,0.0,-12554363.85,0.0,0.0
ME-02,15,2021-12-28,640975.9947539419,-5518206.53,0.0,640975.9947539419
MI-03,15,2021-12-28,7592952.861509702,-3703769.37,0.0,7592952.861509702
MI-07,15,2021-12-28,0.0,-10657999.41,0.0,0.0
MI-08,15,2021-12-28,0.0,-6080500.84,0.0,0.0
MN-02,15,2021-12-28,2390045.2601252925,-8195552.2,0.0,2390045.2601252925
NC-01,15,2021-12-28,9775050.914568182,-1762951.79,0.0,9775050.914568182
NC-13,15,2021-12-28,2166105.757927467,-3576107.98,0.0,2166105.757927467
NE-02,15,2021-12-28,11366245.328792065,-3138980.37,0.0,11366245.328792065
NH-01,15,2021-12-28,1015877.4076422574,-4858267.470000001,0.0,1015877.4076422574
NH-02,15,2021-12-28,0.0,-4734951.66,0.0,0.0
NJ-07,15,2021-12-28,1.862645149230957e-09,-8371371.36,0.0,1.862645149230957e-09
NM-01,15,2021-12-28,10969273.668280222,-1344274.9499999997,0.0,10969273.668280222
NM-02,15,2021-12-28,8933928.711495725,-3560544.73,0.0,8933928.711495725
NV-03,15,2021-12-28,1959130.7839898588,-5764339.470000001,0.0,1959130.7839898588
NY-03,15,2021-12-28,2883550.080243577,-3200340.3899999997,0.0,2883550.080243577
NY-04,15,2021-12-28,3634907.3268335406,-1727130.79,0.0,3634907.3268335406
NY-17,15,2021-12-28,0.0,-5856863.79,0.0,0.0
NY-18,15,2021-12-28,5006410.197220067,-4657558.01,0.0,5006410.197220067
NY-19,15,2021-12-28,547684.4174768496,-6211999.2,0.0,547684.4174768496
NY-22,15,2021-12-28,2721466.335090972,-2894225.65,0.0,2721466.335090972
OH-01,15,2021-12-28,7274486.973038716,-2604972.65,0.0,7274486.973038716
OH-09,15,2021-12-28,2084040.1545222,-3597523.4299999997,0.0,2084040.1545222
OH-13,15,2021-12-28,3300633.97952791,-2396611.97,0.0,3300633.97952791
OR-04,15,2021-12-28,10749360.582729263,-2474876.33,0.0,10749360.582729263
OR-05,15,2021-12-28,520120.6117106173,-4866090.970000001,0.0,520120.6117106173
OR-06,15,2021-12-28,2364593.269184867,-3303807.83,0.0,2364593.269184867
PA-01,15,2021-12-28,10143901.674449537,-964394.38,0.0,10143901.674449537
PA-07,15,2021-12-28,3060532.0189655395,-6535304.54,0.0,3060532.0189655395
PA-08,15,2021-12-28,869719.6437534699,-5001580.42,0.0,869719.6437534699
PA-17,15,2021-12-28,0.0,-7086934.68,0.0,0.0
RI-02,15,2021-12-28,1898241.9310588902,-3769245.92,0.0,1898241.9310588902
TX-15,15,2021-12-28,11214155.94523622,-2334819.06,0.0,11214155.94523622
TX-28,15,2021-12-28,0.0,-6284773.9399999995,0.0,0.0
VA-02,15,2021-12-28,0.0,-10033996.07,0.0,0.0
VA-07,15,2021-12-28,0.0,-8916172.96,0.0,0.0
WA-08,15,2021-12-28,0.0,-10408105.49,0.0,0.0
WI-01,15,2021-12-28,9602922.907984624,-776518.94,0.0,9602922.907984624
WI-03,15,2021-12-28,11682472.271077547,-1798293.31,0.0,11682472.271077547
AZ-01,16,2022-01-11,7898488.017603467,-2233450.64,79345.31000000006,7819142.707603468
AZ-02,16,2022-01-11,5687416.311764168,-3817847.1499999994,107417.37000000011,5579998.9417641675
AZ-04,16,2022-01-11,9.313225746154785e-10,-4727934.2700000005,113333.91000000015,-113333.90999999922
CA-09,16,2022-01-11,0.0,-7854221.949999999,290691.79000000097,-290691.79000000097
CA-13,16,2022-01-11,6134860.288140934,-2240651.28,0.0,6134860.288140934
CA-22,16,2022-01-11,18682972.084496498,-2830292.9,13492.0,18669480.084496498
CA-27,16,2022-01-11,15161645.517999213,-3571833.53,122031.13000000035,15039614.387999212
CA-40,16,2022-01-11,14655648.884896092,-3684677.77,0.0,14655648.884896092
CA-45,16,2022-01-11,12040544.33833623,-4481906.46,131601.27000000048,11908943.06833623
CA-49,16,2022-01-11,1547590.111405733,-5491887.93,276585.6699999999,1271004.441405733
CO-07,16,2022-01-11,0.0,-2825101.58,300.0,-300.0
CO-08,16,2022-01-11,1691449.329370848,-3367264.11,72797.59000000032,1618651.7393708476
CT-02,16,2022-01-11,1223435.1809882573,-2285923.67,73924.70999999996,1149510.4709882573
CT-05,16,2022-01-11,1121384.0629863953,-2870592.7600000002,150018.3500000001,971365.7129863952
FL-07,16,2022-01-11,4965704.826891683,-445684.74,500697.9999999999,4465006.826891683
FL-23,16,2022-01-11,0.0,-1670073.61,0.0,0.0
FL-27,16,2022-01-11,14326219.867908528,-1233060.58,274529.34999999986,14051690.517908528
FL-28,16,2022-01-11,5083417.561435464,-123518.93,0.0,5083417.561435464
IA-03,16,2022-01-11,716117.7786280448,-6467931.76,214780.6099999994,501337.16862804536
IL-13,16,2022-01-11,961232.571830505,-3577732.39,158704.72999999998,802527.841830505
IL-17,16,2022-01-11,8764812.55069413,-2931328.52,52639.72999999998,8712172.82069413
KS-03,16,2022-01-11,1.862645149230957e-09,-7239650.83,259395.71999999974,-259395.71999999788
MD-06,16,2022-01-11,0.0,-12405597.32,148766.52999999933,-148766.52999999933
ME-02,16,2022-01-11,1126665.740122527,-5228325.62,289880.91000000015,836784.8301225267
MI-03,16,2022-01-11,7540394.511764574,-3697904.37,5865.0,7534529.511764574
MI-07,16,2022-01-11,0.0,-10446098.36,211901.05000000075,-211901.05000000075
MI-08,16,2022-01-11,0.0,-5994460.6,86040.24000000022,-86040.24000000022
MN-02,16,2022-01-11,2728417.09689321,-7961503.970000001,234048.22999999952,2494368.8668932104
NC-01,16,2022-01-11,10638992.180976894,-1752386.97,10564.820000000065,10628427.360976893
NC-13,16,2022-01-11,1328956.1830996927,-3505357.4699999997,70750.51000000024,1258205.6730996924
NE-02,16,2022-01-11,11275318.784015607,-2993289.7800000003,145690.58999999985,11129628.194015607
NH-01,16,2022-01-11,1212889.8248747196,-4758004.53,100262.94000000041,1112626.8848747192
NH-02,16,2022-01-11,0.0,-4604360.54,130591.12000000011,-130591.12000000011
NJ-07,16,2022-01-11,511665.06996463425,-8110028.59,261342.77000000048,250322.29996463377
NM-01,16,2022-01-11,8897874.402188575,-1185976.85,158298.09999999963,8739576.302188575
NM-02,16,2022-01-11,8930768.93670094,-3494017.6399999997,66527.09000000032,8864241.84670094
NV-03,16,2022-01-11,1679957.4906568732,-5485638.670000001,278700.7999999998,1401256.6906568734
NY-03,16,2022-01-11,2847357.134210761,-2915240.63,285099.7599999998,2562257.3742107614
NY-04,16,2022-01-11,2862412.5059003932,-1727130.79,0.0,2862412.5059003932
NY-17,16,2022-01-11,0.0,-5511322.44,345541.3499999996,-345541.3499999996
NY-18,16,2022-01-11,5008818.341978291,-4657558.01,0.0,5008818.341978291
NY-19,16,2022-01-11,1080297.0418185834,-5971077.0600000005,240922.13999999966,839374.9018185837
NY-22,16,2022-01-11,1902841.452458763,-2795086.96,99138.68999999994,1803702.762458763
OH-01,16,2022-01-11,7086050.248634521,-2604972.65,0.0,7086050.248634521
OH-09,16,2022-01-11,1906022.1771258935,-3498881.2699999996,98642.16000000015,1807380.0171258934
OH-13,16,2022-01-11,2801857.772763504,-2396611.97,0.0,2801857.772763504
OR-04,16,2022-01-11,11522236.371685952,-2462147.74,12728.589999999851,11509507.781685952
OR-05,16,2022-01-11,610574.0157244969,-4722639.010000001,143451.95999999996,467122.05572449695
OR-06,16,2022-01-11,1548775.699499637,-3284191.18,19616.649999999907,1529159.049499637
PA-01,16,2022-01-11,9987468.660044175,-898490.45,65903.93000000005,9921564.730044175
PA-07,16,2022-01-11,2968980.970345293,-6415716.01,119588.53000000026,2849392.440345293
PA-08,16,2022-01-11,553154.0303215887,-4880229.0,121351.41999999993,431802.6103215888
PA-17,16,2022-01-11,0.0,-7086934.68,0.0,0.0
RI-02,16,2022-01-11,1082814.4635019284,-3769245.92,0.0,1082814.4635019284
TX-15,16,2022-01-11,11680584.863029048,-2327933.16,6885.899999999907,11673698.963029047
TX-28,16,2022-01-11,0.0,-6105404.38,179369.5599999996,-179369.5599999996
VA-02,16,2022-01-11,0.0,-9879023.75,154972.3200000003,-154972.3200000003
VA-07,16,2022-01-11,0.0,-8739451.63,176721.33000000007,-176721.33000000007
WA-08,16,2022-01-11,0.0,-10216125.29,191980.20000000112,-191980.20000000112
WI-01,16,2022-01-11,9496201.779661862,-712512.61,64006.32999999996,9432195.449661862
WI-03,16,2022-01-11,12745873.294660857,-1731466.6300000001,66826.67999999993,12679046.614660857
AZ-01,17,2022-01-25,7898488.017603467,-2233450.64,0.0,7898488.017603467
AZ-02,17,2022-01-25,5687416.311764168,-3817847.1499999994,0.0,5687416.311764168
AZ-04,17,2022-01-25,9.313225746154785e-10,-4727934.2700000005,0.0,9.313225746154785e-10
CA-09,17,2022-01-25,0.0,-7854221.949999999,0.0,0.0
CA-13,17,2022-01-25,6134860.288140934,-2240651.28,0.0,6134860.288140934
CA-22,17,2022-01-25,18682972.084496498,-2830292.9,0.0,18682972.084496498
CA-27,17,2022-01-25,15161645.517999213,-3571833.53,0.0,15161645.517999213
CA-40,17,2022-01-25,14655648.884896092,-3684677.77,0.0,14655648.884896092
CA-45,17,2022-01-25,12040544.33833623,-4481906.46,0.0,12040544.33833623
CA-49,17,2022-01-25,1547590.111405733,-5491887.93,0.0,1547590.111405733
CO-07,17,2022-01-25,0.0,-2825101.58,0.0,0.0
CO-08,17,2022-01-25,1691449.329370848,-3367264.11,0.0,1691449.329370848
CT-02,17,2022-01-25,1223435.1809882573,-2285923.67,0.0,1223435.1809882573
CT-05,17,2022-01-25,1121384.0629863953,-2870592.7600000002,0.0,1121384.0629863953
FL-07,17,2022-01-25,4965704.826891683,-445684.74,0.0,4965704.826891683
FL-23,17,2022-01-25,0.0,-1670073.61,0.0,0.0
FL-27,17,2022-01-25,14326219.867908528,-1233060.58,0.0,14326219.867908528
FL-28,17,2022-01-25,5083417.561435464,-123518.93,0.0,5083417.561435464
IA-03,17,2022-01-25,716117.7786280448,-6467931.76,0.0,716117.7786280448
IL-13,17,2022-01-25,961232.571830505,-3577732.39,0.0,961232.571830505
IL-17,17,2022-01-25,8764812.55069413,-2931328.52,0.0,8764812.55069413
KS-03,17,2022-01-25,1.862645149230957e-09,-7239650.83,0.0,1.862645149230957e-09
MD-06,17,2022-01-25,0.0,-12405597.32,0.0,0.0
ME-02,17,2022-01-25,1126665.740122527,-5228325.62,0.0,1126665.740122527
MI-03,17,2022-01-25,7540394.511764574,-3697904.37,0.0,7540394.511764574
MI-07,17,2022-01-25,0.0,-10446098.36,0.0,0.0
MI-08,17,2022-01-25,0.0,-5994460.6,0.0,0.0
MN-02,17,2022-01-25,2728417.09689321,-7961503.970000001,0.0,2728417.09689321
NC-01,17,2022-01-25,10638992.180976894,-1752386.97,0.0,10638992.180976894
NC-13,17,2022-01-25,1328956.1830996927,-3505357.4699999997,0.0,1328956.1830996927
NE-02,17,2022-01-25,11275318.784015607,-2993289.7800000003,0.0,11275318.784015607
NH-01,17,2022-01-25,1212889.8248747196,-4758004.53,0.0,1212889.8248747196
NH-02,17,2022-01-25,0.0,-4604360.54,0.0,0.0
NJ-07,17,2022-01-25,511665.06996463425,-8110028.59,0.0,511665.06996463425
NM-01,17,2022-01-25,8897874.402188575,-1185976.85,0.0,8897874.402188575
NM-02,17,2022-01-25,8930768.93670094,-3494017.6399999997,0.0,8930768.93670094
NV-03,17,2022-01-25,1679957.4906568732,-5485638.670000001,0.0,1679957.4906568732
NY-03,17,2022-01-25,2847357.134210761,-2915240.63,0.0,2847357.134210761
NY-04,17,2022-01-25,2862412.5059003932,-1727130.79,0.0,2862412.5059003932
NY-17,17,2022-01-25,0.0,-5511322.44,0.0,0.0
NY-18,17,2022-01-25,5008818.341978291,-4657558.01,0.0,5008818.341978291
NY-19,17,2022-01-25,1080297.0418185834,-5971077.0600000005,0.0,1080297.0418185834
NY-22,17,2022-01-25,1902841.452458763,-2795086.96,0.0,1902841.452458763
OH-01,17,2022-01-25,7086050.248634521,-2604972.65,0.0,7086050.248634521
OH-09,17,2022-01-25,1906022.1771258935,-3498881.2699999996,0.0,1906022.1771258935
OH-13,17,2022-01-25,2801857.772763504,-2396611.97,0.0,2801857.772763504
OR-04,17,2022-01-25,11522236.371685952,-2462147.74,0.0,11522236.371685952
OR-05,17,2022-01-25,610574.0157244969,-4722639.010000001,0.0,610574.0157244969
OR-06,17,2022-01-25,1548775.699499637,-3284191.18,0.0,1548775.699499637
PA-01,17,2022-01-25,9987468.660044175,-898490.45,0.0,9987468.660044175
PA-07,17,2022-01-25,2968980.970345293,-6415716.01,0.0,2968980.970345293
PA-08,17,2022-01-25,553154.0303215887,-4880229.0,0.0,553154.0303215887
PA-17,17,2022-01-25,0.0,-7086934.68,0.0,0.0
RI-02,17,2022-01-25,1082814.4635019284,-3769245.92,0.0,1082814.4635019284
TX-15,17,2022-01-25,11680584.863029048,-2327933.16,0.0,11680584.863029048
TX-28,17,2022-01-25,0.0,-6105404.38,0.0,0.0
VA-02,17,2022-01-25,0.0,-9879023.75,0.0,0.0
VA-07,17,2022-01-25,0.0,-8739451.63,0.0,0.0
WA-08,17,2022-01-25,0.0,-10216125.29,0.0,0.0
WI-01,17,2022-01-25,9496201.779661862,-712512.61,0.0,9496201.779661862
WI-03,17,2022-01-25,12745873.294660857,-1731466.6300000001,0.0,12745873.294660857
AZ-01,18,2022-02-08,7898488.017603467,-2233450.64,0.0,7898488.017603467
AZ-02,18,2022-02-08,5687416.311764168,-3817847.1499999994,0.0,5687416.311764168
AZ-04,18,2022-02-08,9.313225746154785e-10,-4727934.2700000005,0.0,9.313225746154785e-10
CA-09,18,2022-02-08,0.0,-7854221.949999999,0.0,0.0
CA-13,18,2022-02-08,6134860.288140934,-2240651.28,0.0,6134860.288140934
CA-22,18,2022-02-08,18682972.084496498,-2830292.9,0.0,18682972.084496498
CA-27,18,2022-02-08,15161645.517999213,-3561833.53,10000.0,15151645.517999213
CA-40,18,2022-02-08,14655648.884896092,-3684677.77,0.0,14655648.884896092
CA-45,18,2022-02-08,12040544.33833623,-4481906.46,0.0,12040544.33833623
CA-49,18,2022-02-08,1547590.111405733,-5491887.93,0.0,1547590.111405733
CO-07,18,2022-02-08,0.0,-2825101.58,0.0,0.0
CO-08,18,2022-02-08,1691449.329370848,-3367264.11,0.0,1691449.329370848
CT-02,18,2022-02-08,1223435.1809882573,-2285923.67,0.0,1223435.1809882573
CT-05,18,2022-02-08,1121384.0629863953,-2870592.7600000002,0.0,1121384.0629863953
FL-07,18,2022-02-08,4965704.826891683,-445684.74,0.0,4965704.826891683
FL-23,18,2022-02-08,0.0,-1670073.61,0.0,0.0
FL-27,18,2022-02-08,14326219.867908528,-1233060.58,0.0,14326219.867908528
FL-28,18,2022-02-08,5083417.561435464,-123518.93,0.0,5083417.561435464
IA-03,18,2022-02-08,716117.7786280448,-6467931.76,0.0,716117.7786280448
IL-13,18,2022-02-08,961232.571830505,-3577732.39,0.0,961232.571830505
IL-17,18,2022-02-08,8764812.55069413,-2931328.52,0.0,8764812.55069413
KS-03,18,2022-02-08,1.862645149230957e-09,-7239650.83,0.0,1.862645149230957e-09
MD-06,18,2022-02-08,0.0,-12405597.32,0.0,0.0
ME-02,18,2022-02-08,1126665.740122527,-5228325.62,0.0,1126665.740122527
MI-03,18,2022-02-08,7540394.511764574,-3697904.37,0.0,7540394.511764574
MI-07,18,2022-02-08,0.0,-10446098.36,0.0,0.0
MI-08,18,2022-02-08,0.0,-5994460.6,0.0,0.0
MN-02,18,2022-02-08,2728417.09689321,-7961503.970000001,0.0,2728417.09689321
NC-01,18,2022-02-08,10638992.180976894,-1752386.97,0.0,10638992.180976894
NC-13,18,2022-02-08,1328956.1830996927,-3505357.4699999997,0.0,1328956.1830996927
NE-02,18,2022-02-08,11275318.784015607,-2993289.7800000003,0.0,11275318.784015607
NH-01,18,2022-02-08,1212889.8248747196,-4758004.53,0.0,1212889.8248747196
NH-02,18,2022-02-08,0.0,-4604360.54,0.0,0.0
NJ-07,18,2022-02-08,511665.06996463425,-8110028.59,0.0,511665.06996463425
NM-01,18,2022-02-08,8897874.402188575,-1185976.85,0.0,8897874.402188575
NM-02,18,2022-02-08,8930768.93670094,-3494017.6399999997,0.0,8930768.93670094
NV-03,18,2022-02-08,1679957.4906568732,-5485638.670000001,0.0,1679957.4906568732
NY-03,18,2022-02-08,2847357.134210761,-2915240.63,0.0,2847357.134210761
NY-04,18,2022-02-08,2862412.5059003932,-1727130.79,0.0,2862412.5059003932
NY-17,18,2022-02-08,0.0,-5511322.44,0.0,0.0
NY-18,18,2022-02-08,5008818.341978291,-4657558.01,0.0,5008818.341978291
NY-19,18,2022-02-08,1080297.0418185834,-5971077.0600000005,0.0,1080297.0418185834
NY-22,18,2022-02-08,1902841.452458763,-2795086.96,0.0,1902841.452458763
OH-01,18,2022-02-08,7086050.248634521,-2604972.65,0.0,7086050.248634521
OH-09,18,2022-02-08,1906022.1771258935,-3498881.2699999996,0.0,1906022.1771258935
OH-13,18,2022-02-08,2801857.772763504,-2396611.97,0.0,2801857.772763504
OR-04,18,2022-02-08,11522236.371685952,-2462147.74,0.0,11522236.371685952
OR-05,18,2022-02-08,610574.0157244969,-4722639.010000001,0.0,610574.0157244969
OR-06,18,2022-02-08,1548775.699499637,-3284191.18,0.0,1548775.699499637
PA-01,18,2022-02-08,9987468.660044175,-898490.45,0.0,9987468.660044175
PA-07,18,2022-02-08,2968980.970345293,-6415716.01,0.0,2968980.970345293
PA-08,18,2022-02-08,553154.0303215887,-4880229.0,0.0,553154.0303215887
PA-17,18,2022-02-08,0.0,-7086934.68,0.0,0.0
RI-02,18,2022-02-08,1082814.4635019284,-3769245.92,0.0,1082814.4635019284
TX-15,18,2022-02-08,11680584.863029048,-2327933.16,0.0,11680584.863029048
TX-28,18,2022-02-08,0.0,-6105404.38,0.0,0.0
VA-02,18,2022-02-08,0.0,-9879023.75,0.0,0.0
VA-07,18,2022-02-08,0.0,-8739451.63,0.0,0.0
WA-08,18,2022-02-08,0.0,-10216125.29,0.0,0.0
WI-01,18,2022-02-08,9496201.779661862,-712512.61,0.0,9496201.779661862
WI-03,18,2022-02-08,12745873.294660857,-1731466.6300000001,0.0,12745873.294660857
AZ-01,19,2022-02-22,7834316.620004117,-2233450.64,0.0,7834316.620004117
AZ-02,19,2022-02-22,5640743.943126487,-3817847.1499999994,0.0,5640743.943126487
AZ-04,19,2022-02-22,1.862645149230957e-09,-4727934.2700000005,0.0,1.862645149230957e-09
CA-09,19,2022-02-22,0.0,-7854221.949999999,0.0,0.0
CA-13,19,2022-02-22,6083200.601340631,-2240651.28,0.0,6083200.601340631
CA-22,19,2022-02-22,18549759.000322454,-2830292.9,0.0,18549759.000322454
CA-27,19,2022-02-22,15043372.002634313,-3561833.53,0.0,15043372.002634313
CA-40,19,2022-02-22,14541736.433457207,-3684677.77,0.0,14541736.433457207
CA-45,19,2022-02-22,11935423.128689535,-4481906.46,0.0,11935423.128689535
CA-49,19,2022-02-22,1523091.4439179897,-5491887.93,0.0,1523091.4439179897
CO-07,19,2022-02-22,0.0,-2825101.58,0.0,0.0
CO-08,19,2022-02-22,1659619.5323674288,-3367264.11,0.0,1659619.5323674288
CT-02,19,2022-02-22,1209195.5428768178,-2285923.67,0.0,1209195.5428768178
CT-05,19,2022-02-22,1104473.2286130218,-2870592.7600000002,0.0,1104473.2286130218
FL-07,19,2022-02-22,4933906.922320323,-445684.74,0.0,4933906.922320323
FL-23,19,2022-02-22,1.6298145055770874e-09,-1670073.61,0.0,1.6298145055770874e-09
FL-27,19,2022-02-22,14225408.0407843,-1233060.58,0.0,14225408.0407843
FL-28,19,2022-02-22,5051753.058587421,-123518.93,0.0,5051753.058587421
IA-03,19,2022-02-22,681354.2805306036,-6467931.76,0.0,681354.2805306036
IL-13,19,2022-02-22,931803.874512115,-3577732.39,0.0,931803.874512115
IL-17,19,2022-02-22,8692596.355676718,-2931328.52,0.0,8692596.355676718
KS-03,19,2022-02-22,2.7939677238464355e-09,-7239650.83,0.0,2.7939677238464355e-09
MD-06,19,2022-02-22,0.0,-12405597.32,0.0,0.0
ME-02,19,2022-02-22,1090191.3443647549,-5228325.62,0.0,1090191.3443647549
MI-03,19,2022-02-22,7470757.280098601,-3697904.37,0.0,7470757.280098601
MI-07,19,2022-02-22,0.0,-10446098.36,0.0,0.0
MI-08,19,2022-02-22,1.862645149230957e-09,-5994460.6,0.0,1.862645149230957e-09
MN-02,19,2022-02-22,2691044.4242976364,-7961503.970000001,0.0,2691044.4242976364
NC-01,19,2022-02-22,10562423.26912516,-1752386.97,0.0,10562423.26912516
NC-13,19,2022-02-22,1298222.7239296176,-3505357.4699999997,0.0,1298222.7239296176
NE-02,19,2022-02-22,11185139.124661125,-2993289.7800000003,0.0,11185139.124661125
NH-01,19,2022-02-22,1186765.9206988597,-4758004.53,0.0,1186765.9206988597
NH-02,19,2022-02-22,0.0,-4604360.54,0.0,0.0
NJ-07,19,2022-02-22,472420.2334035896,-8110028.59,0.0,472420.2334035896
NM-01,19,2022-02-22,8821599.659504099,-1185976.85,0.0,8821599.659504099
NM-02,19,2022-02-22,8853624.730672339,-3494017.6399999997,0.0,8853624.730672339
NV-03,19,2022-02-22,1654307.8434421131,-5485638.670000001,0.0,1654307.8434421131
NY-03,19,2022-02-22,2826286.1511032474,-2915240.63,0.0,2826286.1511032474
NY-04,19,2022-02-22,2833952.615516604,-1727130.79,0.0,2833952.615516604
NY-17,19,2022-02-22,1.862645149230957e-09,-5511322.44,0.0,1.862645149230957e-09
NY-18,19,2022-02-22,4949336.8458317965,-4657558.01,0.0,4949336.8458317965
NY-19,19,2022-02-22,1048982.8370484533,-5971077.0600000005,0.0,1048982.8370484533
NY-22,19,2022-02-22,1872838.3700541244,-2795086.96,0.0,1872838.3700541244
OH-01,19,2022-02-22,7026256.842457151,-2604972.65,0.0,7026256.842457151
OH-09,19,2022-02-22,1879978.012756832,-3498881.2699999996,0.0,1879978.012756832
OH-13,19,2022-02-22,2769604.649637584,-2396611.97,0.0,2769604.649637584
OR-04,19,2022-02-22,11436117.572035009,-2462147.74,0.0,11436117.572035009
OR-05,19,2022-02-22,589243.4136708612,-4722639.010000001,0.0,589243.4136708612
OR-06,19,2022-02-22,1518856.905702453,-3284191.18,0.0,1518856.905702453
PA-01,19,2022-02-22,9920301.109301183,-898490.45,0.0,9920301.109301183
PA-07,19,2022-02-22,2929998.429277598,-6415716.01,0.0,2929998.429277598
PA-08,19,2022-02-22,523138.58269405086,-4880229.0,0.0,523138.58269405086
PA-17,19,2022-02-22,9.313225746154785e-10,-7086934.68,0.0,9.313225746154785e-10
RI-02,19,2022-02-22,1052869.4584548334,-3769245.92,0.0,1052869.4584548334
TX-15,19,2022-02-22,14032583.975568412,-2274510.81,53422.35000000009,13979161.625568412
TX-28,19,2022-02-22,3.725290298461914e-09,-5314128.96,791275.4199999999,-791275.4199999962
VA-02,19,2022-02-22,1.862645149230957e-09,-9879023.75,0.0,1.862645149230957e-09
VA-07,19,2022-02-22,0.0,-8739451.63,0.0,0.0
WA-08,19,2022-02-22,1.862645149230957e-09,-10216125.29,0.0,1.862645149230957e-09
WI-01,19,2022-02-22,9432736.458101707,-712512.61,0.0,9432736.458101707
WI-03,19,2022-02-22,12655827.53682886,-1731466.6300000001,0.0,12655827.53682886
AZ-01,20,2022-03-08,7834316.620004117,-2233450.64,0.0,7834316.620004117
AZ-02,20,2022-03-08,5640743.943126487,-3817847.1499999994,0.0,5640743.943126487
AZ-04,20,2022-03-08,1.862645149230957e-09,-4727934.2700000005,0.0,1.862645149230957e-09
CA-09,20,2022-03-08,0.0,-7854221.949999999,0.0,0.0
CA-13,20,2022-03-08,6083200.601340631,-2240651.28,0.0,6083200.601340631
CA-22,20,2022-03-08,18549759.000322454,-2830292.9,0.0,18549759.000322454
CA-27,20,2022-03-08,15043372.002634313,-3561833.53,0.0,15043372.002634313
CA-40,20,2022-03-08,14541736.433457207,-3684677.77,0.0,14541736.433457207
CA-45,20,2022-03-08,11935423.128689535,-4481906.46,0.0,11935423.128689535
CA-49,20,2022-03-08,1523091.4439179897,-5491887.93,0.0,1523091.4439179897
CO-07,20,2022-03-08,0.0,-2825101.58,0.0,0.0
CO-08,20,2022-03-08,1659619.5323674288,-3367264.11,0.0,1659619.5323674288
CT-02,20,2022-03-08,1209195.5428768178,-2285923.67,0.0,1209195.5428768178
CT-05,20,2022-03-08,1104473.2286130218,-2870592.7600000002,0.0,1104473.2286130218
FL-07,20,2022-03-08,4933906.922320323,-445684.74,0.0,4933906.922320323
FL-23,20,2022-03-08,1.6298145055770874e-09,-1670073.61,0.0,1.6298145055770874e-09
FL-27,20,2022-03-08,14225408.0407843,-1233060.58,0.0,14225408.0407843
FL-28,20,2022-03-08,5051753.058587421,-123518.93,0.0,5051753.058587421
IA-03,20,2022-03-08,681354.2805306036,-6467931.76,0.0,681354.2805306036
IL-13,20,2022-03-08,931803.874512115,-3577732.39,0.0,931803.874512115
IL-17,20,2022-03-08,8692596.355676718,-2931328.52,0.0,8692596.355676718
KS-03,20,2022-03-08,2.7939677238464355e-09,-7239650.83,0.0,2.7939677238464355e-09
MD-06,20,2022-03-08,0.0,-12405597.32,0.0,0.0
ME-02,20,2022-03-08,1090191.3443647549,-5228325.62,0.0,1090191.3443647549
MI-03,20,2022-03-08,7470757.280098601,-3697904.37,0.0,7470757.280098601
MI-07,20,2022-03-08,0.0,-10446098.36,0.0,0.0
MI-08,20,2022-03-08,1.862645149230957e-09,-5994460.6,0.0,1.862645149230957e-09
MN-02,20,2022-03-08,2691044.4242976364,-7961503.970000001,0.0,2691044.4242976364
NC-01,20,2022-03-08,10562423.26912516,-1752386.97,0.0,10562423.26912516
NC-13,20,2022-03-08,1298222.7239296176,-3505357.4699999997,0.0,1298222.7239296176
NE-02,20,2022-03-08,11185139.124661125,-2993289.7800000003,0.0,11185139.124661125
NH-01,20,2022-03-08,1186765.9206988597,-4758004.53,0.0,1186765.9206988597
NH-02,20,2022-03-08,0.0,-4604360.54,0.0,0.0
NJ-07,20,2022-03-08,472420.2334035896,-8110028.59,0.0,472420.2334035896
NM-01,20,2022-03-08,8821599.659504099,-1185976.85,0.0,8821599.659504099
NM-02,20,2022-03-08,8853624.730672339,-3494017.6399999997,0.0,8853624.730672339
NV-03,20,2022-03-08,1654307.8434421131,-5485638.670000001,0.0,1654307.8434421131
NY-03,20,2022-03-08,2826286.1511032474,-2915240.63,0.0,2826286.1511032474
NY-04,20,2022-03-08,2833952.615516604,-1727130.79,0.0,2833952.615516604
NY-17,20,2022-03-08,1.862645149230957e-09,-5511322.44,0.0,1.862645149230957e-09
NY-18,20,2022-03-08,4949336.8458317965,-4657558.01,0.0,4949336.8458317965
NY-19,20,2022-03-08,1048982.8370484533,-5971077.0600000005,0.0,1048982.8370484533
NY-22,20,2022-03-08,1872838.3700541244,-2795086.96,0.0,1872838.3700541244
OH-01,20,2022-03-08,7026256.842457151,-2604972.65,0.0,7026256.842457151
OH-09,20,2022-03-08,1879978.012756832,-3498881.2699999996,0.0,1879978.012756832
OH-13,20,2022-03-08,2769604.649637584,-2396611.97,0.0,2769604.649637584
OR-04,20,2022-03-08,11436117.572035009,-2462147.74,0.0,11436117.572035009
OR-05,20,2022-03-08,589243.4136708612,-4722639.010000001,0.0,589243.4136708612
OR-06,20,2022-03-08,1518856.905702453,-3284191.18,0.0,1518856.905702453
PA-01,20,2022-03-08,9920301.109301183,-898490.45,0.0,9920301.109301183
PA-07,20,2022-03-08,2929998.429277598,-6415716.01,0.0,2929998.429277598
PA-08,20,2022-03-08,523138.58269405086,-4880229.0,0.0,523138.58269405086
PA-17,20,2022-03-08,9.313225746154785e-10,-7086934.68,0.0,9.313225746154785e-10
RI-02,20,2022-03-08,1052869.4584548334,-3769245.92,0.0,1052869.4584548334
TX-15,20,2022-03-08,14032583.975568412,-2274510.81,0.0,14032583.975568412
TX-28,20,2022-03-08,3.725290298461914e-09,-5314128.96,0.0,3.725290298461914e-09
VA-02,20,2022-03-08,1.862645149230957e-09,-9879023.75,0.0,1.862645149230957e-09
VA-07,20,2022-03-08,0.0,-8739451.63,0.0,0.0
WA-08,20,2022-03-08,1.862645149230957e-09,-10216125.29,0.0,1.862645149230957e-09
WI-01,20,2022-03-08,9432736.458101707,-712512.61,0.0,9432736.458101707
WI-03,20,2022-03-08,12655827.53682886,-1731466.6300000001,0.0,12655827.53682886
AZ-01,21,2022-03-22,7834316.620004117,-2233450.64,0.0,7834316.620004117
AZ-02,21,2022-03-22,5640743.943126487,-3817847.1499999994,0.0,5640743.943126487
AZ-04,21,2022-03-22,1.862645149230957e-09,-4727934.2700000005,0.0,1.862645149230957e-09
CA-09,21,2022-03-22,0.0,-7854221.949999999,0.0,0.0
CA-13,21,2022-03-22,6083200.601340631,-2240651.28,0.0,6083200.601340631
CA-22,21,2022-03-22,18549759.000322454,-2830292.9,0.0,18549759.000322454
CA-27,21,2022-03-22,15043372.002634313,-3561833.53,0.0,15043372.002634313
CA-40,21,2022-03-22,14541736.433457207,-3684677.77,0.0,14541736.433457207
CA-45,21,2022-03-22,11935423.128689535,-4481906.46,0.0,11935423.128689535
CA-49,21,2022-03-22,1523091.4439179897,-5491887.93,0.0,1523091.4439179897
CO-07,21,2022-03-22,0.0,-2825101.58,0.0,0.0
CO-08,21,2022-03-22,1659619.5323674288,-3367264.11,0.0,1659619.5323674288
CT-02,21,2022-03-22,1209195.5428768178,-2285923.67,0.0,1209195.5428768178
CT-05,21,2022-03-22,1104473.2286130218,-2870592.7600000002,0.0,1104473.2286130218
FL-07,21,2022-03-22,4933906.922320323,-445684.74,0.0,4933906.922320323
FL-23,21,2022-03-22,1.6298145055770874e-09,-1670073.61,0.0,1.6298145055770874e-09
FL-27,21,2022-03-22,14225408.0407843,-1233060.58,0.0,14225408.0407843
FL-28,21,2022-03-22,5051753.058587421,-123518.93,0.0,5051753.058587421
IA-03,21,2022-03-22,681354.2805306036,-6467931.76,0.0,681354.2805306036
IL-13,21,2022-03-22,931803.874512115,-3577732.39,0.0,931803.874512115
IL-17,21,2022-03-22,8692596.355676718,-2931328.52,0.0,8692596.355676718
KS-03,21,2022-03-22,2.7939677238464355e-09,-7239650.83,0.0,2.7939677238464355e-09
MD-06,21,2022-03-22,0.0,-12405597.32,0.0,0.0
ME-02,21,2022-03-22,1090191.3443647549,-5228325.62,0.0,1090191.3443647549
MI-03,21,2022-03-22,7470757.280098601,-3697904.37,0.0,7470757.280098601
MI-07,21,2022-03-22,0.0,-10446098.36,0.0,0.0
MI-08,21,2022-03-22,1.862645149230957e-09,-5994460.6,0.0,1.862645149230957e-09
MN-02,21,2022-03-22,2691044.4242976364,-7961503.970000001,0.0,2691044.4242976364
NC-01,21,2022-03-22,10562423.26912516,-1752386.97,0.0,10562423.26912516
NC-13,21,2022-03-22,1298222.7239296176,-3505357.4699999997,0.0,1298222.7239296176
NE-02,21,2022-03-22,11185139.124661125,-2993289.7800000003,0.0,11185139.124661125
NH-01,21,2022-03-22,1186765.9206988597,-4758004.53,0.0,1186765.9206988597
NH-02,21,2022-03-22,0.0,-4604360.54,0.0,0.0
NJ-07,21,2022-03-22,472420.2334035896,-8110028.59,0.0,472420.2334035896
NM-01,21,2022-03-22,8821599.659504099,-1185976.85,0.0,8821599.659504099
NM-02,21,2022-03-22,8853624.730672339,-3494017.6399999997,0.0,8853624.730672339
NV-03,21,2022-03-22,1654307.8434421131,-5485638.670000001,0.0,1654307.8434421131
NY-03,21,2022-03-22,2826286.1511032474,-2915240.63,0.0,2826286.1511032474
NY-04,21,2022-03-22,2833952.615516604,-1727130.79,0.0,2833952.615516604
NY-17,21,2022-03-22,1.862645149230957e-09,-5511322.44,0.0,1.862645149230957e-09
NY-18,21,2022-03-22,4949336.8458317965,-4657558.01,0.0,4949336.8458317965
NY-19,21,2022-03-22,1048982.8370484533,-5971077.0600000005,0.0,1048982.8370484533
NY-22,21,2022-03-22,1872838.3700541244,-2795086.96,0.0,1872838.3700541244
OH-01,21,2022-03-22,7026256.842457151,-2604972.65,0.0,7026256.842457151
OH-09,21,2022-03-22,1879978.012756832,-3498881.2699999996,0.0,1879978.012756832
OH-13,21,2022-03-22,2769604.649637584,-2396611.97,0.0,2769604.649637584
OR-04,21,2022-03-22,11436117.572035009,-2462147.74,0.0,11436117.572035009
OR-05,21,2022-03-22,589243.4136708612,-4722639.010000001,0.0,589243.4136708612
OR-06,21,2022-03-22,1518856.905702453,-3284191.18,0.0,1518856.905702453
PA-01,21,2022-03-22,9920301.109301183,-898490.45,0.0,9920301.109301183
PA-07,21,2022-03-22,2929998.429277598,-6415716.01,0.0,2929998.429277598
PA-08,21,2022-03-22,523138.58269405086,-4880229.0,0.0,523138.58269405086
PA-17,21,2022-03-22,9.313225746154785e-10,-7086934.68,0.0,9.313225746154785e-10
RI-02,21,2022-03-22,1052869.4584548334,-3769245.92,0.0,1052869.4584548334
TX-15,21,2022-03-22,14032583.975568412,-2274510.81,0.0,14032583.975568412
TX-28,21,2022-03-22,3.725290298461914e-09,-5314128.96,0.0,3.725290298461914e-09
VA-02,21,2022-03-22,1.862645149230957e-09,-9879023.75,0.0,1.862645149230957e-09
VA-07,21,2022-03-22,0.0,-8739451.63,0.0,0.0
WA-08,21,2022-03-22,1.862645149230957e-09,-10216125.29,0.0,1.862645149230957e-09
WI-01,21,2022-03-22,9432736.458101707,-712512.61,0.0,9432736.458101707
WI-03,21,2022-03-22,12655827.53682886,-1731466.6300000001,0.0,12655827.53682886
AZ-01,22,2022-04-05,9884906.515541743,-2108818.59,124632.05000000028,9760274.465541743
AZ-02,22,2022-04-05,6214384.9133646935,-3677517.0399999996,140330.10999999987,6074054.803364694
AZ-04,22,2022-04-05,74099.80219065305,-4613451.930000001,114482.33999999985,-40382.5378093468
CA-09,22,2022-04-05,0.0,-7515030.89,339191.0599999996,-339191.0599999996
CA-13,22,2022-04-05,5697426.335987061,-2171739.15,68912.12999999989,5628514.205987061
CA-22,22,2022-04-05,16090668.864581177,-2678674.54,151618.35999999987,15939050.504581178
CA-27,22,2022-04-05,13683020.242640667,-3405493.9,156339.6299999999,13526680.612640668
CA-40,22,2022-04-05,13384769.564106323,-3523953.06,160724.70999999996,13224044.854106322
CA-45,22,2022-04-05,10726942.83562414,-4308848.12,173058.33999999985,10553884.49562414
CA-49,22,2022-04-05,1622156.6557630617,-5121174.71,370713.21999999974,1251443.435763062
CO-07,22,2022-04-05,1758882.2918504756,-2704999.64,120101.93999999994,1638780.3518504757
CO-08,22,2022-04-05,2025779.2321666311,-3216162.06,151102.0499999998,1874677.1821666313
CT-02,22,2022-04-05,1216035.6336142072,-2224162.81,61760.85999999987,1154274.7736142073
CT-05,22,2022-04-05,945383.3128061024,-2727698.4400000004,142894.31999999983,802488.9928061026
FL-07,22,2022-04-05,6012533.936677963,-267814.3799999999,177870.3600000001,5834663.576677962
FL-23,22,2022-04-05,474963.7461324048,-1652034.27,18039.340000000084,456924.4061324047
FL-27,22,2022-04-05,13010183.479721874,-939426.46,293634.1200000001,12716549.359721873
FL-28,22,2022-04-05,4492358.155572726,-123518.93,0.0,4492358.155572726
IA-03,22,2022-04-05,910636.735684976,-6164621.33,303310.4299999997,607326.3056849763
IL-13,22,2022-04-05,512477.42240595026,-3431832.42,145899.9700000002,366577.45240595005
IL-17,22,2022-04-05,9119632.691724809,-2859395.81,71932.70999999996,9047699.98172481
KS-03,22,2022-04-05,0.0,-6925070.46,314580.3700000001,-314580.3700000001
MD-06,22,2022-04-05,0.0,-12315876.42,89720.90000000037,-89720.90000000037
ME-02,22,2022-04-05,1083672.6880536377,-4903854.880000001,324470.7399999993,759201.9480536385
MI-03,22,2022-04-05,7615306.5462492155,-3620913.08,76991.29000000004,7538315.256249215
MI-07,22,2022-04-05,0.0,-10113221.36,332877.0,-332877.0
MI-08,22,2022-04-05,0.0,-5822793.11,171667.4899999993,-171667.4899999993
MN-02,22,2022-04-05,2357894.662842475,-7710311.390000001,251192.58000000007,2106702.082842475
NC-01,22,2022-04-05,9869573.618610088,-1660541.74,91845.22999999998,9777728.388610087
NC-13,22,2022-04-05,10214093.019827392,-3278366.36,226991.10999999987,9987101.909827393
NE-02,22,2022-04-05,10634946.663937781,-2756864.15,236425.63000000035,10398521.03393778
NH-01,22,2022-04-05,1271835.5901142592,-4635648.7700000005,122355.75999999978,1149479.8301142594
NH-02,22,2022-04-05,0.0,-4439199.91,165160.6299999999,-165160.6299999999
NJ-07,22,2022-04-05,1094619.9702527616,-7712109.87,397918.71999999974,696701.2502527619
NM-01,22,2022-04-05,6993600.328809496,-984241.46,201735.39000000013,6791864.938809495
NM-02,22,2022-04-05,7903466.560277047,-3328476.67,165540.96999999974,7737925.590277047
NV-03,22,2022-04-05,1426832.7813013978,-5249908.4,235730.27000000048,1191102.5113013973
NY-03,22,2022-04-05,2791315.192540034,-797511.46,2117729.17,673586.0225400343
NY-04,22,2022-04-05,2160087.5303241946,-1688427.1800000002,38703.60999999987,2121383.9203241947
NY-17,22,2022-04-05,0.0,-5209246.32,302076.1200000001,-302076.1200000001
NY-18,22,2022-04-05,4395809.5670943055,-4657558.01,0.0,4395809.5670943055
NY-19,22,2022-04-05,881432.0913894298,-5803117.02,167960.04000000097,713472.0513894288
NY-22,22,2022-04-05,1150880.2937721084,-2649482.49,145604.46999999974,1005275.8237721086
OH-01,22,2022-04-05,6521004.540415719,-2490247.4899999998,114725.16000000015,6406279.380415719
OH-09,22,2022-04-05,1874520.6763135642,-3361735.8,137145.46999999974,1737375.2063135644
OH-13,22,2022-04-05,3321464.7259800923,-2288160.35,108451.62000000011,3213013.105980092
OR-04,22,2022-04-05,10904399.7010419,-2236546.49,225601.25,10678798.4510419
OR-05,22,2022-04-05,1252545.501883625,-3149129.8000000003,1573509.2100000004,-320963.7081163754
OR-06,22,2022-04-05,2134438.1769737955,-3060914.17,223277.01000000024,1911161.1669737953
PA-01,22,2022-04-05,10729105.268292047,-827485.8300000001,71004.61999999988,10658100.648292048
PA-07,22,2022-04-05,2629245.230244453,-6156978.84,258737.16999999993,2370508.060244453
PA-08,22,2022-04-05,713386.9836876215,-4686487.069999999,193741.93000000063,519645.0536876209
PA-17,22,2022-04-05,0.0,-7086934.68,0.0,0.0
RI-02,22,2022-04-05,697417.4649528172,-3670794.82,98451.1000000001,598966.3649528171
TX-15,22,2022-04-05,13184476.823943337,-2117525.37,156985.43999999994,13027491.383943338
TX-28,22,2022-04-05,9.313225746154785e-10,-4212255.99,1101872.9699999997,-1101872.9699999988
VA-02,22,2022-04-05,0.0,-9514307.25,364716.5,-364716.5
VA-07,22,2022-04-05,0.0,-8455334.56,284117.0700000003,-284117.0700000003
WA-08,22,2022-04-05,0.0,-9908247.18,307878.1099999994,-307878.1099999994
WI-01,22,2022-04-05,8943049.510226564,-625035.77,87476.83999999997,8855572.670226565
WI-03,22,2022-04-05,11619496.252491167,-1506514.49,224952.14000000013,11394544.112491166
AZ-01,23,2022-04-19,9826327.694705814,-2108818.59,0.0,9826327.694705814
AZ-02,23,2022-04-19,6178692.419150764,-3677517.0399999996,0.0,6178692.419150764
AZ-04,23,2022-04-19,59522.770047976635,-4613451.930000001,0.0,59522.770047976635
CA-09,23,2022-04-19,0.0,-7515030.89,0.0,0.0
CA-13,23,2022-04-19,5660126.774244532,-2171739.15,0.0,5660126.774244532
CA-22,23,2022-04-19,16000923.766443567,-2678674.54,0.0,16000923.766443567
CA-27,23,2022-04-19,13599588.770114385,-3405493.9,0.0,13599588.770114385
CA-40,23,2022-04-19,13303632.920176275,-3523953.06,0.0,13303632.920176275
CA-45,23,2022-04-19,10652831.466068663,-4308848.12,0.0,10652831.466068663
CA-49,23,2022-04-19,1605057.2808500389,-5121174.71,0.0,1605057.2808500389
CO-07,23,2022-04-19,1737353.2627680218,-2704999.64,0.0,1737353.2627680218
CO-08,23,2022-04-19,1999946.4352875901,-3216162.06,0.0,1999946.4352875901
CT-02,23,2022-04-19,1259388.2405958786,-2196740.7,27422.10999999987,1231966.1305958787
CT-05,23,2022-04-19,1120637.7246601898,-2687629.2600000002,40069.18000000017,1080568.5446601897
FL-07,23,2022-04-19,5984333.974854883,-267814.3799999999,0.0,5984333.974854883
FL-23,23,2022-04-19,465039.1917178312,-1652034.27,0.0,465039.1917178312
FL-27,23,2022-04-19,12939504.044109691,-939426.46,0.0,12939504.044109691
FL-28,23,2022-04-19,4471003.8855067035,-123518.93,0.0,4471003.8855067035
IA-03,23,2022-04-19,885758.7416918008,-6164621.33,0.0,885758.7416918008
IL-13,23,2022-04-19,492061.5593612422,-3431832.42,0.0,492061.5593612422
IL-17,23,2022-04-19,9062795.103600219,-2859395.81,0.0,9062795.103600219
KS-03,23,2022-04-19,9.313225746154785e-10,-6925070.46,0.0,9.313225746154785e-10
MD-06,23,2022-04-19,0.0,-12315876.42,0.0,0.0
ME-02,23,2022-04-19,1057531.2636123942,-4903854.880000001,0.0,1057531.2636123942
MI-03,23,2022-04-19,7561701.22939526,-3620913.08,0.0,7561701.22939526
MI-07,23,2022-04-19,0.0,-10113221.36,0.0,0.0
MI-08,23,2022-04-19,0.0,-5822793.11,0.0,0.0
MN-02,23,2022-04-19,2332165.8343261536,-7710311.390000001,0.0,2332165.8343261536
NC-01,23,2022-04-19,9814713.886105534,-1660541.74,0.0,9814713.886105534
NC-13,23,2022-04-19,10148723.774594743,-3278366.36,0.0,10148723.774594743
NE-02,23,2022-04-19,10568947.471257892,-2756864.15,0.0,10568947.471257892
NH-01,23,2022-04-19,1253682.135921563,-4635648.7700000005,0.0,1253682.135921563
NH-02,23,2022-04-19,0.0,-4439199.91,0.0,0.0
NJ-07,23,2022-04-19,1066162.264754381,-7712109.87,0.0,1066162.264754381
NM-01,23,2022-04-19,6944275.048340822,-984241.46,0.0,6944275.048340822
NM-02,23,2022-04-19,7849328.76085628,-3328476.67,0.0,7849328.76085628
NV-03,23,2022-04-19,1409295.7123914808,-5249908.4,0.0,1409295.7123914808
NY-03,23,2022-04-19,2775945.455201536,-797511.46,0.0,2775945.455201536
NY-04,23,2022-04-19,2141596.909986782,-1688427.1800000002,0.0,2141596.909986782
NY-17,23,2022-04-19,0.0,-5209246.32,0.0,0.0
NY-18,23,2022-04-19,4353106.100383373,-4657558.01,0.0,4353106.100383373
NY-19,23,2022-04-19,859920.6871250253,-5803117.02,0.0,859920.6871250253
NY-22,23,2022-04-19,1131447.8540733648,-2649482.49,0.0,1131447.8540733648
OH-01,23,2022-04-19,6646076.879849929,-2477926.4899999998,12321.0,6633755.879849929
OH-09,23,2022-04-19,2036670.0374595113,-3348323.36,13412.439999999944,2023257.5974595114
OH-13,23,2022-04-19,4575698.26347032,-2259500.9400000004,28659.409999999683,4547038.85347032
OR-04,23,2022-04-19,10841637.491054924,-2236546.49,0.0,10841637.491054924
OR-05,23,2022-04-19,1236870.0287413793,-3149129.8000000003,0.0,1236870.0287413793
OR-06,23,2022-04-19,2108869.974862826,-3060914.17,0.0,2108869.974862826
PA-01,23,2022-04-19,10673882.948685696,-827485.8300000001,0.0,10673882.948685696
PA-07,23,2022-04-19,2602487.6486503584,-6156978.84,0.0,2602487.6486503584
PA-08,23,2022-04-19,691340.3799239825,-4686487.069999999,0.0,691340.3799239825
PA-17,23,2022-04-19,1.862645149230957e-09,-7086934.68,0.0,1.862645149230957e-09
RI-02,23,2022-04-19,676334.4480509497,-3670794.82,0.0,676334.4480509497
TX-15,23,2022-04-19,13110947.734686952,-2117525.37,0.0,13110947.734686952
TX-28,23,2022-04-19,0.0,-4212255.99,0.0,0.0
VA-02,23,2022-04-19,0.0,-9514307.25,0.0,0.0
VA-07,23,2022-04-19,0.0,-8455334.56,0.0,0.0
WA-08,23,2022-04-19,0.0,-9908247.18,0.0,0.0
WI-01,23,2022-04-19,8897097.955435755,-625035.77,0.0,8897097.955435755
WI-03,23,2022-04-19,11556176.12484481,-1506514.49,0.0,11556176.12484481
AZ-01,24,2022-05-03,9346139.13412663,-2108818.59,0.0,9346139.13412663
AZ-02,24,2022-05-03,5886857.03603437,-3677517.0399999996,0.0,5886857.03603437
AZ-04,24,2022-05-03,0.0,-4613451.930000001,0.0,0.0
CA-09,24,2022-05-03,0.0,-7515030.89,0.0,0.0
CA-13,24,2022-05-03,5354575.969315007,-2171739.15,0.0,5354575.969315007
CA-22,24,2022-05-03,15264832.514366152,-2678674.54,0.0,15264832.514366152
CA-27,24,2022-05-03,12915672.775655806,-3400493.9,5000.0,12910672.775655806
CA-40,24,2022-05-03,12638550.23510341,-3523953.06,0.0,12638550.23510341
CA-45,24,2022-05-03,10045131.84920907,-4308848.12,0.0,10045131.84920907
CA-49,24,2022-05-03,1465598.5893109543,-5121174.71,0.0,1465598.5893109543
CO-07,24,2022-05-03,1560219.3876767773,-2704999.64,0.0,1560219.3876767773
CO-08,24,2022-05-03,1787914.3452404896,-3216162.06,0.0,1787914.3452404896
CT-02,24,2022-05-03,1180107.2131502144,-2196740.7,0.0,1180107.2131502144
CT-05,24,2022-05-03,1026043.8745351126,-2687629.2600000002,0.0,1026043.8745351126
FL-07,24,2022-05-03,5753361.989413224,-267814.3799999999,0.0,5753361.989413224
FL-23,24,2022-05-03,383798.5232815086,-1652034.27,0.0,383798.5232815086
FL-27,24,2022-05-03,12360914.562629158,-939426.46,0.0,12360914.562629158
FL-28,24,2022-05-03,4295213.057159101,-123518.93,0.0,4295213.057159101
IA-03,24,2022-05-03,681482.4167427775,-6164621.33,0.0,681482.4167427775
IL-13,24,2022-05-03,324760.4706059494,-3431832.42,0.0,324760.4706059494
IL-17,24,2022-05-03,8596970.982936999,-2859395.81,0.0,8596970.982936999
KS-03,24,2022-05-03,0.0,-6925070.46,0.0,0.0
MD-06,24,2022-05-03,0.0,-12315876.42,0.0,0.0
ME-02,24,2022-05-03,843097.5827190718,-4903854.880000001,0.0,843097.5827190718
MI-03,24,2022-05-03,7122357.961889853,-3620913.08,0.0,7122357.961889853
MI-07,24,2022-05-03,0.0,-10113221.36,0.0,0.0
MI-08,24,2022-05-03,0.0,-5822793.11,0.0,0.0
MN-02,24,2022-05-03,2119765.5467052907,-7710311.390000001,0.0,2119765.5467052907
NC-01,24,2022-05-03,10240964.026809651,-1409159.35,251382.3899999999,9989581.63680965
NC-13,24,2022-05-03,13495795.87705012,-2752825.4499999997,525540.9100000001,12970254.96705012
NE-02,24,2022-05-03,10351157.49728939,-2414089.85,342774.2999999998,10008383.197289389
NH-01,24,2022-05-03,1104785.3458132483,-4635648.7700000005,0.0,1104785.3458132483
NH-02,24,2022-05-03,0.0,-4439199.91,0.0,0.0
NJ-07,24,2022-05-03,832151.9983135462,-7712109.87,0.0,832151.9983135462
NM-01,24,2022-05-03,6540192.73861278,-984241.46,0.0,6540192.73861278
NM-02,24,2022-05-03,7405634.290565206,-3323476.67,5000.0,7400634.290565206
NV-03,24,2022-05-03,1265731.083694633,-5249908.4,0.0,1265731.083694633
NY-03,24,2022-05-03,2648919.630390978,-797511.46,0.0,2648919.630390978
NY-04,24,2022-05-03,1990555.1510568378,-1688427.1800000002,0.0,1990555.1510568378
NY-17,24,2022-05-03,0.0,-5209246.32,0.0,0.0
NY-18,24,2022-05-03,4003185.2134130467,-4657558.01,0.0,4003185.2134130467
NY-19,24,2022-05-03,682900.9870640142,-5803117.02,0.0,682900.9870640142
NY-22,24,2022-05-03,971945.9723091074,-2649482.49,0.0,971945.9723091074
OH-01,24,2022-05-03,6286910.263941966,-2477926.4899999998,0.0,6286910.263941966
OH-09,24,2022-05-03,1884306.3593495665,-3348323.36,0.0,1884306.3593495665
OH-13,24,2022-05-03,4305334.346758969,-2259500.9400000004,0.0,4305334.346758969
OR-04,24,2022-05-03,10861637.23708389,-1970259.5,266286.9900000002,10595350.24708389
OR-05,24,2022-05-03,1854026.093466729,-1628959.1900000004,1520170.6099999999,333855.48346672906
OR-06,24,2022-05-03,6878369.641029833,-2771487.75,289426.4199999999,6588943.221029833
PA-01,24,2022-05-03,11524708.569553219,-776264.47,51221.3600000001,11473487.20955322
PA-07,24,2022-05-03,2995051.1973333703,-6102892.890000001,54085.949999999255,2940965.247333371
PA-08,24,2022-05-03,2579020.458616441,-4638423.22,48063.84999999963,2530956.6086164415
PA-17,24,2022-05-03,0.0,-7086934.68,0.0,0.0
RI-02,24,2022-05-03,503460.27038200665,-3670794.82,0.0,503460.27038200665
TX-15,24,2022-05-03,12508856.592854911,-2117525.37,0.0,12508856.592854911
TX-28,24,2022-05-03,0.0,-4212255.99,0.0,0.0
VA-02,24,2022-05-03,0.0,-9514307.25,0.0,0.0
VA-07,24,2022-05-03,0.0,-8455334.56,0.0,0.0
WA-08,24,2022-05-03,0.0,-9908247.18,0.0,0.0
WI-01,24,2022-05-03,8520678.047814326,-625035.77,0.0,8520678.047814326
WI-03,24,2022-05-03,11037515.421625156,-1506514.49,0.0,11037515.421625156
AZ-01,25,2022-05-17,9337451.041572489,-2108818.59,0.0,9337451.041572489
AZ-02,25,2022-05-17,5881785.9305582885,-3677517.0399999996,0.0,5881785.9305582885
AZ-04,25,2022-05-17,0.0,-4613451.930000001,0.0,0.0
CA-09,25,2022-05-17,0.0,-7515030.89,0.0,0.0
CA-13,25,2022-05-17,5349119.929331847,-2171739.15,0.0,5349119.929331847
CA-22,25,2022-05-17,15251338.095409604,-2678674.54,0.0,15251338.095409604
CA-27,25,2022-05-17,12903369.347598873,-3400493.9,0.0,12903369.347598873
CA-40,25,2022-05-17,12626603.057747338,-3523953.06,0.0,12626603.057747338
CA-45,25,2022-05-17,10034082.709518332,-4308848.12,0.0,10034082.709518332
CA-49,25,2022-05-17,1463272.225108008,-5121174.71,0.0,1463272.225108008
CO-07,25,2022-05-17,1556592.9622693677,-2704999.64,0.0,1556592.9622693677
CO-08,25,2022-05-17,1784011.5466309758,-3216162.06,0.0,1784011.5466309758
CT-02,25,2022-05-17,1178687.9574451866,-2196740.7,0.0,1178687.9574451866
CT-05,25,2022-05-17,1024312.8773467215,-2687629.2600000002,0.0,1024312.8773467215
FL-07,25,2022-05-17,5749291.886741646,-267814.3799999999,0.0,5749291.886741646
FL-23,25,2022-05-17,382325.6871706259,-1652034.27,0.0,382325.6871706259
FL-27,25,2022-05-17,12350688.932590844,-939426.46,0.0,12350688.932590844
FL-28,25,2022-05-17,4291816.596668908,-123518.93,0.0,4291816.596668908
IA-03,25,2022-05-17,677714.793217863,-6164621.33,0.0,677714.793217863
IL-13,25,2022-05-17,321816.03469380597,-3431832.42,0.0,321816.03469380597
IL-17,25,2022-05-17,8588612.913424302,-2859395.81,0.0,8588612.913424302
KS-03,25,2022-05-17,9.313225746154785e-10,-6925070.46,0.0,9.313225746154785e-10
MD-06,25,2022-05-17,0.0,-12315876.42,0.0,0.0
ME-02,25,2022-05-17,839165.6609595083,-4903854.880000001,0.0,839165.6609595083
MI-03,25,2022-05-17,7114510.724230108,-3620913.08,0.0,7114510.724230108
MI-07,25,2022-05-17,0.0,-10113221.36,0.0,0.0
MI-08,25,2022-05-17,9.313225746154785e-10,-5822793.11,0.0,9.313225746154785e-10
MN-02,25,2022-05-17,2115844.192447221,-7710311.390000001,0.0,2115844.192447221
NC-01,25,2022-05-17,10232108.383140918,-1409159.35,0.0,10232108.383140918
NC-13,25,2022-05-17,13483204.28526245,-2752825.4499999997,0.0,13483204.28526245
NE-02,25,2022-05-17,10341232.492342323,-2414089.85,0.0,10341232.492342323
NH-01,25,2022-05-17,1101826.420184263,-4635648.7700000005,0.0,1101826.420184263
NH-02,25,2022-05-17,0.0,-4439199.91,0.0,0.0
NJ-07,25,2022-05-17,827880.577226799,-7712109.87,0.0,827880.577226799
NM-01,25,2022-05-17,6532982.978347968,-984241.46,0.0,6532982.978347968
NM-02,25,2022-05-17,7397705.881480968,-3323476.67,0.0,7397705.881480968
NV-03,25,2022-05-17,1262989.577979206,-5249908.4,0.0,1262989.577979206
NY-03,25,2022-05-17,2646470.376831869,-797511.46,0.0,2646470.376831869
NY-04,25,2022-05-17,1987899.0896501136,-1688427.1800000002,0.0,1987899.0896501136
NY-17,25,2022-05-17,9.313225746154785e-10,-5209246.32,0.0,9.313225746154785e-10
NY-18,25,2022-05-17,3996798.8684406485,-4657558.01,0.0,3996798.8684406485
NY-19,25,2022-05-17,679598.3102941718,-5803117.02,0.0,679598.3102941718
NY-22,25,2022-05-17,968816.2012906349,-2649482.49,0.0,968816.2012906349
OH-01,25,2022-05-17,6280450.727387514,-2477926.4899999998,0.0,6280450.727387514
OH-09,25,2022-05-17,1881247.527312573,-3348323.36,0.0,1881247.527312573
OH-13,25,2022-05-17,4300467.366624508,-2259500.9400000004,0.0,4300467.366624508
OR-04,25,2022-05-17,10851998.428326719,-1970259.5,0.0,10851998.428326719
OR-05,25,2022-05-17,1851666.495586289,-1628959.1900000004,0.0,1851666.495586289
OR-06,25,2022-05-17,6871073.80323855,-2771487.75,0.0,6871073.80323855
PA-01,25,2022-05-17,11515497.704648314,-776264.47,0.0,11515497.704648314
PA-07,25,2022-05-17,2991022.8563910956,-6102892.890000001,0.0,2991022.8563910956
PA-08,25,2022-05-17,2575056.101428019,-4638423.22,0.0,2575056.101428019
PA-17,25,2022-05-17,0.0,-7086934.68,0.0,0.0
RI-02,25,2022-05-17,500315.23801840656,-3670794.82,0.0,500315.23801840656
TX-15,25,2022-05-17,12498220.806198504,-2042270.52,75254.8500000001,12422965.956198504
TX-28,25,2022-05-17,285940.5474851094,-3353566.69,858689.3000000003,-572748.7525148909
VA-02,25,2022-05-17,0.0,-9514307.25,0.0,0.0
VA-07,25,2022-05-17,0.0,-8455334.56,0.0,0.0
WA-08,25,2022-05-17,0.0,-9908247.18,0.0,0.0
WI-01,25,2022-05-17,8514101.905780908,-625035.77,0.0,8514101.905780908
WI-03,25,2022-05-17,11028172.276419267,-1506514.49,0.0,11028172.276419267
AZ-01,26,2022-05-31,8944152.12468759,-2108818.59,0.0,8944152.12468759
AZ-02,26,2022-05-31,5642633.117917156,-3677517.0399999996,0.0,5642633.117917156
AZ-04,26,2022-05-31,0.0,-4613451.930000001,0.0,0.0
CA-09,26,2022-05-31,1.862645149230957e-09,-7371559.7299999995,143471.16000000015,-143471.1599999983
CA-13,26,2022-05-31,6480233.766446436,-1851851.2399999998,319887.91000000015,6160345.856446436
CA-22,26,2022-05-31,14650224.010539042,-2600457.54,78217.0,14572007.010539042
CA-27,26,2022-05-31,13799369.601233684,-2922217.4699999997,478276.43000000017,13321093.171233684
CA-40,26,2022-05-31,13966172.216492567,-3244608.52,279344.54000000004,13686827.676492568
CA-45,26,2022-05-31,11397564.02767812,-4162304.3000000003,146543.81999999983,11251020.20767812
CA-49,26,2022-05-31,2311674.693572647,-4638770.36,482404.3499999996,1829270.3435726473
CO-07,26,2022-05-31,1411144.5251509128,-2704999.64,0.0,1411144.5251509128
CO-08,26,2022-05-31,1610673.2702629967,-3216162.06,0.0,1610673.2702629967
CT-02,26,2022-05-31,1113318.6458608522,-2196740.7,0.0,1113318.6458608522
CT-05,26,2022-05-31,946314.714134709,-2687629.2600000002,0.0,946314.714134709
FL-07,26,2022-05-31,5559937.302122729,-267814.3799999999,0.0,5559937.302122729
FL-23,26,2022-05-31,315842.2483027787,-1652034.27,0.0,315842.2483027787
FL-27,26,2022-05-31,11877363.564058272,-939426.46,0.0,11877363.564058272
FL-28,26,2022-05-31,4147626.3848928357,-123518.93,0.0,4147626.3848928357
IA-03,26,2022-05-31,2049374.0428796727,-6006377.529999999,158243.80000000075,1891130.242879672
IL-13,26,2022-05-31,185024.925996074,-3431832.42,0.0,185024.925996074
IL-17,26,2022-05-31,8207236.62714237,-2859395.81,0.0,8207236.62714237
KS-03,26,2022-05-31,9.313225746154785e-10,-6925070.46,0.0,9.313225746154785e-10
MD-06,26,2022-05-31,0.0,-12315876.42,0.0,0.0
ME-02,26,2022-05-31,1518796.0121290088,-4657150.800000001,246704.08000000007,1272091.9321290087
MI-03,26,2022-05-31,6754865.323161651,-3620913.08,0.0,6754865.323161651
MI-07,26,2022-05-31,0.0,-10113221.36,0.0,0.0
MI-08,26,2022-05-31,0.0,-5822793.11,0.0,0.0
MN-02,26,2022-05-31,1940787.1560697723,-7710311.390000001,0.0,1940787.1560697723
NC-01,26,2022-05-31,9833744.241902817,-1409159.35,0.0,9833744.241902817
NC-13,26,2022-05-31,12915369.401675466,-2752825.4499999997,0.0,12915369.401675466
NE-02,26,2022-05-31,9887301.009971399,-2414089.85,0.0,9887301.009971399
NH-01,26,2022-05-31,979778.990652022,-4635648.7700000005,0.0,979778.990652022
NH-02,26,2022-05-31,0.0,-4439199.91,0.0,0.0
NJ-07,26,2022-05-31,2511259.047966007,-7391279.63,320830.2400000002,2190428.807966007
NM-01,26,2022-05-31,6202307.424159074,-846374.9100000001,137866.5499999998,6064440.874159074
NM-02,26,2022-05-31,7632984.282737093,-3152316.65,171160.02000000002,7461824.2627370935
NV-03,26,2022-05-31,1861872.5419360679,-5107537.0,142371.40000000037,1719501.1419360675
NY-03,26,2022-05-31,2541364.13438003,-797511.46,0.0,2541364.13438003
NY-04,26,2022-05-31,1864560.4048658032,-1688427.1800000002,0.0,1864560.4048658032
NY-17,26,2022-05-31,0.0,-5209246.32,0.0,0.0
NY-18,26,2022-05-31,3710344.084468495,-4657558.01,0.0,3710344.084468495
NY-19,26,2022-05-31,533796.1281744651,-5803117.02,0.0,533796.1281744651
NY-22,26,2022-05-31,838357.8104774789,-2649482.49,0.0,838357.8104774789
OH-01,26,2022-05-31,6021371.528912883,-2472926.4899999998,5000.0,6016371.528912883
OH-09,26,2022-05-31,1756519.408293495,-3348323.36,0.0,1756519.408293495
OH-13,26,2022-05-31,4078923.854785588,-2259500.9400000004,0.0,4078923.854785588
OR-04,26,2022-05-31,10412896.22101805,-1970259.5,0.0,10412896.22101805
OR-05,26,2022-05-31,1739751.243714396,-1628959.1900000004,0.0,1739751.243714396
OR-06,26,2022-05-31,6536913.825605622,-2771487.75,0.0,6536913.825605622
PA-01,26,2022-05-31,11102857.628636636,-776264.47,0.0,11102857.628636636
PA-07,26,2022-05-31,2801653.1680995086,-6102892.890000001,0.0,2801653.1680995086
PA-08,26,2022-05-31,2393525.7535885135,-4638423.22,0.0,2393525.7535885135
PA-17,26,2022-05-31,0.0,-7086934.68,0.0,0.0
RI-02,26,2022-05-31,358819.9601341123,-3670794.82,0.0,358819.9601341123
TX-15,26,2022-05-31,12005719.24481228,-2042270.52,0.0,12005719.24481228
TX-28,26,2022-05-31,65141.017365136184,-3353566.69,0.0,65141.017365136184
VA-02,26,2022-05-31,0.0,-9514307.25,0.0,0.0
VA-07,26,2022-05-31,0.0,-8455334.56,0.0,0.0
WA-08,26,2022-05-31,0.0,-9908247.18,0.0,0.0
WI-01,26,2022-05-31,8206325.886786054,-625035.77,0.0,8206325.886786054
WI-03,26,2022-05-31,10603373.784149611,-1506514.49,0.0,10603373.784149611
AZ-01,27,2022-06-14,8588532.41985416,-2108818.59,0.0,8588532.41985416
AZ-02,27,2022-06-14,5425351.900801567,-3677517.0399999996,0.0,5425351.900801567
AZ-04,27,2022-06-14,0.0,-4613451.930000001,0.0,0.0
CA-09,27,2022-06-14,0.0,-7371559.7299999995,0.0,0.0
CA-13,27,2022-06-14,6211575.592657799,-1851851.2399999998,0.0,6211575.592657799
CA-22,27,2022-06-14,14105051.7911229,-2600457.54,0.0,14105051.7911229
CA-27,27,2022-06-14,13245891.838203501,-2922117.4699999997,100.0,13245791.838203501
CA-40,27,2022-06-14,13411836.239906173,-3244608.52,0.0,13411836.239906173
CA-45,27,2022-06-14,10888566.07941772,-4162304.3000000003,0.0,10888566.07941772
CA-49,27,2022-06-14,2195091.4263815777,-4638770.36,0.0,2195091.4263815777
CO-07,27,2022-06-14,5643219.217277488,-2510957.68,194041.95999999996,5449177.257277488
CO-08,27,2022-06-14,3621906.108388939,-3028143.0,188019.06000000006,3433887.048388939
CT-02,27,2022-06-14,1053810.093633477,-2196740.7,0.0,1053810.093633477
CT-05,27,2022-06-14,875266.1408046717,-2687629.2600000002,0.0,875266.1408046717
FL-07,27,2022-06-14,5388490.540079597,-267814.3799999999,0.0,5388490.540079597
FL-23,27,2022-06-14,255693.81158682797,-1652034.27,0.0,255693.81158682797
FL-27,27,2022-06-14,11449306.210918292,-939426.46,0.0,11449306.210918292
FL-28,27,2022-06-14,4017135.117562811,-123518.93,0.0,4017135.117562811
IA-03,27,2022-06-14,1879287.0007043201,-6006377.529999999,0.0,1879287.0007043201
IL-13,27,2022-06-14,3568202.4665584504,-3080011.74,351820.6799999997,3216381.7865584507
IL-17,27,2022-06-14,9146131.411918556,-2672936.1999999997,186459.61000000034,8959671.801918555
KS-03,27,2022-06-14,9.313225746154785e-10,-6925070.46,0.0,9.313225746154785e-10
MD-06,27,2022-06-14,0.0,-12315876.42,0.0,0.0
ME-02,27,2022-06-14,1344902.2408624552,-4657150.800000001,0.0,1344902.2408624552
MI-03,27,2022-06-14,6429731.787882247,-3620913.08,0.0,6429731.787882247
MI-07,27,2022-06-14,1.862645149230957e-09,-10113221.36,0.0,1.862645149230957e-09
MI-08,27,2022-06-14,9.313225746154785e-10,-5822793.11,0.0,9.313225746154785e-10
MN-02,27,2022-06-14,1780748.9328657575,-7710311.390000001,0.0,1780748.9328657575
NC-01,27,2022-06-14,9473602.94196362,-1409159.35,0.0,9473602.94196362
NC-13,27,2022-06-14,12399717.110156577,-2752825.4499999997,0.0,12399717.110156577
NE-02,27,2022-06-14,9476924.120474696,-2414089.85,0.0,9476924.120474696
NH-01,27,2022-06-14,867862.1367301289,-4635648.7700000005,0.0,867862.1367301289
NH-02,27,2022-06-14,0.0,-4439199.91,0.0,0.0
NJ-07,27,2022-06-14,2316085.195524685,-7391279.63,0.0,2316085.195524685
NM-01,27,2022-06-14,5903323.47870169,-846374.9100000001,0.0,5903323.47870169
NM-02,27,2022-06-14,7285826.20851001,-3151966.65,350.0,7285476.20851001
NV-03,27,2022-06-14,1747257.413767404,-5107537.0,0.0,1747257.413767404
NY-03,27,2022-06-14,2445303.778867055,-797511.46,0.0,2445303.778867055
NY-04,27,2022-06-14,1752955.7051799456,-1688427.1800000002,0.0,1752955.7051799456
NY-17,27,2022-06-14,0.0,-5209246.32,0.0,0.0
NY-18,27,2022-06-14,3451348.2145920955,-4657558.01,0.0,3451348.2145920955
NY-19,27,2022-06-14,401281.31995350216,-5803117.02,0.0,401281.31995350216
NY-22,27,2022-06-14,720011.2889876566,-2649482.49,0.0,720011.2889876566
OH-01,27,2022-06-14,5761269.293771615,-2472576.4899999998,350.0,5760919.293771615
OH-09,27,2022-06-14,1642715.8780059312,-3348323.36,0.0,1642715.8780059312
OH-13,27,2022-06-14,3878769.676370057,-2259500.9400000004,0.0,3878769.676370057
OR-04,27,2022-06-14,10015782.002596412,-1970259.5,0.0,10015782.002596412
OR-05,27,2022-06-14,1637679.9604289737,-1628959.1900000004,0.0,1637679.9604289737
OR-06,27,2022-06-14,6234785.334299656,-2771487.75,0.0,6234785.334299656
PA-01,27,2022-06-14,10726025.807443496,-776264.47,0.0,10726025.807443496
PA-07,27,2022-06-14,2629462.8904879345,-6041798.890000001,61094.0,2568368.8904879345
PA-08,27,2022-06-14,2228030.294048384,-4638423.22,0.0,2228030.294048384
PA-17,27,2022-06-14,0.0,-7086934.68,0.0,0.0
RI-02,27,2022-06-14,230821.18952505942,-3670794.82,0.0,230821.18952505942
TX-15,27,2022-06-14,11560189.935308704,-2042270.52,0.0,11560189.935308704
TX-28,27,2022-06-14,0.0,-3353566.69,0.0,0.0
VA-02,27,2022-06-14,767373.7995245624,-9030793.42,483513.8300000001,283859.96952456236
VA-07,27,2022-06-14,0.0,-8218662.57,236671.99000000022,-236671.99000000022
WA-08,27,2022-06-14,0.0,-9908247.18,0.0,0.0
WI-01,27,2022-06-14,7927713.573642331,-625035.77,0.0,7927713.573642331
WI-03,27,2022-06-14,10219313.41174853,-1506514.49,0.0,10219313.41174853
AZ-01,28,2022-06-28,8580663.685479883,-2108818.59,0.0,8580663.685479883
AZ-02,28,2022-06-28,5420519.373425057,-3677517.0399999996,0.0,5420519.373425057
AZ-04,28,2022-06-28,0.0,-4613451.930000001,0.0,0.0
CA-09,28,2022-06-28,0.0,-7371559.7299999995,0.0,0.0
CA-13,28,2022-06-28,6205591.236192424,-1851851.2399999998,0.0,6205591.236192424
CA-22,28,2022-06-28,14092954.037838044,-2600457.54,0.0,14092954.037838044
CA-27,28,2022-06-28,13233641.623807821,-2916617.4699999997,5500.0,13228141.623807821
CA-40,28,2022-06-28,13399577.732577685,-3244608.52,0.0,13399577.732577685
CA-45,28,2022-06-28,10877245.082679048,-4162304.3000000003,0.0,10877245.082679048
CA-49,28,2022-06-28,2192330.5596921397,-4638770.36,0.0,2192330.5596921397
CO-07,28,2022-06-28,5637245.44914666,-2510957.68,0.0,5637245.44914666
CO-08,28,2022-06-28,3616922.965772641,-3028143.0,0.0,3616922.965772641
CT-02,28,2022-06-28,1052478.1953734145,-2196740.7,0.0,1052478.1953734145
CT-05,28,2022-06-28,873667.7659879774,-2687629.2600000002,0.0,873667.7659879774
FL-07,28,2022-06-28,5384655.810889784,-267814.3799999999,0.0,5384655.810889784
FL-23,28,2022-06-28,254354.54465682432,-1652034.27,0.0,254354.54465682432
FL-27,28,2022-06-28,11439747.266309705,-939426.46,0.0,11439747.266309705
FL-28,28,2022-06-28,4014266.373392999,-123518.93,0.0,4014266.373392999
IA-03,28,2022-06-28,1875496.6525208186,-6006377.529999999,0.0,1875496.6525208186
IL-13,28,2022-06-28,3563023.4610726046,-3080011.74,0.0,3563023.4610726046
IL-17,28,2022-06-28,9137561.394339997,-2672936.1999999997,0.0,9137561.394339997
KS-03,28,2022-06-28,9.313225746154785e-10,-6925070.46,0.0,9.313225746154785e-10
MD-06,28,2022-06-28,0.0,-12315876.42,0.0,0.0
ME-02,28,2022-06-28,1415953.3612321615,-4657150.800000001,0.0,1415953.3612321615
MI-03,28,2022-06-28,6422492.667622303,-3620913.08,0.0,6422492.667622303
MI-07,28,2022-06-28,0.0,-10113221.36,0.0,0.0
MI-08,28,2022-06-28,0.0,-5822793.11,0.0,0.0
MN-02,28,2022-06-28,1777228.8027122784,-7710311.390000001,0.0,1777228.8027122784
NC-01,28,2022-06-28,9465649.285187956,-1409159.35,0.0,9465649.285187956
NC-13,28,2022-06-28,12416869.879018277,-2752825.4499999997,0.0,12416869.879018277
NE-02,28,2022-06-28,9467823.338984095,-2414089.85,0.0,9467823.338984095
NH-01,28,2022-06-28,865286.9810915841,-4635648.7700000005,0.0,865286.9810915841
NH-02,28,2022-06-28,0.0,-4439199.91,0.0,0.0
NJ-07,28,2022-06-28,2338152.1946070157,-7391279.63,0.0,2338152.1946070157
NM-01,28,2022-06-28,5896655.35837956,-846374.9100000001,0.0,5896655.35837956
NM-02,28,2022-06-28,7354837.3082052525,-3150116.65,1850.0,7352987.3082052525
NV-03,28,2022-06-28,1744606.9256015671,-5107537.0,0.0,1744606.9256015671
NY-03,28,2022-06-28,2443185.088984813,-797511.46,0.0,2443185.088984813
NY-04,28,2022-06-28,1750334.8336383142,-1688427.1800000002,0.0,1750334.8336383142
NY-17,28,2022-06-28,0.0,-5209246.32,0.0,0.0
NY-18,28,2022-06-28,3445598.1799521074,-4657558.01,0.0,3445598.1799521074
NY-19,28,2022-06-28,398384.467704298,-5803117.02,0.0,398384.467704298
NY-22,28,2022-06-28,717361.7516400693,-2649482.49,0.0,717361.7516400693
OH-01,28,2022-06-28,5755331.804247022,-2472576.4899999998,0.0,5755331.804247022
OH-09,28,2022-06-28,1640059.9706451828,-3348323.36,0.0,1640059.9706451828
OH-13,28,2022-06-28,3874320.8504615803,-2259500.9400000004,0.0,3874320.8504615803
OR-04,28,2022-06-28,10006975.476525186,-1970259.5,0.0,10006975.476525186
OR-05,28,2022-06-28,1635055.1454693275,-1628959.1900000004,0.0,1635055.1454693275
OR-06,28,2022-06-28,6228053.963989895,-2771487.75,0.0,6228053.963989895
PA-01,28,2022-06-28,10717693.73526619,-776264.47,0.0,10717693.73526619
PA-07,28,2022-06-28,2625604.8233589,-6041798.890000001,0.0,2625604.8233589
PA-08,28,2022-06-28,2298457.129377325,-4638423.22,0.0,2298457.129377325
PA-17,28,2022-06-28,1.862645149230957e-09,-7086934.68,0.0,1.862645149230957e-09
RI-02,28,2022-06-28,227986.10330670606,-3670794.82,0.0,227986.10330670606
TX-15,28,2022-06-28,11550243.620692685,-2042270.52,0.0,11550243.620692685
TX-28,28,2022-06-28,0.0,-3353566.69,0.0,0.0
VA-02,28,2022-06-28,762735.5305980183,-9030793.42,0.0,762735.5305980183
VA-07,28,2022-06-28,0.0,-8218662.57,0.0,0.0
WA-08,28,2022-06-28,1.862645149230957e-09,-9908247.18,0.0,1.862645149230957e-09
WI-01,28,2022-06-28,7921481.617131661,-625035.77,0.0,7921481.617131661
WI-03,28,2022-06-28,10210796.923213169,-1506514.49,0.0,10210796.923213169
AZ-01,29,2022-07-12,11864127.286358837,-1934112.1300000001,174706.45999999973,11689420.826358838
AZ-02,29,2022-07-12,6117664.617229531,-3487010.2899999996,190506.75,5927157.867229531
AZ-04,29,2022-07-12,347917.4371598074,-4412204.46,201247.47000000067,146669.96715980675
CA-09,29,2022-07-12,1.862645149230957e-09,-7166829.63,204730.09999999963,-204730.09999999776
CA-13,29,2022-07-12,6052992.837039532,-1690516.38,161334.85999999987,5891657.977039533
CA-22,29,2022-07-12,12256835.950856041,-2520805.21,79652.33000000007,12177183.620856041
CA-27,29,2022-07-12,11814141.041784942,-2807409.6399999997,109207.83000000007,11704933.211784942
CA-40,29,2022-07-12,13742432.636626408,-2674418.4699999997,570190.0500000003,13172242.586626407
CA-45,29,2022-07-12,10095271.123736031,-4057760.6300000004,104543.66999999993,9990727.453736031
CA-49,29,2022-07-12,2532408.261079424,-4398781.91,239988.4500000002,2292419.811079424
CO-07,29,2022-07-12,5796368.786832351,-2428803.56,82154.12000000011,5714214.666832351
CO-08,29,2022-07-12,3193598.281279807,-3000226.02,27916.97999999998,3165681.301279807
CT-02,29,2022-07-12,1080765.9751085318,-2056884.03,139856.67000000016,940909.3051085316
CT-05,29,2022-07-12,859960.5842592902,-2454183.75,233445.51000000024,626515.07425929
FL-07,29,2022-07-12,6577819.8484328035,-218113.96999999997,49700.409999999916,6528119.438432803
FL-23,29,2022-07-12,373707.4236140915,-1180164.78,471869.49,-98162.06638590852
FL-27,29,2022-07-12,10772322.316566657,-608681.47,330744.99,10441577.326566657
FL-28,29,2022-07-12,3492937.405784986,-113078.93,10440.0,3482497.405784986
IA-03,29,2022-07-12,1781665.6578782573,-5359216.1899999995,647161.3399999999,1134504.3178782575
IL-13,29,2022-07-12,3076236.4921738706,-2759259.81,320751.93000000017,2755484.5621738704
IL-17,29,2022-07-12,7795131.389865236,-2499066.73,173869.46999999974,7621261.919865237
KS-03,29,2022-07-12,384072.98102918733,-6512369.76,412700.7000000002,-28627.718970812857
MD-06,29,2022-07-12,1.862645149230957e-09,-10917590.11,1398286.3100000005,-1398286.3099999987
ME-02,29,2022-07-12,1149399.423731245,-4494899.640000001,162251.16000000015,987148.263731245
MI-03,29,2022-07-12,7807691.59033575,-3410048.12,210864.95999999996,7596826.63033575
MI-07,29,2022-07-12,0.0,-9555200.93,558020.4299999997,-558020.4299999997
MI-08,29,2022-07-12,1335250.740011516,-5380870.74,441922.3700000001,893328.3700115159
MN-02,29,2022-07-12,1898129.0241943412,-7339393.45,370917.9400000004,1527211.0841943407
NC-01,29,2022-07-12,8482216.909755316,-1061464.73,347694.6200000001,8134522.2897553155
NC-13,29,2022-07-12,11717158.988133263,-2319795.9299999997,433029.52,11284129.468133263
NE-02,29,2022-07-12,8831175.857971318,-2153415.46,260674.39000000013,8570501.467971317
NH-01,29,2022-07-12,1303630.6234525954,-4376964.99,258683.78000000026,1044946.8434525952
NH-02,29,2022-07-12,0.0,-4262506.17,176693.74000000022,-176693.74000000022
NJ-07,29,2022-07-12,2367907.149450168,-7251462.27,139817.36000000034,2228089.7894501677
NM-01,29,2022-07-12,4776660.368613251,-758280.8500000001,88094.06000000006,4688566.30861325
NM-02,29,2022-07-12,6754153.421868192,-3000772.2699999996,149344.38000000035,6604809.041868191
NV-03,29,2022-07-12,1458258.3350878302,-4474320.07,633216.9299999997,825041.4050878305
NY-03,29,2022-07-12,2453023.8377655284,-360555.6799999997,436955.78000000026,2016068.057765528
NY-04,29,2022-07-12,1680297.0507013602,-1558647.82,129779.3600000001,1550517.69070136
NY-17,29,2022-07-12,0.0,-4834208.890000001,375037.4299999997,-375037.4299999997
NY-18,29,2022-07-12,3967095.850692639,-4158080.01,499478.0,3467617.850692639
NY-19,29,2022-07-12,710369.4706606036,155707.04000000004,5958824.06,-5248454.589339396
NY-22,29,2022-07-12,326953.3874820913,-2418392.91,231089.58000000007,95863.80748209124
OH-01,29,2022-07-12,5548303.060970524,-2322178.3499999996,150398.14000000013,5397904.920970524
OH-09,29,2022-07-12,1852550.284817664,-2914610.11,433713.25,1418837.034817664
OH-13,29,2022-07-12,5200395.656335589,-2097886.2800000003,161614.66000000015,5038780.996335588
OR-04,29,2022-07-12,9540142.098676488,-1636902.6900000002,333356.8099999998,9206785.288676487
OR-05,29,2022-07-12,1901199.3891388597,25583.03000000026,1654542.2200000007,246657.16913885903
OR-06,29,2022-07-12,7069580.461010536,-2349333.73,422154.02,6647426.441010537
PA-01,29,2022-07-12,9935784.703280408,-679107.13,97157.33999999997,9838627.363280408
PA-07,29,2022-07-12,2811414.9745574268,-5822223.0600000005,219575.83000000007,2591839.1445574267
PA-08,29,2022-07-12,3120410.7942395536,-4450727.33,187695.88999999966,2932714.904239554
PA-17,29,2022-07-12,107201.65336673893,-7086934.68,0.0,107201.65336673893
RI-02,29,2022-07-12,1223733.6582124643,-3370012.69,300782.1299999999,922951.5282124644
TX-15,29,2022-07-12,10644819.385374442,-1784176.02,258094.5,10386724.885374442
TX-28,29,2022-07-12,417488.5843884107,-245377.08999999985,3108189.6,-2690701.0156115894
VA-02,29,2022-07-12,1023606.8000058066,-8812905.1,217888.3200000003,805718.4800058063
VA-07,29,2022-07-12,0.0,-8045991.7700000005,172670.7999999998,-172670.7999999998
WA-08,29,2022-07-12,0.0,-9349436.19,558810.9900000002,-558810.9900000002
WI-01,29,2022-07-12,7381681.595287173,-533149.4199999999,91886.3500000001,7289795.2452871725
WI-03,29,2022-07-12,9421096.865735337,-1357750.21,148764.28000000003,9272332.585735338
AZ-01,30,2022-07-26,12341372.87419469,-1861137.52,72974.6100000001,12268398.26419469
AZ-02,30,2022-07-26,6467677.274253368,-3462533.2299999995,24477.060000000056,6443200.214253368
AZ-04,30,2022-07-26,1065740.1644473579,-4385162.32,27042.139999999665,1038698.0244473582
CA-09,30,2022-07-26,0.0,-7166829.63,0.0,0.0
CA-13,30,2022-07-26,5958455.782259731,-1690516.38,0.0,5958455.782259731
CA-22,30,2022-07-26,12082561.659883479,-2520805.21,0.0,12082561.659883479
CA-27,30,2022-07-26,11631711.282746993,-2807409.6399999997,0.0,11631711.282746993
CA-40,30,2022-07-26,13536875.080677032,-2674418.4699999997,0.0,13536875.080677032
CA-45,30,2022-07-26,9921448.242100134,-4057760.6300000004,0.0,9921448.242100134
CA-49,30,2022-07-26,2488732.6357285054,-4398781.91,0.0,2488732.6357285054
CO-07,30,2022-07-26,5698272.970102193,-2428803.56,0.0,5698272.970102193
CO-08,30,2022-07-26,3117781.771448602,-3000226.02,0.0,3117781.771448602
CT-02,30,2022-07-26,1115653.960085027,-2056884.03,0.0,1115653.960085027
CT-05,30,2022-07-26,836364.8214071142,-2454183.75,0.0,836364.8214071142
FL-07,30,2022-07-26,6506425.623315165,-218113.96999999997,0.0,6506425.623315165
FL-23,30,2022-07-26,350937.66345821484,-1180164.78,0.0,350937.66345821484
FL-27,30,2022-07-26,10625928.310039511,-608681.47,0.0,10625928.310039511
FL-28,30,2022-07-26,3452264.9031921206,-113078.93,0.0,3452264.9031921206
IA-03,30,2022-07-26,1724510.9809394106,-5359216.1899999995,0.0,1724510.9809394106
IL-13,30,2022-07-26,2997974.8259974527,-2759259.81,0.0,2997974.8259974527
IL-17,30,2022-07-26,7672166.864320934,-2499066.73,0.0,7672166.864320934
KS-03,30,2022-07-26,536538.7209537616,-6453391.02,58978.74000000022,477559.9809537614
MD-06,30,2022-07-26,0.0,-10917590.11,0.0,0.0
ME-02,30,2022-07-26,1091462.0421993285,-4494899.640000001,0.0,1091462.0421993285
MI-03,30,2022-07-26,9134510.434020855,-3376657.25,33390.87000000011,9101119.564020853
MI-07,30,2022-07-26,0.0,-9442726.75,112474.1799999997,-112474.1799999997
MI-08,30,2022-07-26,1689527.9756616754,-5018894.57,361976.1699999999,1327551.8056616755
MN-02,30,2022-07-26,1977163.7280532792,-7132441.59,206951.86000000034,1770211.868053279
NC-01,30,2022-07-26,8364287.364616237,-1061464.73,0.0,8364287.364616237
NC-13,30,2022-07-26,11566871.620832995,-2319795.9299999997,0.0,11566871.620832995
NE-02,30,2022-07-26,8743732.425391942,-2153415.46,0.0,8743732.425391942
NH-01,30,2022-07-26,1264932.7860660888,-4376964.99,0.0,1264932.7860660888
NH-02,30,2022-07-26,0.0,-4262506.17,0.0,0.0
NJ-07,30,2022-07-26,2300881.2609527633,-7251462.27,0.0,2300881.2609527633
NM-01,30,2022-07-26,4682311.708300246,-758280.8500000001,0.0,4682311.708300246
NM-02,30,2022-07-26,6727881.26777198,-3000772.2699999996,0.0,6727881.26777198
NV-03,30,2022-07-26,1420963.3706639875,-4474267.23,52.83999999985099,1420910.5306639876
NY-03,30,2022-07-26,2418790.073445978,-360555.6799999997,0.0,2418790.073445978
NY-04,30,2022-07-26,1641271.8396971375,-1558647.82,0.0,1641271.8396971375
NY-17,30,2022-07-26,0.0,-4834208.890000001,0.0,0.0
NY-18,30,2022-07-26,3868175.850969095,-4158080.01,0.0,3868175.850969095
NY-19,30,2022-07-26,664959.613149506,155707.04000000004,0.0,664959.613149506
NY-22,30,2022-07-26,289046.8177066138,-2418392.91,0.0,289046.8177066138
OH-01,30,2022-07-26,5454864.146952681,-2322178.3499999996,0.0,5454864.146952681
OH-09,30,2022-07-26,1813539.333193142,-2914610.11,0.0,1813539.333193142
OH-13,30,2022-07-26,5119077.2123980895,-2097886.2800000003,0.0,5119077.2123980895
OR-04,30,2022-07-26,9402970.247614117,-1636902.6900000002,0.0,9402970.247614117
OR-05,30,2022-07-26,1864701.455456662,25583.03000000026,0.0,1864701.455456662
OR-06,30,2022-07-26,6951769.086610785,-2349333.73,0.0,6951769.086610785
PA-01,30,2022-07-26,9808999.022564482,-679107.13,0.0,9808999.022564482
PA-07,30,2022-07-26,2751335.600026815,-5822223.0600000005,0.0,2751335.600026815
PA-08,30,2022-07-26,3127728.2239928665,-4449607.33,1120.0,3126608.2239928665
PA-17,30,2022-07-26,65654.77090644836,-7086934.68,0.0,65654.77090644836
RI-02,30,2022-07-26,1166833.6430249056,-3370012.69,0.0,1166833.6430249056
TX-15,30,2022-07-26,10495069.985172762,-1784176.02,0.0,10495069.985172762
TX-28,30,2022-07-26,339844.094791973,-245377.08999999985,0.0,339844.094791973
VA-02,30,2022-07-26,952674.2485828362,-8531960.1,280945.0,671729.2485828362
VA-07,30,2022-07-26,0.0,-7622281.550000001,423710.21999999974,-423710.21999999974
WA-08,30,2022-07-26,0.0,-8664309.84,685126.3499999996,-685126.3499999996
WI-01,30,2022-07-26,7464601.118992965,-502833.52999999997,30315.889999999956,7434285.228992965
WI-03,30,2022-07-26,9471331.548667986,-1255783.9700000002,101966.23999999976,9369365.308667986
AZ-01,31,2022-08-09,12029093.020373777,-1861137.52,0.0,12029093.020373777
AZ-02,31,2022-08-09,6315382.723493049,-3462533.2299999995,0.0,6315382.723493049
AZ-04,31,2022-08-09,1007335.1949887769,-4385162.32,0.0,1007335.1949887769
CA-09,31,2022-08-09,0.0,-7166829.63,0.0,0.0
CA-13,31,2022-08-09,5791219.921245139,-1690516.38,0.0,5791219.921245139
CA-22,31,2022-08-09,11774127.249476172,-2520805.21,0.0,11774127.249476172
CA-27,31,2022-08-09,11308906.160455495,-2807409.6399999997,0.0,11308906.160455495
CA-40,31,2022-08-09,13195969.618280478,-2674418.4699999997,0.0,13195969.618280478
CA-45,31,2022-08-09,9673973.109367505,-4057760.6300000004,0.0,9673973.109367505
CA-49,31,2022-08-09,2411025.552146307,-4398781.91,0.0,2411025.552146307
CO-07,31,2022-08-09,5524700.495509887,-2428803.56,0.0,5524700.495509887
CO-08,31,2022-08-09,2983462.5407651337,-3000226.02,0.0,2983462.5407651337
CT-02,31,2022-08-09,1079932.2460240652,-2056884.03,0.0,1079932.2460240652
CT-05,31,2022-08-09,794484.5144628296,-2454183.75,0.0,794484.5144628296
FL-07,31,2022-08-09,6220549.048258286,-218113.96999999997,0.0,6220549.048258286
FL-23,31,2022-08-09,1336061.3554840602,-705254.01,474910.77,861150.5854840602
FL-27,31,2022-08-09,10523917.04046488,-283293.57999999984,325387.89000000013,10198529.15046488
FL-28,31,2022-08-09,3304489.8758510286,-113078.93,0.0,3304489.8758510286
IA-03,31,2022-08-09,1623144.3289815634,-5359216.1899999995,0.0,1623144.3289815634
IL-13,31,2022-08-09,2859352.121661238,-2759259.81,0.0,2859352.121661238
IL-17,31,2022-08-09,7454579.9439022,-2499066.73,0.0,7454579.9439022
KS-03,31,2022-08-09,438401.65749148,-6453391.02,0.0,438401.65749148
MD-06,31,2022-08-09,0.0,-10917590.11,0.0,0.0
ME-02,31,2022-08-09,988859.1635754518,-4494899.640000001,0.0,988859.1635754518
MI-03,31,2022-08-09,8867711.285291456,-3376657.25,0.0,8867711.285291456
MI-07,31,2022-08-09,0.0,-9442726.75,0.0,0.0
MI-08,31,2022-08-09,1606753.9300280772,-5018894.57,0.0,1606753.9300280772
MN-02,31,2022-08-09,1877365.9279359914,-7132441.59,0.0,1877365.9279359914
NC-01,31,2022-08-09,8155752.04083187,-1061464.73,0.0,8155752.04083187
NC-13,31,2022-08-09,11283989.786845613,-2319795.9299999997,0.0,11283989.786845613
NE-02,31,2022-08-09,8494637.723459736,-2153415.46,0.0,8494637.723459736
NH-01,31,2022-08-09,1196125.7911760649,-4376964.99,0.0,1196125.7911760649
NH-02,31,2022-08-09,0.0,-4262506.17,0.0,0.0
NJ-07,31,2022-08-09,2181801.03510081,-7251462.27,0.0,2181801.03510081
NM-01,31,2022-08-09,4515368.613400547,-758280.8500000001,0.0,4515368.613400547
NM-02,31,2022-08-09,6623884.7033472005,-2990772.2699999996,10000.0,6613884.7033472005
NV-03,31,2022-08-09,1352946.598727337,-4463323.670000001,10943.55999999959,1342003.0387273375
NY-03,31,2022-08-09,2615779.179069041,-360555.6799999997,0.0,2615779.179069041
NY-04,31,2022-08-09,2354449.640168726,-1262506.1800000002,296141.6399999999,2058308.000168726
NY-17,31,2022-08-09,0.0,-4249773.7700000005,584435.1200000001,-584435.1200000001
NY-18,31,2022-08-09,4118840.8682038356,-3365019.2199999997,793060.79,3325780.0782038355
NY-19,31,2022-08-09,1872321.7657903535,155707.04000000004,0.0,1872321.7657903535
NY-22,31,2022-08-09,4165301.655713636,-2185214.43,233178.47999999998,3932123.175713636
OH-01,31,2022-08-09,5289527.84732593,-2314678.3499999996,7500.0,5282027.84732593
OH-09,31,2022-08-09,1743997.8586011957,-2914610.11,0.0,1743997.8586011957
OH-13,31,2022-08-09,4965336.878630847,-2097886.2800000003,0.0,4965336.878630847
OR-04,31,2022-08-09,9160340.716602264,-1636902.6900000002,0.0,9160340.716602264
OR-05,31,2022-08-09,1799946.7779306304,25583.03000000026,0.0,1799946.7779306304
OR-06,31,2022-08-09,6743243.420999331,-2349333.73,0.0,6743243.420999331
PA-01,31,2022-08-09,9584733.334789451,-679107.13,0.0,9584733.334789451
PA-07,31,2022-08-09,2644728.072033382,-5822223.0600000005,0.0,2644728.072033382
PA-08,31,2022-08-09,3099261.283320536,-4449607.33,0.0,3099261.283320536
PA-17,31,2022-08-09,0.0,-7086934.68,0.0,0.0
RI-02,31,2022-08-09,1066179.4346808428,-3370012.69,0.0,1066179.4346808428
TX-15,31,2022-08-09,10511097.073981145,-1784176.02,0.0,10511097.073981145
TX-28,31,2022-08-09,202341.827304638,-245377.08999999985,0.0,202341.827304638
VA-02,31,2022-08-09,959127.5419864189,-8531960.1,0.0,959127.5419864189
VA-07,31,2022-08-09,0.0,-7622281.550000001,0.0,0.0
WA-08,31,2022-08-09,1.862645149230957e-09,-8664309.84,0.0,1.862645149230957e-09
WI-01,31,2022-08-09,7294747.71435711,-502833.52999999997,0.0,7294747.71435711
WI-03,31,2022-08-09,9240553.120107105,-1255783.9700000002,0.0,9240553.120107105
AZ-01,32,2022-08-23,11944251.187582016,-1861137.52,0.0,11944251.187582016
AZ-02,32,2022-08-23,6273935.670583975,-3462533.2299999995,0.0,6273935.670583975
AZ-04,32,2022-08-23,991237.0360854957,-4385162.32,0.0,991237.0360854957
CA-09,32,2022-08-23,1.862645149230957e-09,-7166829.63,0.0,1.862645149230957e-09
CA-13,32,2022-08-23,5766457.093695076,-1690516.38,0.0,5766457.093695076
CA-22,32,2022-08-23,11690330.182052782,-2520805.21,0.0,11690330.182052782
CA-27,32,2022-08-23,11221225.781220559,-2807409.6399999997,0.0,11221225.781220559
CA-40,32,2022-08-23,13097158.999936141,-2674418.4699999997,0.0,13097158.999936141
CA-45,32,2022-08-23,9590024.833049968,-4057760.6300000004,0.0,9590024.833049968
CA-49,32,2022-08-23,2389829.3417359916,-4398781.91,0.0,2389829.3417359916
CO-07,32,2022-08-23,5477541.620969376,-2428803.56,0.0,5477541.620969376
CO-08,32,2022-08-23,2946963.936671991,-3000226.02,0.0,2946963.936671991
CT-02,32,2022-08-23,1070191.4646163085,-2056884.03,0.0,1070191.4646163085
CT-05,32,2022-08-23,783067.1103237709,-2453889.6300000004,294.1199999996461,782772.9903237713
FL-07,32,2022-08-23,6188373.544022711,-218113.96999999997,0.0,6188373.544022711
FL-23,32,2022-08-23,1319404.902473124,-705254.01,0.0,1319404.902473124
FL-27,32,2022-08-23,10452586.150031978,-283293.57999999984,0.0,10452586.150031978
FL-28,32,2022-08-23,3285363.8320686975,-113078.93,0.0,3285363.8320686975
IA-03,32,2022-08-23,1595532.8117901143,-5359216.1899999995,0.0,1595532.8117901143
IL-13,32,2022-08-23,2821685.213390676,-2759259.81,0.0,2821685.213390676
IL-17,32,2022-08-23,7395460.50958962,-2499066.73,0.0,7395460.50958962
KS-03,32,2022-08-23,411666.61617567856,-6453391.02,0.0,411666.61617567856
MD-06,32,2022-08-23,0.0,-10917590.11,0.0,0.0
ME-02,32,2022-08-23,960942.5564244045,-4494899.640000001,0.0,960942.5564244045
MI-03,32,2022-08-23,8795253.903316438,-3376657.25,0.0,8795253.903316438
MI-07,32,2022-08-23,0.0,-9442726.75,0.0,0.0
MI-08,32,2022-08-23,1584210.7320693163,-4753933.87,264960.7000000002,1319250.0320693161
MN-02,32,2022-08-23,1850149.5940968953,-7132441.59,0.0,1850149.5940968953
NC-01,32,2022-08-23,8099087.738878536,-1061464.73,0.0,8099087.738878536
NC-13,32,2022-08-23,11199074.731992096,-2319795.9299999997,0.0,11199074.731992096
NE-02,32,2022-08-23,8426973.538987331,-2153415.46,0.0,8426973.538987331
NH-01,32,2022-08-23,1177366.988412097,-4376964.99,0.0,1177366.988412097
NH-02,32,2022-08-23,1.862645149230957e-09,-4262506.17,0.0,1.862645149230957e-09
NJ-07,32,2022-08-23,2149349.588663738,-7251462.27,0.0,2149349.588663738
NM-01,32,2022-08-23,4470007.61469434,-758280.8500000001,0.0,4470007.61469434
NM-02,32,2022-08-23,7232239.787702018,-2990478.15,294.1199999996461,7231945.667702019
NV-03,32,2022-08-23,2939374.2153494544,-4445804.28,17519.390000000596,2921854.825349454
NY-03,32,2022-08-23,2598111.2464200803,-360555.6799999997,0.0,2598111.2464200803
NY-04,32,2022-08-23,2331307.586852294,-1262506.1800000002,0.0,2331307.586852294
NY-17,32,2022-08-23,0.0,-4249773.7700000005,0.0,0.0
NY-18,32,2022-08-23,4068829.2485684734,-3365019.2199999997,0.0,4068829.2485684734
NY-19,32,2022-08-23,1847862.4674667986,155707.04000000004,0.0,1847862.4674667986
NY-22,32,2022-08-23,4124793.6263774983,-2185214.43,0.0,4124793.6263774983
OH-01,32,2022-08-23,5244609.678304041,-2314678.3499999996,0.0,5244609.678304041
OH-09,32,2022-08-23,1725088.8296812233,-2903945.42,10664.689999999944,1714424.1396812233
OH-13,32,2022-08-23,4923572.830561554,-2097886.2800000003,0.0,4923572.830561554
OR-04,32,2022-08-23,9094411.71691353,-1636902.6900000002,0.0,9094411.71691353
OR-05,32,2022-08-23,1782366.0500081573,25583.03000000026,0.0,1782366.0500081573
OR-06,32,2022-08-23,6686589.321627479,-2349333.73,0.0,6686589.321627479
PA-01,32,2022-08-23,9523816.161198365,-679107.13,0.0,9523816.161198365
PA-07,32,2022-08-23,2615681.574903113,-5821752.47,470.5900000007823,2615210.984903112
PA-08,32,2022-08-23,3071537.6221806956,-4449607.33,0.0,3071537.6221806956
PA-17,32,2022-08-23,0.0,-7086934.68,0.0,0.0
RI-02,32,2022-08-23,1038821.7119725794,-3370012.69,0.0,1038821.7119725794
TX-15,32,2022-08-23,10437387.072616687,-1784176.02,0.0,10437387.072616687
TX-28,32,2022-08-23,165029.20736539084,-245377.08999999985,0.0,165029.20736539084
VA-02,32,2022-08-23,924558.5533684157,-8531960.1,0.0,924558.5533684157
VA-07,32,2022-08-23,0.0,-7622281.550000001,0.0,0.0
WA-08,32,2022-08-23,0.0,-8664309.84,0.0,0.0
WI-01,32,2022-08-23,7248623.495672008,-502833.52999999997,0.0,7248623.495672008
WI-03,32,2022-08-23,9177843.499288913,-1255783.9700000002,0.0,9177843.499288913
AZ-01,33,2022-09-06,11564060.456983268,-1861137.52,0.0,11564060.456983268
AZ-02,33,2022-09-06,7735358.946950642,-3462533.2299999995,0.0,7735358.946950642
AZ-04,33,2022-09-06,919084.3450366668,-4385162.32,0.0,919084.3450366668
CA-09,33,2022-09-06,0.0,-7166829.63,0.0,0.0
CA-13,33,2022-09-06,5562280.656111019,-1690516.38,0.0,5562280.656111019
CA-22,33,2022-09-06,11314806.840702346,-1272770.1500000001,1248035.0599999998,10066771.780702345
CA-27,33,2022-09-06,10828424.987926558,-2807409.6399999997,0.0,10828424.987926558
CA-40,33,2022-09-06,12654817.231962055,-2674418.4699999997,0.0,12654817.231962055
CA-45,33,2022-09-06,9213914.4101635,-4057760.6300000004,0.0,9213914.4101635
CA-49,33,2022-09-06,2294553.348093518,-4398781.91,0.0,2294553.348093518
CO-07,33,2022-09-06,5266365.390692707,-2428803.56,0.0,5266365.390692707
CO-08,33,2022-09-06,2803795.008573775,-3000226.02,0.0,2803795.008573775
CT-02,33,2022-09-06,1026386.158737266,-2056884.03,0.0,1026386.158737266
CT-05,33,2022-09-06,731732.3643152514,-1421941.9100000001,1031947.7200000002,-300215.35568474885
FL-07,33,2022-09-06,6043943.476233775,-218113.96999999997,0.0,6043943.476233775
FL-23,33,2022-09-06,1244839.2555632454,-705254.01,0.0,1244839.2555632454
FL-27,33,2022-09-06,10447752.240361871,-283293.57999999984,0.0,10447752.240361871
FL-28,33,2022-09-06,3199750.222635095,-113078.93,0.0,3199750.222635095
IA-03,33,2022-09-06,2703238.5662252437,-5359216.1899999995,0.0,2703238.5662252437
IL-13,33,2022-09-06,2652930.14580615,-2759259.81,0.0,2652930.14580615
IL-17,33,2022-09-06,7130592.8332312815,-2499066.73,0.0,7130592.8332312815
KS-03,33,2022-09-06,291581.08845558483,-6453391.02,0.0,291581.08845558483
MD-06,33,2022-09-06,0.0,-10917590.11,0.0,0.0
ME-02,33,2022-09-06,835781.9455170557,-4494899.640000001,0.0,835781.9455170557
MI-03,33,2022-09-06,8470650.624589115,-3009551.25,367106.0,8103544.624589115
MI-07,33,2022-09-06,3648135.243744986,-8322389.47,1120337.2800000003,2527797.963744986
MI-08,33,2022-09-06,1482760.1407079445,-4450649.890000001,303283.9799999995,1179476.160707945
MN-02,33,2022-09-06,1727843.6752762552,-7132441.59,0.0,1727843.6752762552
NC-01,33,2022-09-06,7858329.829916525,-1061464.73,0.0,7858329.829916525
NC-13,33,2022-09-06,10817260.81312893,-2319795.9299999997,0.0,10817260.81312893
NE-02,33,2022-09-06,8123773.837596896,-1896701.46,256714.0,7867059.837596896
NH-01,33,2022-09-06,1859506.4787251297,-4041992.29,334972.7000000002,1524533.7787251296
NH-02,33,2022-09-06,0.0,-3878776.0100000002,383730.1599999997,-383730.1599999997
NJ-07,33,2022-09-06,2003380.3122927882,-7251462.27,0.0,2003380.3122927882
NM-01,33,2022-09-06,4266990.17882208,-758280.8500000001,0.0,4266990.17882208
NM-02,33,2022-09-06,7504020.106576411,-2664462.76,326015.39000000013,7178004.71657641
NV-03,33,2022-09-06,3129496.562771773,-4422391.300000001,23412.979999999516,3106083.5827717735
NY-03,33,2022-09-06,2518653.7632488725,-360555.6799999997,0.0,2518653.7632488725
NY-04,33,2022-09-06,2227505.0636943043,-1262506.1800000002,0.0,2227505.0636943043
NY-17,33,2022-09-06,0.0,-4249773.7700000005,0.0,0.0
NY-18,33,2022-09-06,3844901.0102764126,-2955924.0,409095.21999999974,3435805.790276413
NY-19,33,2022-09-06,1737982.3051072368,155707.04000000004,0.0,1737982.3051072368
NY-22,33,2022-09-06,3943425.960215598,-2185214.43,0.0,3943425.960215598
OH-01,33,2022-09-06,5142140.98336467,-2314678.3499999996,0.0,5142140.98336467
OH-09,33,2022-09-06,1641839.4523955174,-2891865.42,12080.0,1629759.4523955174
OH-13,33,2022-09-06,4841794.823689375,-2097886.2800000003,0.0,4841794.823689375
OR-04,33,2022-09-06,8799074.013697973,-1636902.6900000002,0.0,8799074.013697973
OR-05,33,2022-09-06,1702851.4693523617,25583.03000000026,0.0,1702851.4693523617
OR-06,33,2022-09-06,6432777.817114288,-2349333.73,0.0,6432777.817114288
PA-01,33,2022-09-06,9250938.667041149,-676551.1699999999,2555.960000000079,9248382.707041148
PA-07,33,2022-09-06,2485150.4066759935,-5110185.85,711566.6200000001,1773583.7866759934
PA-08,33,2022-09-06,2938889.27689398,-4437272.789999999,12334.540000000969,2926554.736893979
PA-17,33,2022-09-06,0.0,-6744076.67,342858.0099999998,-342858.0099999998
RI-02,33,2022-09-06,1772367.0584179126,-2773536.58,596476.1099999999,1175890.9484179127
TX-15,33,2022-09-06,10626090.783028267,-1784176.02,0.0,10626090.783028267
TX-28,33,2022-09-06,9.313225746154785e-10,-245377.08999999985,0.0,9.313225746154785e-10
VA-02,33,2022-09-06,1007539.3128056135,-8531960.1,0.0,1007539.3128056135
VA-07,33,2022-09-06,0.0,-7622281.550000001,0.0,0.0
WA-08,33,2022-09-06,0.0,-8541623.54,122686.30000000075,-122686.30000000075
WI-01,33,2022-09-06,7041890.888459722,-502833.52999999997,0.0,7041890.888459722
WI-03,33,2022-09-06,8913209.55009402,-1255783.9700000002,0.0,8913209.55009402
AZ-01,34,2022-09-20,11078886.657571223,-1861137.52,0.0,11078886.657571223
AZ-02,34,2022-09-20,8639491.646362243,-3462533.2299999995,0.0,8639491.646362243
AZ-04,34,2022-09-20,825897.7620308222,-4385162.32,0.0,825897.7620308222
CA-09,34,2022-09-20,0.0,-7166829.63,0.0,0.0
CA-13,34,2022-09-20,5308152.431543738,-1690516.38,0.0,5308152.431543738
CA-22,34,2022-09-20,10895522.164469324,817746.06,2090516.2100000002,8805005.954469323
CA-27,34,2022-09-20,10326858.041441277,-2807409.6399999997,0.0,10326858.041441277
CA-40,34,2022-09-20,12089686.421663523,-2674418.4699999997,0.0,12089686.421663523
CA-45,34,2022-09-20,8733488.917896349,-4057760.6300000004,0.0,8733488.917896349
CA-49,34,2022-09-20,2171574.5361797595,-3910294.92,488486.9900000002,1683087.5461797593
CO-07,34,2022-09-20,4996530.56700715,-2388821.89,39981.669999999925,4956548.89700715
CO-08,34,2022-09-20,2695674.668154685,-1828248.68,1171977.34,1523697.3281546847
CT-02,34,2022-09-20,970010.2715021293,-2056884.03,0.0,970010.2715021293
CT-05,34,2022-09-20,665661.3401686945,-1072499.5300000003,349442.3799999999,316218.9601686946
FL-07,34,2022-09-20,5858846.55530937,-218113.96999999997,0.0,5858846.55530937
FL-23,34,2022-09-20,1149699.6336321302,-705254.01,0.0,1149699.6336321302
FL-27,34,2022-09-20,10124128.853310514,-275434.57999999984,7859.0,10116269.853310514
FL-28,34,2022-09-20,3090430.83455766,-113078.93,0.0,3090430.83455766
IA-03,34,2022-09-20,3131814.7014238182,-5148781.01,210435.1799999997,2921379.5214238185
IL-13,34,2022-09-20,2437437.254497593,-2728323.81,30936.0,2406501.254497593
IL-17,34,2022-09-20,6792276.760246748,-2158901.7299999995,340165.00000000047,6452111.760246748
KS-03,34,2022-09-20,137578.65728644188,-5645206.82,808184.1999999993,-670605.5427135574
MD-06,34,2022-09-20,0.0,-10917590.11,0.0,0.0
ME-02,34,2022-09-20,675608.7054866347,-4494899.640000001,0.0,675608.7054866347
MI-03,34,2022-09-20,8055999.858604898,-2263703.25,745848.0,7310151.858604898
MI-07,34,2022-09-20,5907542.109839102,-7837990.33,484399.13999999966,5423142.969839103
MI-08,34,2022-09-20,1352443.2045865739,-4343631.04,107018.85000000056,1245424.3545865733
MN-02,34,2022-09-20,1570356.9330651164,-6818578.59,313863.0,1256493.9330651164
NC-01,34,2022-09-20,7548895.64342397,40936.68000000017,1102401.4100000001,6446494.23342397
NC-13,34,2022-09-20,11623597.028978545,-2319795.9299999997,0.0,11623597.028978545
NE-02,34,2022-09-20,8522307.172753643,-1339061.85,557639.6099999999,7964667.562753644
NH-01,34,2022-09-20,1741573.2305396562,-3379031.3500000006,662960.9399999995,1078612.2905396568
NH-02,34,2022-09-20,0.0,-3865006.66,13769.350000000093,-13769.350000000093
NJ-07,34,2022-09-20,1815997.8620019145,-7251462.27,0.0,1815997.8620019145
NM-01,34,2022-09-20,4007456.2439329796,-758280.8500000001,0.0,4007456.2439329796
NM-02,34,2022-09-20,7242365.390989952,-2379788.76,284674.0,6957691.390989952
NV-03,34,2022-09-20,3500292.8544202,-3634906.6300000004,787484.6700000004,2712808.1844201996
NY-03,34,2022-09-20,2416345.2932636407,-360555.6799999997,0.0,2416345.2932636407
NY-04,34,2022-09-20,2094970.771601689,-1262506.1800000002,0.0,2094970.771601689
NY-17,34,2022-09-20,0.0,-4249773.7700000005,0.0,0.0
NY-18,34,2022-09-20,3558750.1656406,-1127823.0699999998,1828100.9300000002,1730649.2356405999
NY-19,34,2022-09-20,2157862.011454164,607740.7700000005,452033.73000000045,1705828.2814541636
NY-22,34,2022-09-20,3711673.8727114997,-1845978.86,339235.57000000007,3372438.3027115
OH-01,34,2022-09-20,5062261.269875798,-2314678.3499999996,0.0,5062261.269875798
OH-09,34,2022-09-20,1533071.332603708,-2851534.88,40330.54000000004,1492740.7926037079
OH-13,34,2022-09-20,4795632.6935997885,-1590079.12,507807.16000000015,4287825.533599788
OR-04,34,2022-09-20,8421881.115371875,-1222112.2200000002,414790.47,8007090.645371876
OR-05,34,2022-09-20,1600609.4841614226,33359.03000000026,7776.0,1592833.4841614226
OR-06,34,2022-09-20,6108544.05920507,-2349333.73,0.0,6108544.05920507
PA-01,34,2022-09-20,8902387.247726204,-667759.51,8791.659999999916,8893595.587726204
PA-07,34,2022-09-20,3564537.255916142,-5034709.609999999,75476.24000000022,3489061.0159161417
PA-08,34,2022-09-20,2811862.1223893147,-4130088.1899999995,307184.5999999996,2504677.522389315
PA-17,34,2022-09-20,0.0,-6394551.66,349525.0099999998,-349525.0099999998
RI-02,34,2022-09-20,1587763.056267758,-2773536.58,0.0,1587763.056267758
TX-15,34,2022-09-20,10751401.427535903,-1780288.02,3888.0,10747513.427535903
TX-28,34,2022-09-20,1550699.8750931676,-245377.08999999985,0.0,1550699.8750931676
VA-02,34,2022-09-20,1226875.2359315753,-8136941.03,395019.06999999937,831856.1659315759
VA-07,34,2022-09-20,1317445.0747823212,-7587060.4,35221.15000000037,1282223.9247823209
WA-08,34,2022-09-20,0.0,-8136660.75,404962.7899999991,-404962.7899999991
WI-01,34,2022-09-20,6777796.208883498,-502833.52999999997,0.0,6777796.208883498
WI-03,34,2022-09-20,8590705.841106499,-1250561.9300000002,5222.040000000037,8585483.801106498
AZ-01,35,2022-10-04,8716807.460814305,-1404875.9300000002,456261.58999999985,8260545.870814305
AZ-02,35,2022-10-04,7398459.945316715,-1680435.0699999998,1782098.1599999997,5616361.785316715
AZ-04,35,2022-10-04,1891865.785777161,-1128710.500000001,3256451.8199999994,-1364586.0342228385
CA-09,35,2022-10-04,0.0,-3567659.83,3599169.8,-3599169.8
CA-13,35,2022-10-04,3815824.9631830747,-1015897.8699999999,674618.51,3141206.4531830745
CA-22,35,2022-10-04,9753057.307989793,2172972.5399999996,1355226.4799999995,8397830.827989794
CA-27,35,2022-10-04,9273478.902254313,-1492037.62,1315372.0199999996,7958106.882254314
CA-40,35,2022-10-04,9575830.105067149,-1316222.56,1358195.9099999997,8217634.195067149
CA-45,35,2022-10-04,8015884.211559999,-1782699.9200000004,2275060.71,5740823.501559999
CA-49,35,2022-10-04,2643855.245173172,-1481639.1399999997,2428655.7800000003,215199.46517317183
CO-07,35,2022-10-04,5349637.8613594,-1020280.5000000002,1368541.39,3981096.4713594
CO-08,35,2022-10-04,3374167.105769828,1357680.3899999997,3185929.0699999994,188238.0357698286
CT-02,35,2022-10-04,1053431.7871501264,-1223604.99,833279.04,220152.74715012638
CT-05,35,2022-10-04,850738.972012178,-206370.61000000034,866128.9199999999,-15389.947987821884
FL-07,35,2022-10-04,4345628.144305965,-142627.71999999997,75486.25,4270141.894305965
FL-23,35,2022-10-04,1271171.749842657,-342662.80000000005,362591.20999999996,908580.539842657
FL-27,35,2022-10-04,8146491.994301871,-90101.72999999998,185332.84999999986,7961159.144301872
FL-28,35,2022-10-04,2305179.8724180683,-59699.229999999996,53379.7,2251800.172418068
IA-03,35,2022-10-04,3199282.8455631286,-2020730.71,3128050.3,71232.54556312878
IL-13,35,2022-10-04,3993560.138197825,-658767.5800000001,2069556.23,1924003.9081978248
IL-17,35,2022-10-04,7417141.068132866,109162.27000000048,2268064.0,5149077.068132866
KS-03,35,2022-10-04,1971041.3488610769,-564462.6599999992,5080744.160000001,-3109702.811138924
MD-06,35,2022-10-04,0.0,-6119587.180000001,4798002.929999999,-4798002.929999999
ME-02,35,2022-10-04,3491052.4418397397,-2090033.5500000007,2404866.09,1086186.3518397398
MI-03,35,2022-10-04,7429683.130002187,294723.60999999987,2558426.86,4871256.270002186
MI-07,35,2022-10-04,5339302.867512995,-1036018.0199999996,6801972.3100000005,-1462669.4424870051
MI-08,35,2022-10-04,2803981.5002855035,-957221.46,3386409.58,-582428.0797144966
MN-02,35,2022-10-04,1536193.5995836128,-2342206.21,4476372.38,-2940178.780416387
NC-01,35,2022-10-04,6031173.713483483,1921756.0600000005,1880819.3800000004,4150354.3334834822
NC-13,35,2022-10-04,8775518.82529686,-1150319.3299999996,1169476.6,7606042.225296861
NE-02,35,2022-10-04,7533015.904308072,101947.79999999981,1441009.65,6092006.254308073
NH-01,35,2022-10-04,2527366.4989182726,-899249.3700000001,2479781.9800000004,47584.51891827211
NH-02,35,2022-10-04,0.0,-2945525.2000000007,919481.4599999995,-919481.4599999995
NJ-07,35,2022-10-04,2474505.156628456,-3947886.25,3303576.0199999996,-829070.8633715436
NM-01,35,2022-10-04,2523038.508999391,-480072.5099999998,278208.3400000003,2244830.1689993907
NM-02,35,2022-10-04,7826777.825311918,-6239.979999999981,2373548.78,5453229.0453119185
NV-03,35,2022-10-04,2941185.469151221,-708015.5900000008,2926891.0399999996,14294.429151221644
NY-03,35,2022-10-04,2811998.769349011,59123.28000000026,419678.95999999996,2392319.809349011
NY-04,35,2022-10-04,3975148.308864102,-801773.8900000001,460732.29000000004,3514416.0188641017
NY-17,35,2022-10-04,0.0,-2031946.9800000004,2217826.79,-2217826.79
NY-18,35,2022-10-04,3528661.9865039233,-11254.580000000075,1116568.4899999998,2412093.4965039236
NY-19,35,2022-10-04,1712093.9530984247,1850734.7399999993,1242993.9699999988,469099.9830984259
NY-22,35,2022-10-04,4728399.92858403,-271368.1499999999,1574610.7100000002,3153789.21858403
OH-01,35,2022-10-04,7225267.336411487,-553375.0699999998,1761303.2799999998,5463964.056411488
OH-09,35,2022-10-04,1732910.3205391355,-1168432.5499999998,1683102.33,49807.99053913541
OH-13,35,2022-10-04,4768560.551284814,716125.9699999997,2306205.09,2462355.4612848144
OR-04,35,2022-10-04,7619733.35104863,49509.85999999987,1271622.08,6348111.27104863
OR-05,35,2022-10-04,1724661.0844834233,1259265.2599999988,1225906.2299999986,498754.8544834247
OR-06,35,2022-10-04,6483859.706470767,-636144.21,1713189.52,4770670.1864707675
PA-01,35,2022-10-04,7005119.262484248,-280878.12,386881.39,6618237.872484248
PA-07,35,2022-10-04,4296979.938746459,-862439.4099999992,4172270.2,124709.73874645866
PA-08,35,2022-10-04,5170682.30960643,-817825.2999999998,3312262.8899999997,1858419.4196064305
PA-17,35,2022-10-04,716765.7233545482,-5878717.66,515834.0,200931.72335454822
RI-02,35,2022-10-04,3265998.9800268114,-1714852.38,1058684.2000000002,2207314.780026811
TX-15,35,2022-10-04,9095282.419298375,-1055440.54,724847.48,8370434.939298375
TX-28,35,2022-10-04,4270371.054413708,1804553.6000000006,2049930.6900000004,2220440.3644137075
VA-02,35,2022-10-04,1794973.9747083131,-3370359.040000001,4766581.989999999,-2971608.015291686
VA-07,35,2022-10-04,4583172.877983596,-386462.9500000011,7200597.449999999,-2617424.572016403
WA-08,35,2022-10-04,0.0,-1862220.17,6274440.58,-6274440.58
WI-01,35,2022-10-04,5601468.877012239,-381514.51999999996,121319.01000000001,5480149.867012239
WI-03,35,2022-10-04,6519717.359355019,-736734.3799999999,513827.5500000003,6005889.809355019
AZ-01,36,2022-10-18,7857602.12117377,-1394803.6,10072.330000000075,7847529.79117377
AZ-02,36,2022-10-18,6911274.263390606,-1411590.9699999997,268844.1000000001,6642430.163390607
AZ-04,36,2022-10-18,1674503.133315119,-1054236.8400000008,74473.66000000015,1600029.4733151188
CA-09,36,2022-10-18,3.725290298461914e-09,-3555691.04,11968.790000000037,-11968.789999996312
CA-13,36,2022-10-18,3556310.7348212306,-1007668.4099999999,8229.459999999963,3548081.2748212307
CA-22,36,2022-10-18,9706230.280972194,2520582.9599999995,347610.4199999999,9358619.860972194
CA-27,36,2022-10-18,9040387.417614166,-1486922.8600000003,5114.7599999997765,9035272.657614166
CA-40,36,2022-10-18,8532457.280088628,-1305222.56,11000.0,8521457.280088628
CA-45,36,2022-10-18,7013809.654841504,-1755734.4000000004,26965.52000000002,6986844.134841504
CA-49,36,2022-10-18,2342349.9622207964,-489229.9799999995,992409.1600000001,1349940.8022207962
CO-07,36,2022-10-18,4733238.945057535,-1015326.1400000001,4954.360000000102,4728284.585057534
CO-08,36,2022-10-18,6938348.302357205,1755668.46,397988.0700000003,6540360.232357205
CT-02,36,2022-10-18,1035361.7791684065,-1223604.99,0.0,1035361.7791684065
CT-05,36,2022-10-18,788257.8947028052,370436.8099999996,576807.4199999999,211450.47470280528
FL-07,36,2022-10-18,4054467.7965590716,-142627.71999999997,0.0,4054467.7965590716
FL-23,36,2022-10-18,1055504.5554497035,-342662.80000000005,0.0,1055504.5554497035
FL-27,36,2022-10-18,7486052.460278655,-40101.72999999998,50000.0,7436052.460278655
FL-28,36,2022-10-18,2126970.7801815444,-59699.229999999996,0.0,2126970.7801815444
IA-03,36,2022-10-18,4151688.0466162916,-1676773.4499999993,343957.2600000007,3807730.786616291
IL-13,36,2022-10-18,3404690.4648319385,-658767.5800000001,0.0,3404690.4648319385
IL-17,36,2022-10-18,6624409.022275787,1471569.8100000005,1362407.54,5262001.482275787
KS-03,36,2022-10-18,1788532.998301684,225486.6200000001,789949.2799999993,998583.7183016846
MD-06,36,2022-10-18,0.0,-6119137.760000001,449.4199999999255,-449.4199999999255
ME-02,36,2022-10-18,6262434.819748364,1010144.4899999993,3100178.04,3162256.7797483644
MI-03,36,2022-10-18,6728331.921379003,735886.7599999998,441163.1499999999,6287168.771379003
MI-07,36,2022-10-18,4932041.628089385,916185.8699999992,1952203.8899999987,2979837.7380893864
MI-08,36,2022-10-18,3212304.8097989587,-206114.6200000001,751106.8399999999,2461197.969798959
MN-02,36,2022-10-18,2392046.907325074,-201670.3599999994,2140535.8500000006,251511.05732507352
NC-01,36,2022-10-18,5438508.023211257,1930043.37,8287.30999999959,5430220.713211257
NC-13,36,2022-10-18,7833681.969083558,267360.03000000026,1417679.3599999999,6416002.6090835575
NE-02,36,2022-10-18,7605669.846738479,101947.79999999981,0.0,7605669.846738479
NH-01,36,2022-10-18,4670268.495504688,-120733.49000000022,778515.8799999999,3891752.6155046877
NH-02,36,2022-10-18,0.0,-2938521.8300000005,7003.370000000112,-7003.370000000112
NJ-07,36,2022-10-18,2644738.4147308394,-3703291.42,244594.83000000007,2400143.5847308394
NM-01,36,2022-10-18,2069374.4585478776,-480072.5099999998,0.0,2069374.4585478776
NM-02,36,2022-10-18,8746979.949276812,1237051.9100000001,1243291.8900000001,7503688.059276812
NV-03,36,2022-10-18,2854601.3139900453,1668737.5899999999,2376753.1800000006,477848.1339900447
NY-03,36,2022-10-18,2559231.557989674,59123.28000000026,0.0,2559231.557989674
NY-04,36,2022-10-18,3546357.010323935,-801773.8900000001,0.0,3546357.010323935
NY-17,36,2022-10-18,0.0,-1731946.9800000004,300000.0,-300000.0
NY-18,36,2022-10-18,2927327.8605945334,535189.2200000007,546443.8000000007,2380884.0605945326
NY-19,36,2022-10-18,2185336.279710266,2478511.509999999,627776.7699999996,1557559.5097102663
NY-22,36,2022-10-18,5235324.491580883,163908.77000000002,435276.9199999999,4800047.571580883
OH-01,36,2022-10-18,6527380.963779079,110538.1499999999,663913.2199999997,5863467.743779079
OH-09,36,2022-10-18,1985088.4418050135,-1042970.1699999999,125462.37999999989,1859626.0618050136
OH-13,36,2022-10-18,6141502.825305091,1925295.3199999998,1209169.35,4932333.475305092
OR-04,36,2022-10-18,6859118.490083752,49509.85999999987,0.0,6859118.490083752
OR-05,36,2022-10-18,1556828.1452261824,1932843.0299999993,673577.7700000005,883250.3752261819
OR-06,36,2022-10-18,5749276.818377985,819239.0300000003,1455383.2400000002,4293893.578377984
PA-01,36,2022-10-18,6396041.293925736,-259164.76,21713.359999999986,6374327.933925736
PA-07,36,2022-10-18,4618883.046107114,1499902.3500000006,2362341.76,2256541.2861071145
PA-08,36,2022-10-18,6093378.731319268,-23214.139999999665,794611.1600000001,5298767.571319268
PA-17,36,2022-10-18,2696137.9849268794,-4113278.1899999995,1765439.4700000007,930698.5149268787
RI-02,36,2022-10-18,2788347.751482768,-1658452.63,56399.75,2731948.001482768
TX-15,36,2022-10-18,8415094.593507681,-1044132.23,11308.310000000056,8403786.28350768
TX-28,36,2022-10-18,4419803.190667756,3044187.620000001,1239634.0200000005,3180169.1706677554
VA-02,36,2022-10-18,1743100.2323757168,-2396324.460000001,974034.5800000001,769065.6523757167
VA-07,36,2022-10-18,4570248.410643954,1359620.3199999984,1746083.2699999996,2824165.1406439543
WA-08,36,2022-10-18,41438.31068273261,-381936.1699999999,1480284.0,-1438845.6893172674
WI-01,36,2022-10-18,5113093.321621436,-381514.51999999996,0.0,5113093.321621436
WI-03,36,2022-10-18,5845390.126319632,-136734.3799999999,600000.0,5245390.126319632
AZ-01,37,2022-11-01,6469179.274899376,-646509.6299999999,748293.9700000002,5720885.304899376
AZ-02,37,2022-11-01,6189628.820547303,-250968.16999999946,1160622.8000000003,5029006.020547302
AZ-04,37,2022-11-01,1423553.6676095966,670736.8399999989,1724973.6799999997,-301420.0123904031
CA-09,37,2022-11-01,0.0,-2234842.29,1320848.75,-1320848.75
CA-13,37,2022-11-01,3027287.278907887,-456942.73999999976,550725.6700000002,2476561.608907887
CA-22,37,2022-11-01,8557931.221713344,5457261.4399999995,2936678.48,5621252.741713343
CA-27,37,2022-11-01,8200417.41498476,-891985.6299999999,594937.2300000004,7605480.184984759
CA-40,37,2022-11-01,6943533.733097961,-351438.39000000013,953784.1699999999,5989749.563097961
CA-45,37,2022-11-01,6282101.103299133,-655326.7700000005,1100407.63,5181693.473299133
CA-49,37,2022-11-01,2728873.958395974,3158720.4399999985,3647950.419999998,-919076.4616040243
CO-07,37,2022-11-01,3814476.120464118,-205917.6299999999,809408.5100000002,3005067.610464118
CO-08,37,2022-11-01,6087331.857568157,2548581.3999999994,792912.9399999995,5294418.917568157
CT-02,37,2022-11-01,1029024.7078202725,-798274.94,425330.05000000005,603694.6578202725
CT-05,37,2022-11-01,916772.5072735278,2190217.7299999995,1819780.92,-903008.4127264721
FL-07,37,2022-11-01,3576669.9356191303,-126569.31000000006,16058.409999999916,3560611.5256191306
FL-23,37,2022-11-01,710988.1498819522,-163136.58000000007,179526.21999999997,531461.9298819522
FL-27,37,2022-11-01,7058270.524365493,160960.2699999998,201061.99999999977,6857208.524365493
FL-28,37,2022-11-01,1631001.3484182213,-12698.209999999992,47001.020000000004,1584000.3284182213
IA-03,37,2022-11-01,5125001.409967683,-164007.6099999994,1512765.8399999999,3612235.5699676834
IL-13,37,2022-11-01,3206562.4049371886,19352.519999999553,678120.0999999996,2528442.304937189
IL-17,37,2022-11-01,6528409.327108309,3009400.1900000004,1537830.38,4990578.947108309
KS-03,37,2022-11-01,2145778.713693305,1733856.8600000003,1508370.2400000002,637408.4736933047
MD-06,37,2022-11-01,0.0,-4765405.030000001,1353732.7299999995,-1353732.7299999995
ME-02,37,2022-11-01,7130678.98727265,4979071.719999999,3968927.2299999995,3161751.7572726505
MI-03,37,2022-11-01,5848457.42528081,1626359.96,890473.2000000002,4957984.22528081
MI-07,37,2022-11-01,6348080.73946592,3093877.83,2177691.960000001,4170388.7794659194
MI-08,37,2022-11-01,3746122.502353457,927912.5299999993,1134027.1499999994,2612095.3523534574
MN-02,37,2022-11-01,4360535.96185801,1691185.2300000004,1892855.5899999999,2467680.37185801
NC-01,37,2022-11-01,4714273.054722118,2530241.3200000003,600197.9500000002,4114075.104722118
NC-13,37,2022-11-01,6435833.228484812,773534.8200000003,506174.79000000004,5929658.438484812
NE-02,37,2022-11-01,6865900.610132574,1106534.0499999998,1004586.25,5861314.360132574
NH-01,37,2022-11-01,6262003.6166113885,1687236.2199999997,1807969.71,4454033.906611389
NH-02,37,2022-11-01,0.0,-1877775.7200000002,1060746.1100000003,-1060746.1100000003
NJ-07,37,2022-11-01,3336448.409345649,-1445058.3100000005,2258233.1099999994,1078215.2993456498
NM-01,37,2022-11-01,1344805.0555605642,-10364.569999999832,469707.93999999994,875097.1155605642
NM-02,37,2022-11-01,7870676.330298269,2794265.460000001,1557213.5500000007,6313462.780298268
NV-03,37,2022-11-01,2871777.6358799953,3869188.049999999,2200450.459999999,671327.1758799963
NY-03,37,2022-11-01,2533899.3158010854,62123.28000000026,3000.0,2530899.3158010854
NY-04,37,2022-11-01,3416814.2160570296,-325690.4199999999,476083.4700000002,2940730.7460570293
NY-17,37,2022-11-01,950051.3289247537,2352789.829999999,4084736.8099999996,-3134685.481075246
NY-18,37,2022-11-01,2395945.5249271505,1992097.3900000006,1456908.17,939037.3549271505
NY-19,37,2022-11-01,2963618.1248333147,2564425.5699999994,85914.06000000052,2877704.064833314
NY-22,37,2022-11-01,6094678.877453301,829928.5699999998,666019.7999999998,5428659.077453301
OH-01,37,2022-11-01,6264240.873900866,1084020.69,973482.54,5290758.333900866
OH-09,37,2022-11-01,2456927.9774840493,-331118.91999999946,711851.2500000005,1745076.7274840488
OH-13,37,2022-11-01,6282684.11566042,3496549.64,1571254.3200000003,4711429.795660419
OR-04,37,2022-11-01,6051236.777460786,536434.6600000001,486924.8000000003,5564311.977460785
OR-05,37,2022-11-01,2346479.2899861103,2589092.71,656249.6800000006,1690229.6099861097
OR-06,37,2022-11-01,5685066.806662776,1768149.3200000003,948910.29,4736156.516662776
PA-01,37,2022-11-01,5419151.238767242,-86789.39000000001,172375.37,5246775.868767242
PA-07,37,2022-11-01,6432481.696112608,3695994.8099999996,2196092.459999999,4236389.236112609
PA-08,37,2022-11-01,6675505.40997859,2103326.1800000006,2126540.3200000003,4548965.08997859
PA-17,37,2022-11-01,4305162.436260862,-3318377.6999999997,794900.4899999998,3510261.9462608625
RI-02,37,2022-11-01,4328036.344794501,-36752.35000000009,1621700.2799999998,2706336.064794501
TX-15,37,2022-11-01,7200051.960898826,-21416.040000000037,1022716.19,6177335.770898826
TX-28,37,2022-11-01,5097143.582598137,3308934.370000001,264746.75,4832396.832598137
VA-02,37,2022-11-01,2585347.5209993534,-894139.3499999996,1502185.1100000013,1083162.410999352
VA-07,37,2022-11-01,5633531.833386036,3132922.5600000005,1773302.240000002,3860229.5933860335
WA-08,37,2022-11-01,1331317.8848016392,1802096.8400000017,2184033.0100000016,-852715.1251983624
WI-01,37,2022-11-01,4370617.978384249,-108856.25,272658.26999999996,4097959.708384249
WI-03,37,2022-11-01,4618782.176027486,307430.04000000004,444164.4199999999,4174617.756027486
