district_id,period,period_date,model_recommended_party_spend,dccc_actual_cumulative_party_spend,dccc_actual_incremental_party_spend,gap
AZ-01,1,2023-06-15,16293189.142630536,-6157020.16,0.0,16293189.142630536
AZ-04,1,2023-06-15,2773184.8813682096,-1722068.0,0.0,2773184.8813682096
CA-13,1,2023-06-15,14093802.75727665,-6154198.47,0.0,14093802.75727665
CA-22,1,2023-06-15,9368476.602591157,-6218584.81,0.0,9368476.602591157
CA-27,1,2023-06-15,7389668.999106932,-10170392.85,0.0,7389668.999106932
CA-40,1,2023-06-15,25362479.780243404,-2080922.59,0.0,25362479.780243404
CA-45,1,2023-06-15,25841679.268824585,-6091831.9,0.0,25841679.268824585
CA-49,1,2023-06-15,0.0,-5246454.21,0.0,0.0
CO-07,1,2023-06-15,0.0,-1875654.32,0.0,0.0
CO-08,1,2023-06-15,0.0,-7967572.68,0.0,0.0
CT-02,1,2023-06-15,1706358.0649205076,-1107578.47,0.0,1706358.0649205076
CT-05,1,2023-06-15,5731542.777844649,-3851625.16,0.0,5731542.777844649
FL-27,1,2023-06-15,7977961.555081033,-641799.11,0.0,7977961.555081033
FL-28,1,2023-06-15,13422482.347965986,-1186116.33,0.0,13422482.347965986
IA-03,1,2023-06-15,19096437.509171966,-5490059.27,0.0,19096437.509171966
IL-17,1,2023-06-15,0.0,-4796494.98,0.0,0.0
KS-03,1,2023-06-15,0.0,-5475716.7,0.0,0.0
MD-06,1,2023-06-15,0.0,-5930648.68,0.0,0.0
ME-02,1,2023-06-15,9141881.554412743,-7645697.850000001,0.0,9141881.554412743
MI-03,1,2023-06-15,0.0,-4851506.33,0.0,0.0
MI-07,1,2023-06-15,0.0,-7557531.73,0.0,0.0
MI-08,1,2023-06-15,871433.1695872499,-5955001.17,0.0,871433.1695872499
MN-02,1,2023-06-15,0.0,-7907714.46,0.0,0.0
NC-01,1,2023-06-15,0.0,-5681177.7299999995,0.0,0.0
NC-13,1,2023-06-15,0.0,-1731102.48,0.0,0.0
NE-02,1,2023-06-15,8013031.19801264,-7377358.6,0.0,8013031.19801264
NH-01,1,2023-06-15,0.0,-3591983.15,0.0,0.0
NH-02,1,2023-06-15,0.0,-4300980.61,0.0,0.0
NJ-07,1,2023-06-15,20098047.013795756,-6142501.33,0.0,20098047.013795756
NM-01,1,2023-06-15,0.0,-1142395.4200000002,0.0,0.0
NM-02,1,2023-06-15,5376266.138629878,-6844428.9399999995,0.0,5376266.138629878
NV-03,1,2023-06-15,0.0,-5394044.96,0.0,0.0
NY-03,1,2023-06-15,6525186.961489901,-7484723.59,0.0,6525186.961489901
NY-04,1,2023-06-15,15387928.152049541,-15147.119999999995,0.0,15387928.152049541
NY-17,1,2023-06-15,13313130.176162232,-9895162.8,0.0,13313130.176162232
NY-18,1,2023-06-15,4063876.711276424,-7667372.47,0.0,4063876.711276424
NY-19,1,2023-06-15,12170136.032982616,-9690647.149999999,0.0,12170136.032982616
NY-22,1,2023-06-15,8526443.918462439,-3938616.17,0.0,8526443.918462439
OH-01,1,2023-06-15,3215416.0015677963,-3412013.18,0.0,3215416.0015677963
OH-09,1,2023-06-15,5024462.91788213,-4822718.57,0.0,5024462.91788213
OH-13,1,2023-06-15,0.0,-5074236.85,0.0,0.0
OR-05,1,2023-06-15,17394694.64279093,-7369499.09,0.0,17394694.64279093
PA-01,1,2023-06-15,18691562.17200084,-3957118.47,0.0,18691562.17200084
PA-07,1,2023-06-15,0.0,-8750920.96,0.0,0.0
PA-08,1,2023-06-15,8433853.425678663,-8401768.77,0.0,8433853.425678663
PA-17,1,2023-06-15,0.0,-4551559.680000001,0.0,0.0
TX-15,1,2023-06-15,15833407.481921172,-2378274.37,0.0,15833407.481921172
VA-02,1,2023-06-15,17660607.35393849,-3142816.04,0.0,17660607.35393849
VA-07,1,2023-06-15,0.0,-17866255.77,0.0,0.0
VA-10,1,2023-06-15,0.0,-2838557.78,0.0,0.0
WA-03,1,2023-06-15,10872545.491192117,-11800028.68,0.0,10872545.491192117
WA-08,1,2023-06-15,0.0,-4875658.6899999995,0.0,0.0
WI-01,1,2023-06-15,21219173.219140735,-2200665.11,0.0,21219173.219140735
AZ-01,2,2023-06-29,16293189.142630536,-6157020.16,0.0,16293189.142630536
AZ-04,2,2023-06-29,2773184.8813682096,-1722068.0,0.0,2773184.8813682096
CA-13,2,2023-06-29,14093802.75727665,-6154198.47,0.0,14093802.75727665
CA-22,2,2023-06-29,9368476.602591157,-6218584.81,0.0,9368476.602591157
CA-27,2,2023-06-29,7389668.999106932,-10170392.85,0.0,7389668.999106932
CA-40,2,2023-06-29,25362479.780243404,-2080922.59,0.0,25362479.780243404
CA-45,2,2023-06-29,25841679.268824585,-6091831.9,0.0,25841679.268824585
CA-49,2,2023-06-29,0.0,-5246454.21,0.0,0.0
CO-07,2,2023-06-29,0.0,-1875654.32,0.0,0.0
CO-08,2,2023-06-29,0.0,-7967572.68,0.0,0.0
CT-02,2,2023-06-29,1706358.0649205076,-1107578.47,0.0,1706358.0649205076
CT-05,2,2023-06-29,5731542.777844649,-3851625.16,0.0,5731542.777844649
FL-27,2,2023-06-29,7977961.555081033,-641799.11,0.0,7977961.555081033
FL-28,2,2023-06-29,13422482.347965986,-1186116.33,0.0,13422482.347965986
IA-03,2,2023-06-29,19096437.509171966,-5490059.27,0.0,19096437.509171966
IL-17,2,2023-06-29,0.0,-4796494.98,0.0,0.0
KS-03,2,2023-06-29,0.0,-5475716.7,0.0,0.0
MD-06,2,2023-06-29,0.0,-5930648.68,0.0,0.0
ME-02,2,2023-06-29,9141881.554412743,-7645697.850000001,0.0,9141881.554412743
MI-03,2,2023-06-29,0.0,-4851506.33,0.0,0.0
MI-07,2,2023-06-29,0.0,-7557531.73,0.0,0.0
MI-08,2,2023-06-29,871433.1695872499,-5955001.17,0.0,871433.1695872499
MN-02,2,2023-06-29,0.0,-7907714.46,0.0,0.0
NC-01,2,2023-06-29,0.0,-5681177.7299999995,0.0,0.0
NC-13,2,2023-06-29,0.0,-1731102.48,0.0,0.0
NE-02,2,2023-06-29,8013031.19801264,-7377358.6,0.0,8013031.19801264
NH-01,2,2023-06-29,0.0,-3591983.15,0.0,0.0
NH-02,2,2023-06-29,0.0,-4300980.61,0.0,0.0
NJ-07,2,2023-06-29,20098047.013795756,-6142501.33,0.0,20098047.013795756
NM-01,2,2023-06-29,0.0,-1142395.4200000002,0.0,0.0
NM-02,2,2023-06-29,5376266.138629878,-6844428.9399999995,0.0,5376266.138629878
NV-03,2,2023-06-29,0.0,-5394044.96,0.0,0.0
NY-03,2,2023-06-29,6525186.961489901,-7484723.59,0.0,6525186.961489901
NY-04,2,2023-06-29,15387928.152049541,-15147.119999999995,0.0,15387928.152049541
NY-17,2,2023-06-29,13313130.176162232,-9895162.8,0.0,13313130.176162232
NY-18,2,2023-06-29,4063876.711276424,-7667372.47,0.0,4063876.711276424
NY-19,2,2023-06-29,12170136.032982616,-9690647.149999999,0.0,12170136.032982616
NY-22,2,2023-06-29,8526443.918462439,-3938616.17,0.0,8526443.918462439
OH-01,2,2023-06-29,3215416.0015677963,-3412013.18,0.0,3215416.0015677963
OH-09,2,2023-06-29,5024462.91788213,-4822718.57,0.0,5024462.91788213
OH-13,2,2023-06-29,0.0,-5074236.85,0.0,0.0
OR-05,2,2023-06-29,17394694.64279093,-7369499.09,0.0,17394694.64279093
PA-01,2,2023-06-29,18691562.17200084,-3957118.47,0.0,18691562.17200084
PA-07,2,2023-06-29,0.0,-8750920.96,0.0,0.0
PA-08,2,2023-06-29,8433853.425678663,-8401768.77,0.0,8433853.425678663
PA-17,2,2023-06-29,0.0,-4551559.680000001,0.0,0.0
TX-15,2,2023-06-29,15833407.481921172,-2378274.37,0.0,15833407.481921172
VA-02,2,2023-06-29,17660607.35393849,-3142816.04,0.0,17660607.35393849
VA-07,2,2023-06-29,0.0,-17866255.77,0.0,0.0
VA-10,2,2023-06-29,0.0,-2838557.78,0.0,0.0
WA-03,2,2023-06-29,10872545.491192117,-11800028.68,0.0,10872545.491192117
WA-08,2,2023-06-29,0.0,-4875658.6899999995,0.0,0.0
WI-01,2,2023-06-29,21219173.219140735,-2200665.11,0.0,21219173.219140735
AZ-01,3,2023-07-13,19184087.92364539,-5993841.54,163178.6200000001,19020909.303645387
AZ-04,3,2023-07-13,3388224.0719759045,-1569312.01,152755.99,3235468.0819759043
CA-13,3,2023-07-13,14111891.49666357,-6154090.58,107.88999999966472,14111783.60666357
CA-22,3,2023-07-13,11444969.114523623,-6214866.8,3718.0099999997765,11441251.104523623
CA-27,3,2023-07-13,14544627.951083567,-9880951.42,289441.4299999997,14255186.521083567
CA-40,3,2023-07-13,25711794.116918605,-2080215.6900000002,706.8999999999069,25711087.216918606
CA-45,3,2023-07-13,24115061.60496839,-6091831.9,0.0,24115061.60496839
CA-49,3,2023-07-13,9.313225746154785e-10,-4985228.11,261226.09999999963,-261226.0999999987
CO-07,3,2023-07-13,0.0,-1755941.23,119713.09000000008,-119713.09000000008
CO-08,3,2023-07-13,0.0,-7848915.49,118657.18999999948,-118657.18999999948
CT-02,3,2023-07-13,2135807.950187009,-1056999.3399999999,50579.13000000012,2085228.8201870087
CT-05,3,2023-07-13,3542081.865727867,-3745584.5500000003,106040.60999999987,3436041.255727867
FL-27,3,2023-07-13,14562058.440385751,-641799.11,0.0,14562058.440385751
FL-28,3,2023-07-13,10939256.745940203,-1186116.33,0.0,10939256.745940203
IA-03,3,2023-07-13,19308694.584608022,-5490059.27,0.0,19308694.584608022
IL-17,3,2023-07-13,0.0,-4633454.09,163040.8900000006,-163040.8900000006
KS-03,3,2023-07-13,0.0,-5284886.18,190830.52000000048,-190830.52000000048
MD-06,3,2023-07-13,9.313225746154785e-10,-5930648.68,0.0,9.313225746154785e-10
ME-02,3,2023-07-13,4899086.183727497,-7471697.840000001,174000.00999999978,4725086.173727497
MI-03,3,2023-07-13,0.0,-4851506.33,0.0,0.0
MI-07,3,2023-07-13,0.0,-7557531.73,0.0,0.0
MI-08,3,2023-07-13,9.313225746154785e-10,-5955001.17,0.0,9.313225746154785e-10
MN-02,3,2023-07-13,0.0,-7746197.789999999,161516.67000000086,-161516.67000000086
NC-01,3,2023-07-13,0.0,-5606820.06,74357.66999999993,-74357.66999999993
NC-13,3,2023-07-13,0.0,-1731102.48,0.0,0.0
NE-02,3,2023-07-13,17534151.84761946,-7363492.9799999995,13865.620000000112,17520286.227619458
NH-01,3,2023-07-13,0.0,-3483730.41,108252.73999999976,-108252.73999999976
NH-02,3,2023-07-13,0.0,-4300980.61,0.0,0.0
NJ-07,3,2023-07-13,16856725.803490855,-6119226.8100000005,23274.519999999553,16833451.283490855
NM-01,3,2023-07-13,0.0,-1032043.2500000001,110352.17000000004,-110352.17000000004
NM-02,3,2023-07-13,4072390.8802216295,-6679404.869999999,165024.0700000003,3907366.810221629
NV-03,3,2023-07-13,9.313225746154785e-10,-5227142.76,166902.2000000002,-166902.19999999925
NY-03,3,2023-07-13,3435048.898522366,-7483207.59,1516.0,3433532.898522366
NY-04,3,2023-07-13,14559552.169906285,-11357.089999999997,3790.029999999999,14555762.139906285
NY-17,3,2023-07-13,11509778.024794083,-9895162.8,0.0,11509778.024794083
NY-18,3,2023-07-13,1274216.0218709921,-7457726.74,209645.72999999952,1064570.2918709926
NY-19,3,2023-07-13,11283343.942509448,-9531557.0,159090.1499999985,11124253.79250945
NY-22,3,2023-07-13,14223637.565957336,-3938616.17,0.0,14223637.565957336
OH-01,3,2023-07-13,1584376.4654022963,-3307577.1300000004,104436.04999999981,1479940.4154022965
OH-09,3,2023-07-13,2536633.9789346056,-4745682.75,77035.8200000003,2459598.1589346053
OH-13,3,2023-07-13,0.0,-4945678.72,128558.12999999989,-128558.12999999989
OR-05,3,2023-07-13,16948703.071813345,-7366440.96,3058.1299999998882,16945644.941813346
PA-01,3,2023-07-13,17380613.43793196,-3865782.45,91336.02000000002,17289277.41793196
PA-07,3,2023-07-13,0.0,-8554815.73,196105.23000000045,-196105.23000000045
PA-08,3,2023-07-13,4223187.499513753,-8248917.859999999,152850.91000000015,4070336.5895137526
PA-17,3,2023-07-13,0.0,-4342538.0200000005,209021.66000000015,-209021.66000000015
TX-15,3,2023-07-13,20048782.23145183,-2340607.4400000004,37666.9299999997,20011115.301451832
VA-02,3,2023-07-13,18801006.176281888,-3142816.04,0.0,18801006.176281888
VA-07,3,2023-07-13,0.0,-17866255.77,0.0,0.0
VA-10,3,2023-07-13,0.0,-2838557.78,0.0,0.0
WA-03,3,2023-07-13,6075639.110379476,-11799402.58,626.0999999996275,6075013.0103794765
WA-08,3,2023-07-13,389230.21402239706,-4650777.4399999995,224881.25,164348.96402239706
WI-01,3,2023-07-13,20265688.029020604,-2200665.11,0.0,20265688.029020604
AZ-01,4,2023-07-27,19184087.92364539,-5993841.54,0.0,19184087.92364539
AZ-04,4,2023-07-27,3388224.0719759045,-1569312.01,0.0,3388224.0719759045
CA-13,4,2023-07-27,14111891.49666357,-6154090.58,0.0,14111891.49666357
CA-22,4,2023-07-27,11444969.114523623,-6214866.8,0.0,11444969.114523623
CA-27,4,2023-07-27,14544627.951083567,-9880951.42,0.0,14544627.951083567
CA-40,4,2023-07-27,25711794.116918605,-2080215.6900000002,0.0,25711794.116918605
CA-45,4,2023-07-27,24115061.60496839,-6091831.9,0.0,24115061.60496839
CA-49,4,2023-07-27,9.313225746154785e-10,-4985228.11,0.0,9.313225746154785e-10
CO-07,4,2023-07-27,0.0,-1755941.23,0.0,0.0
CO-08,4,2023-07-27,0.0,-7848915.49,0.0,0.0
CT-02,4,2023-07-27,2135807.950187009,-1056999.3399999999,0.0,2135807.950187009
CT-05,4,2023-07-27,3542081.865727867,-3745584.5500000003,0.0,3542081.865727867
FL-27,4,2023-07-27,14562058.440385751,-641799.11,0.0,14562058.440385751
FL-28,4,2023-07-27,10939256.745940203,-1186116.33,0.0,10939256.745940203
IA-03,4,2023-07-27,19308694.584608022,-5490059.27,0.0,19308694.584608022
IL-17,4,2023-07-27,0.0,-4633454.09,0.0,0.0
KS-03,4,2023-07-27,0.0,-5284886.18,0.0,0.0
MD-06,4,2023-07-27,9.313225746154785e-10,-5930648.68,0.0,9.313225746154785e-10
ME-02,4,2023-07-27,4899086.183727497,-7471697.840000001,0.0,4899086.183727497
MI-03,4,2023-07-27,0.0,-4851506.33,0.0,0.0
MI-07,4,2023-07-27,0.0,-7557531.73,0.0,0.0
MI-08,4,2023-07-27,9.313225746154785e-10,-5955001.17,0.0,9.313225746154785e-10
MN-02,4,2023-07-27,0.0,-7746197.789999999,0.0,0.0
NC-01,4,2023-07-27,0.0,-5606820.06,0.0,0.0
NC-13,4,2023-07-27,0.0,-1731102.48,0.0,0.0
NE-02,4,2023-07-27,17534151.84761946,-7363492.9799999995,0.0,17534151.84761946
NH-01,4,2023-07-27,0.0,-3483730.41,0.0,0.0
NH-02,4,2023-07-27,0.0,-4300980.61,0.0,0.0
NJ-07,4,2023-07-27,16856725.803490855,-6119226.8100000005,0.0,16856725.803490855
NM-01,4,2023-07-27,0.0,-1032043.2500000001,0.0,0.0
NM-02,4,2023-07-27,4072390.8802216295,-6679404.869999999,0.0,4072390.8802216295
NV-03,4,2023-07-27,9.313225746154785e-10,-5227142.76,0.0,9.313225746154785e-10
NY-03,4,2023-07-27,3435048.898522366,-7483207.59,0.0,3435048.898522366
NY-04,4,2023-07-27,14559552.169906285,-11357.089999999997,0.0,14559552.169906285
NY-17,4,2023-07-27,11509778.024794083,-9895162.8,0.0,11509778.024794083
NY-18,4,2023-07-27,1274216.0218709921,-7457726.74,0.0,1274216.0218709921
NY-19,4,2023-07-27,11283343.942509448,-9531557.0,0.0,11283343.942509448
NY-22,4,2023-07-27,14223637.565957336,-3938616.17,0.0,14223637.565957336
OH-01,4,2023-07-27,1584376.4654022963,-3307577.1300000004,0.0,1584376.4654022963
OH-09,4,2023-07-27,2536633.9789346056,-4745682.75,0.0,2536633.9789346056
OH-13,4,2023-07-27,0.0,-4945678.72,0.0,0.0
OR-05,4,2023-07-27,16948703.071813345,-7366440.96,0.0,16948703.071813345
PA-01,4,2023-07-27,17380613.43793196,-3865782.45,0.0,17380613.43793196
PA-07,4,2023-07-27,0.0,-8554815.73,0.0,0.0
PA-08,4,2023-07-27,4223187.499513753,-8248917.859999999,0.0,4223187.499513753
PA-17,4,2023-07-27,0.0,-4342538.0200000005,0.0,0.0
TX-15,4,2023-07-27,20048782.23145183,-2340607.4400000004,0.0,20048782.23145183
VA-02,4,2023-07-27,18801006.176281888,-3142816.04,0.0,18801006.176281888
VA-07,4,2023-07-27,0.0,-17866255.77,0.0,0.0
VA-10,4,2023-07-27,0.0,-2838557.78,0.0,0.0
WA-03,4,2023-07-27,6075639.110379476,-11799402.58,0.0,6075639.110379476
WA-08,4,2023-07-27,389230.21402239706,-4650777.4399999995,0.0,389230.21402239706
WI-01,4,2023-07-27,20265688.029020604,-2200665.11,0.0,20265688.029020604
AZ-01,5,2023-08-10,19184087.92364539,-5993841.54,0.0,19184087.92364539
AZ-04,5,2023-08-10,3388224.0719759045,-1569312.01,0.0,3388224.0719759045
CA-13,5,2023-08-10,14111891.49666357,-6154090.58,0.0,14111891.49666357
CA-22,5,2023-08-10,11444969.114523623,-6214866.8,0.0,11444969.114523623
CA-27,5,2023-08-10,14544627.951083567,-9880951.42,0.0,14544627.951083567
CA-40,5,2023-08-10,25711794.116918605,-2080215.6900000002,0.0,25711794.116918605
CA-45,5,2023-08-10,24115061.60496839,-6091831.9,0.0,24115061.60496839
CA-49,5,2023-08-10,9.313225746154785e-10,-4985228.11,0.0,9.313225746154785e-10
CO-07,5,2023-08-10,0.0,-1755941.23,0.0,0.0
CO-08,5,2023-08-10,0.0,-7848915.49,0.0,0.0
CT-02,5,2023-08-10,2135807.950187009,-1056999.3399999999,0.0,2135807.950187009
CT-05,5,2023-08-10,3542081.865727867,-3745584.5500000003,0.0,3542081.865727867
FL-27,5,2023-08-10,14562058.440385751,-641799.11,0.0,14562058.440385751
FL-28,5,2023-08-10,10939256.745940203,-1186116.33,0.0,10939256.745940203
IA-03,5,2023-08-10,19308694.584608022,-5490059.27,0.0,19308694.584608022
IL-17,5,2023-08-10,0.0,-4633454.09,0.0,0.0
KS-03,5,2023-08-10,0.0,-5284886.18,0.0,0.0
MD-06,5,2023-08-10,9.313225746154785e-10,-5930648.68,0.0,9.313225746154785e-10
ME-02,5,2023-08-10,4899086.183727497,-7471697.840000001,0.0,4899086.183727497
MI-03,5,2023-08-10,0.0,-4851506.33,0.0,0.0
MI-07,5,2023-08-10,0.0,-7557531.73,0.0,0.0
MI-08,5,2023-08-10,9.313225746154785e-10,-5955001.17,0.0,9.313225746154785e-10
MN-02,5,2023-08-10,0.0,-7746197.789999999,0.0,0.0
NC-01,5,2023-08-10,0.0,-5606820.06,0.0,0.0
NC-13,5,2023-08-10,0.0,-1731102.48,0.0,0.0
NE-02,5,2023-08-10,17534151.84761946,-7363492.9799999995,0.0,17534151.84761946
NH-01,5,2023-08-10,0.0,-3483730.41,0.0,0.0
NH-02,5,2023-08-10,0.0,-4300980.61,0.0,0.0
NJ-07,5,2023-08-10,16856725.803490855,-6119226.8100000005,0.0,16856725.803490855
NM-01,5,2023-08-10,0.0,-1032043.2500000001,0.0,0.0
NM-02,5,2023-08-10,4072390.8802216295,-6679404.869999999,0.0,4072390.8802216295
NV-03,5,2023-08-10,9.313225746154785e-10,-5227142.76,0.0,9.313225746154785e-10
NY-03,5,2023-08-10,3435048.898522366,-7483207.59,0.0,3435048.898522366
NY-04,5,2023-08-10,14559552.169906285,-11357.089999999997,0.0,14559552.169906285
NY-17,5,2023-08-10,11509778.024794083,-9895162.8,0.0,11509778.024794083
NY-18,5,2023-08-10,1274216.0218709921,-7457726.74,0.0,1274216.0218709921
NY-19,5,2023-08-10,11283343.942509448,-9531557.0,0.0,11283343.942509448
NY-22,5,2023-08-10,14223637.565957336,-3938616.17,0.0,14223637.565957336
OH-01,5,2023-08-10,1584376.4654022963,-3307577.1300000004,0.0,1584376.4654022963
OH-09,5,2023-08-10,2536633.9789346056,-4745682.75,0.0,2536633.9789346056
OH-13,5,2023-08-10,0.0,-4945678.72,0.0,0.0
OR-05,5,2023-08-10,16948703.071813345,-7366440.96,0.0,16948703.071813345
PA-01,5,2023-08-10,17380613.43793196,-3865782.45,0.0,17380613.43793196
PA-07,5,2023-08-10,0.0,-8554815.73,0.0,0.0
PA-08,5,2023-08-10,4223187.499513753,-8248917.859999999,0.0,4223187.499513753
PA-17,5,2023-08-10,0.0,-4342538.0200000005,0.0,0.0
TX-15,5,2023-08-10,20048782.23145183,-2340607.4400000004,0.0,20048782.23145183
VA-02,5,2023-08-10,18801006.176281888,-3142816.04,0.0,18801006.176281888
VA-07,5,2023-08-10,0.0,-17866255.77,0.0,0.0
VA-10,5,2023-08-10,0.0,-2838557.78,0.0,0.0
WA-03,5,2023-08-10,6075639.110379476,-11799402.58,0.0,6075639.110379476
WA-08,5,2023-08-10,389230.21402239706,-4650777.4399999995,0.0,389230.21402239706
WI-01,5,2023-08-10,20265688.029020604,-2200665.11,0.0,20265688.029020604
AZ-01,6,2023-08-24,19184087.92364539,-5993841.54,0.0,19184087.92364539
AZ-04,6,2023-08-24,3388224.0719759045,-1569312.01,0.0,3388224.0719759045
CA-13,6,2023-08-24,14111891.49666357,-6154090.58,0.0,14111891.49666357
CA-22,6,2023-08-24,11444969.114523623,-6214866.8,0.0,11444969.114523623
CA-27,6,2023-08-24,14544627.951083567,-9880951.42,0.0,14544627.951083567
CA-40,6,2023-08-24,25711794.116918605,-2080215.6900000002,0.0,25711794.116918605
CA-45,6,2023-08-24,24115061.60496839,-6091831.9,0.0,24115061.60496839
CA-49,6,2023-08-24,9.313225746154785e-10,-4985228.11,0.0,9.313225746154785e-10
CO-07,6,2023-08-24,0.0,-1755941.23,0.0,0.0
CO-08,6,2023-08-24,0.0,-7848915.49,0.0,0.0
CT-02,6,2023-08-24,2135807.950187009,-1056999.3399999999,0.0,2135807.950187009
CT-05,6,2023-08-24,3542081.865727867,-3745584.5500000003,0.0,3542081.865727867
FL-27,6,2023-08-24,14562058.440385751,-641799.11,0.0,14562058.440385751
FL-28,6,2023-08-24,10939256.745940203,-1186116.33,0.0,10939256.745940203
IA-03,6,2023-08-24,19308694.584608022,-5490059.27,0.0,19308694.584608022
IL-17,6,2023-08-24,0.0,-4633454.09,0.0,0.0
KS-03,6,2023-08-24,0.0,-5284886.18,0.0,0.0
MD-06,6,2023-08-24,9.313225746154785e-10,-5930648.68,0.0,9.313225746154785e-10
ME-02,6,2023-08-24,4899086.183727497,-7471697.840000001,0.0,4899086.183727497
MI-03,6,2023-08-24,0.0,-4851506.33,0.0,0.0
MI-07,6,2023-08-24,0.0,-7557531.73,0.0,0.0
MI-08,6,2023-08-24,9.313225746154785e-10,-5955001.17,0.0,9.313225746154785e-10
MN-02,6,2023-08-24,0.0,-7746197.789999999,0.0,0.0
NC-01,6,2023-08-24,0.0,-5606820.06,0.0,0.0
NC-13,6,2023-08-24,0.0,-1731102.48,0.0,0.0
NE-02,6,2023-08-24,17534151.84761946,-7363492.9799999995,0.0,17534151.84761946
NH-01,6,2023-08-24,0.0,-3483730.41,0.0,0.0
NH-02,6,2023-08-24,0.0,-4300980.61,0.0,0.0
NJ-07,6,2023-08-24,16856725.803490855,-6119226.8100000005,0.0,16856725.803490855
NM-01,6,2023-08-24,0.0,-1032043.2500000001,0.0,0.0
NM-02,6,2023-08-24,4072390.8802216295,-6679404.869999999,0.0,4072390.8802216295
NV-03,6,2023-08-24,9.313225746154785e-10,-5227142.76,0.0,9.313225746154785e-10
NY-03,6,2023-08-24,3435048.898522366,-7483207.59,0.0,3435048.898522366
NY-04,6,2023-08-24,14559552.169906285,-11357.089999999997,0.0,14559552.169906285
NY-17,6,2023-08-24,11509778.024794083,-9895162.8,0.0,11509778.024794083
NY-18,6,2023-08-24,1274216.0218709921,-7457726.74,0.0,1274216.0218709921
NY-19,6,2023-08-24,11283343.942509448,-9531557.0,0.0,11283343.942509448
NY-22,6,2023-08-24,14223637.565957336,-3938616.17,0.0,14223637.565957336
OH-01,6,2023-08-24,1584376.4654022963,-3307577.1300000004,0.0,1584376.4654022963
OH-09,6,2023-08-24,2536633.9789346056,-4745682.75,0.0,2536633.9789346056
OH-13,6,2023-08-24,0.0,-4945678.72,0.0,0.0
OR-05,6,2023-08-24,16948703.071813345,-7366440.96,0.0,16948703.071813345
PA-01,6,2023-08-24,17380613.43793196,-3865782.45,0.0,17380613.43793196
PA-07,6,2023-08-24,0.0,-8554815.73,0.0,0.0
PA-08,6,2023-08-24,4223187.499513753,-8248917.859999999,0.0,4223187.499513753
PA-17,6,2023-08-24,0.0,-4342538.0200000005,0.0,0.0
TX-15,6,2023-08-24,20048782.23145183,-2340607.4400000004,0.0,20048782.23145183
VA-02,6,2023-08-24,18801006.176281888,-3142816.04,0.0,18801006.176281888
VA-07,6,2023-08-24,0.0,-17866255.77,0.0,0.0
VA-10,6,2023-08-24,0.0,-2838557.78,0.0,0.0
WA-03,6,2023-08-24,6075639.110379476,-11799402.58,0.0,6075639.110379476
WA-08,6,2023-08-24,389230.21402239706,-4650777.4399999995,0.0,389230.21402239706
WI-01,6,2023-08-24,20265688.029020604,-2200665.11,0.0,20265688.029020604
AZ-01,7,2023-09-07,19184087.92364539,-5993841.54,0.0,19184087.92364539
AZ-04,7,2023-09-07,3388224.0719759045,-1569312.01,0.0,3388224.0719759045
CA-13,7,2023-09-07,14111891.49666357,-6154090.58,0.0,14111891.49666357
CA-22,7,2023-09-07,11444969.114523623,-6214866.8,0.0,11444969.114523623
CA-27,7,2023-09-07,14544627.951083567,-9880951.42,0.0,14544627.951083567
CA-40,7,2023-09-07,25711794.116918605,-2080215.6900000002,0.0,25711794.116918605
CA-45,7,2023-09-07,24115061.60496839,-6091831.9,0.0,24115061.60496839
CA-49,7,2023-09-07,9.313225746154785e-10,-4985228.11,0.0,9.313225746154785e-10
CO-07,7,2023-09-07,0.0,-1755941.23,0.0,0.0
CO-08,7,2023-09-07,0.0,-7848915.49,0.0,0.0
CT-02,7,2023-09-07,2135807.950187009,-1056999.3399999999,0.0,2135807.950187009
CT-05,7,2023-09-07,3542081.865727867,-3745584.5500000003,0.0,3542081.865727867
FL-27,7,2023-09-07,14562058.440385751,-641799.11,0.0,14562058.440385751
FL-28,7,2023-09-07,10939256.745940203,-1186116.33,0.0,10939256.745940203
IA-03,7,2023-09-07,19308694.584608022,-5490059.27,0.0,19308694.584608022
IL-17,7,2023-09-07,0.0,-4633454.09,0.0,0.0
KS-03,7,2023-09-07,0.0,-5284886.18,0.0,0.0
MD-06,7,2023-09-07,9.313225746154785e-10,-5930648.68,0.0,9.313225746154785e-10
ME-02,7,2023-09-07,4899086.183727497,-7471697.840000001,0.0,4899086.183727497
MI-03,7,2023-09-07,0.0,-4851506.33,0.0,0.0
MI-07,7,2023-09-07,0.0,-7557531.73,0.0,0.0
MI-08,7,2023-09-07,9.313225746154785e-10,-5955001.17,0.0,9.313225746154785e-10
MN-02,7,2023-09-07,0.0,-7746197.789999999,0.0,0.0
NC-01,7,2023-09-07,0.0,-5606820.06,0.0,0.0
NC-13,7,2023-09-07,0.0,-1731102.48,0.0,0.0
NE-02,7,2023-09-07,17534151.84761946,-7363492.9799999995,0.0,17534151.84761946
NH-01,7,2023-09-07,0.0,-3483730.41,0.0,0.0
NH-02,7,2023-09-07,0.0,-4300980.61,0.0,0.0
NJ-07,7,2023-09-07,16856725.803490855,-6119226.8100000005,0.0,16856725.803490855
NM-01,7,2023-09-07,0.0,-1032043.2500000001,0.0,0.0
NM-02,7,2023-09-07,4072390.8802216295,-6679404.869999999,0.0,4072390.8802216295
NV-03,7,2023-09-07,9.313225746154785e-10,-5227142.76,0.0,9.313225746154785e-10
NY-03,7,2023-09-07,3435048.898522366,-7483207.59,0.0,3435048.898522366
NY-04,7,2023-09-07,14559552.169906285,-11357.089999999997,0.0,14559552.169906285
NY-17,7,2023-09-07,11509778.024794083,-9895162.8,0.0,11509778.024794083
NY-18,7,2023-09-07,1274216.0218709921,-7457726.74,0.0,1274216.0218709921
NY-19,7,2023-09-07,11283343.942509448,-9531557.0,0.0,11283343.942509448
NY-22,7,2023-09-07,14223637.565957336,-3938616.17,0.0,14223637.565957336
OH-01,7,2023-09-07,1584376.4654022963,-3307577.1300000004,0.0,1584376.4654022963
OH-09,7,2023-09-07,2536633.9789346056,-4745682.75,0.0,2536633.9789346056
OH-13,7,2023-09-07,0.0,-4945678.72,0.0,0.0
OR-05,7,2023-09-07,16948703.071813345,-7366440.96,0.0,16948703.071813345
PA-01,7,2023-09-07,17380613.43793196,-3865782.45,0.0,17380613.43793196
PA-07,7,2023-09-07,0.0,-8554815.73,0.0,0.0
PA-08,7,2023-09-07,4223187.499513753,-8248917.859999999,0.0,4223187.499513753
PA-17,7,2023-09-07,0.0,-4342538.0200000005,0.0,0.0
TX-15,7,2023-09-07,20048782.23145183,-2340607.4400000004,0.0,20048782.23145183
VA-02,7,2023-09-07,18801006.176281888,-3142816.04,0.0,18801006.176281888
VA-07,7,2023-09-07,0.0,-17866255.77,0.0,0.0
VA-10,7,2023-09-07,0.0,-2838557.78,0.0,0.0
WA-03,7,2023-09-07,6075639.110379476,-11799402.58,0.0,6075639.110379476
WA-08,7,2023-09-07,389230.21402239706,-4650777.4399999995,0.0,389230.21402239706
WI-01,7,2023-09-07,20265688.029020604,-2200665.11,0.0,20265688.029020604
AZ-01,8,2023-09-21,19184087.92364539,-5993841.54,0.0,19184087.92364539
AZ-04,8,2023-09-21,3388224.0719759045,-1569312.01,0.0,3388224.0719759045
CA-13,8,2023-09-21,14111891.49666357,-6154090.58,0.0,14111891.49666357
CA-22,8,2023-09-21,11444969.114523623,-6214866.8,0.0,11444969.114523623
CA-27,8,2023-09-21,14544627.951083567,-9880951.42,0.0,14544627.951083567
CA-40,8,2023-09-21,25711794.116918605,-2080215.6900000002,0.0,25711794.116918605
CA-45,8,2023-09-21,24115061.60496839,-6091831.9,0.0,24115061.60496839
CA-49,8,2023-09-21,9.313225746154785e-10,-4985228.11,0.0,9.313225746154785e-10
CO-07,8,2023-09-21,0.0,-1755941.23,0.0,0.0
CO-08,8,2023-09-21,0.0,-7848915.49,0.0,0.0
CT-02,8,2023-09-21,2135807.950187009,-1056999.3399999999,0.0,2135807.950187009
CT-05,8,2023-09-21,3542081.865727867,-3745584.5500000003,0.0,3542081.865727867
FL-27,8,2023-09-21,14562058.440385751,-641799.11,0.0,14562058.440385751
FL-28,8,2023-09-21,10939256.745940203,-1186116.33,0.0,10939256.745940203
IA-03,8,2023-09-21,19308694.584608022,-5490059.27,0.0,19308694.584608022
IL-17,8,2023-09-21,0.0,-4633454.09,0.0,0.0
KS-03,8,2023-09-21,0.0,-5284886.18,0.0,0.0
MD-06,8,2023-09-21,9.313225746154785e-10,-5930648.68,0.0,9.313225746154785e-10
ME-02,8,2023-09-21,4899086.183727497,-7471697.840000001,0.0,4899086.183727497
MI-03,8,2023-09-21,0.0,-4851506.33,0.0,0.0
MI-07,8,2023-09-21,0.0,-7557531.73,0.0,0.0
MI-08,8,2023-09-21,9.313225746154785e-10,-5955001.17,0.0,9.313225746154785e-10
MN-02,8,2023-09-21,0.0,-7746197.789999999,0.0,0.0
NC-01,8,2023-09-21,0.0,-5606820.06,0.0,0.0
NC-13,8,2023-09-21,0.0,-1731102.48,0.0,0.0
NE-02,8,2023-09-21,17534151.84761946,-7363492.9799999995,0.0,17534151.84761946
NH-01,8,2023-09-21,0.0,-3483730.41,0.0,0.0
NH-02,8,2023-09-21,0.0,-4300980.61,0.0,0.0
NJ-07,8,2023-09-21,16856725.803490855,-6119226.8100000005,0.0,16856725.803490855
NM-01,8,2023-09-21,0.0,-1032043.2500000001,0.0,0.0
NM-02,8,2023-09-21,4072390.8802216295,-6679404.869999999,0.0,4072390.8802216295
NV-03,8,2023-09-21,9.313225746154785e-10,-5227142.76,0.0,9.313225746154785e-10
NY-03,8,2023-09-21,3435048.898522366,-7483207.59,0.0,3435048.898522366
NY-04,8,2023-09-21,14559552.169906285,-11357.089999999997,0.0,14559552.169906285
NY-17,8,2023-09-21,11509778.024794083,-9895162.8,0.0,11509778.024794083
NY-18,8,2023-09-21,1274216.0218709921,-7457726.74,0.0,1274216.0218709921
NY-19,8,2023-09-21,11283343.942509448,-9531557.0,0.0,11283343.942509448
NY-22,8,2023-09-21,14223637.565957336,-3938616.17,0.0,14223637.565957336
OH-01,8,2023-09-21,1584376.4654022963,-3307577.1300000004,0.0,1584376.4654022963
OH-09,8,2023-09-21,2536633.9789346056,-4745682.75,0.0,2536633.9789346056
OH-13,8,2023-09-21,0.0,-4945678.72,0.0,0.0
OR-05,8,2023-09-21,16948703.071813345,-7366440.96,0.0,16948703.071813345
PA-01,8,2023-09-21,17380613.43793196,-3865782.45,0.0,17380613.43793196
PA-07,8,2023-09-21,0.0,-8554815.73,0.0,0.0
PA-08,8,2023-09-21,4223187.499513753,-8248917.859999999,0.0,4223187.499513753
PA-17,8,2023-09-21,0.0,-4342538.0200000005,0.0,0.0
TX-15,8,2023-09-21,20048782.23145183,-2340607.4400000004,0.0,20048782.23145183
VA-02,8,2023-09-21,18801006.176281888,-3142816.04,0.0,18801006.176281888
VA-07,8,2023-09-21,0.0,-17866255.77,0.0,0.0
VA-10,8,2023-09-21,0.0,-2838557.78,0.0,0.0
WA-03,8,2023-09-21,6075639.110379476,-11799402.58,0.0,6075639.110379476
WA-08,8,2023-09-21,389230.21402239706,-4650777.4399999995,0.0,389230.21402239706
WI-01,8,2023-09-21,20265688.029020604,-2200665.11,0.0,20265688.029020604
AZ-01,9,2023-10-05,17915157.975685686,-5858738.92,135102.6200000001,17780055.355685685
AZ-04,9,2023-10-05,3465925.800219699,-1451510.27,117801.73999999999,3348124.0602196986
CA-13,9,2023-10-05,14207246.84045114,-6092605.1899999995,61485.390000000596,14145761.45045114
CA-22,9,2023-10-05,12298780.891345862,-6152142.3,62724.5,12236056.391345862
CA-27,9,2023-10-05,15560591.088955592,-9696079.23,184872.18999999948,15375718.898955593
CA-40,9,2023-10-05,25336594.970000926,-2015408.73,64806.960000000196,25271788.010000926
CA-45,9,2023-10-05,23182173.310538217,-6091831.9,0.0,23182173.310538217
CA-49,9,2023-10-05,535762.0726478975,-4694233.12,290994.9900000002,244767.0826478973
CO-07,9,2023-10-05,0.0,-1637306.14,118635.09000000008,-118635.09000000008
CO-08,9,2023-10-05,9.313225746154785e-10,-7680256.109999999,168659.38000000082,-168659.3799999999
CT-02,9,2023-10-05,2092204.0747390764,-960871.94,96127.3999999999,1996076.6747390765
CT-05,9,2023-10-05,2439311.9922091775,-3616791.2600000002,128793.29000000004,2310518.7022091774
FL-27,9,2023-10-05,14330554.319327578,-641799.11,0.0,14330554.319327578
FL-28,9,2023-10-05,13105168.685419494,-582862.4,603253.93,12501914.755419495
IA-03,9,2023-10-05,19711999.875215143,-5490059.27,0.0,19711999.875215143
IL-17,9,2023-10-05,0.0,-4512783.93,120670.16000000015,-120670.16000000015
KS-03,9,2023-10-05,2172090.3572138585,-5115837.18,169049.0,2003041.3572138585
MD-06,9,2023-10-05,323141.8697142713,-5930648.68,0.0,323141.8697142713
ME-02,9,2023-10-05,2664757.44131016,-7179877.86,291819.98000000045,2372937.4613101594
MI-03,9,2023-10-05,1.862645149230957e-09,-4851506.33,0.0,1.862645149230957e-09
MI-07,9,2023-10-05,1382379.3828745969,-7435506.75,122024.98000000045,1260354.4028745964
MI-08,9,2023-10-05,0.0,-5955001.17,0.0,0.0
MN-02,9,2023-10-05,0.0,-7512459.4399999995,233738.34999999963,-233738.34999999963
NC-01,9,2023-10-05,0.0,-5552531.9799999995,54288.080000000075,-54288.080000000075
NC-13,9,2023-10-05,0.0,-1731102.48,0.0,0.0
NE-02,9,2023-10-05,18472625.128802896,-7220431.22,143061.75999999978,18329563.368802898
NH-01,9,2023-10-05,204701.9426125083,-3383455.35,100275.06000000006,104426.88261250826
NH-02,9,2023-10-05,0.0,-4300980.61,0.0,0.0
NJ-07,9,2023-10-05,16483632.722879877,-6001130.12,118096.69000000041,16365536.032879878
NM-01,9,2023-10-05,0.0,-914400.0200000001,117643.22999999998,-117643.22999999998
NM-02,9,2023-10-05,3817336.8794517703,-6536817.239999999,142587.6299999999,3674749.2494517704
NV-03,9,2023-10-05,0.0,-5049595.06,177547.7000000002,-177547.7000000002
NY-03,9,2023-10-05,1797981.3479328044,-7480217.18,2990.410000000149,1794990.9379328042
NY-04,9,2023-10-05,12667303.396295847,68735.72,80092.81,12587210.586295847
NY-17,9,2023-10-05,12613006.420697127,-9895162.8,0.0,12613006.420697127
NY-18,9,2023-10-05,9.313225746154785e-10,-7173670.67,284056.0700000003,-284056.06999999937
NY-19,9,2023-10-05,12047430.046312617,-9331360.209999999,200196.79000000097,11847233.256312616
NY-22,9,2023-10-05,15871960.86468857,-3868741.19,69874.97999999998,15802085.88468857
OH-01,9,2023-10-05,722061.4158353587,-3221548.62,86028.51000000024,636032.9058353584
OH-09,9,2023-10-05,1224094.6916796612,-4658366.45,87316.29999999981,1136778.3916796613
OH-13,9,2023-10-05,0.0,-4792669.609999999,153009.11000000034,-153009.11000000034
OR-05,9,2023-10-05,17467878.484229174,-7298046.46,68394.5,17399483.984229174
PA-01,9,2023-10-05,18075463.684393913,-3727207.56,138574.89000000013,17936888.794393912
PA-07,9,2023-10-05,0.0,-8390568.96,164246.76999999955,-164246.76999999955
PA-08,9,2023-10-05,2006595.4538477827,-8080698.47,168219.38999999966,1838376.063847783
PA-17,9,2023-10-05,9.313225746154785e-10,-4207265.37,135272.65000000037,-135272.64999999944
TX-15,9,2023-10-05,20435090.217049062,-2211281.5700000003,129325.87000000011,20305764.34704906
VA-02,9,2023-10-05,19220220.399261896,-3137175.0,5641.040000000037,19214579.359261896
VA-07,9,2023-10-05,0.0,-17866255.77,0.0,0.0
VA-10,9,2023-10-05,0.0,-2838557.78,0.0,0.0
WA-03,9,2023-10-05,5967317.515975717,-11798776.48,626.0999999996275,5966691.415975718
WA-08,9,2023-10-05,1208235.3724183198,-4447033.08,203744.3599999994,1004491.0124183204
WI-01,9,2023-10-05,19863570.487766735,-2200665.11,0.0,19863570.487766735
AZ-01,10,2023-10-19,17915157.975685686,-5858738.92,0.0,17915157.975685686
AZ-04,10,2023-10-19,3465925.800219699,-1451510.27,0.0,3465925.800219699
CA-13,10,2023-10-19,14207246.84045114,-6092605.1899999995,0.0,14207246.84045114
CA-22,10,2023-10-19,12298780.891345862,-6152142.3,0.0,12298780.891345862
CA-27,10,2023-10-19,15560591.088955592,-9696079.23,0.0,15560591.088955592
CA-40,10,2023-10-19,25336594.970000926,-2015408.73,0.0,25336594.970000926
CA-45,10,2023-10-19,23182173.310538217,-6091831.9,0.0,23182173.310538217
CA-49,10,2023-10-19,535762.0726478975,-4694233.12,0.0,535762.0726478975
CO-07,10,2023-10-19,0.0,-1637306.14,0.0,0.0
CO-08,10,2023-10-19,9.313225746154785e-10,-7680256.109999999,0.0,9.313225746154785e-10
CT-02,10,2023-10-19,2092204.0747390764,-960871.94,0.0,2092204.0747390764
CT-05,10,2023-10-19,2439311.9922091775,-3616791.2600000002,0.0,2439311.9922091775
FL-27,10,2023-10-19,14330554.319327578,-641799.11,0.0,14330554.319327578
FL-28,10,2023-10-19,13105168.685419494,-582862.4,0.0,13105168.685419494
IA-03,10,2023-10-19,19711999.875215143,-5490059.27,0.0,19711999.875215143
IL-17,10,2023-10-19,0.0,-4512783.93,0.0,0.0
KS-03,10,2023-10-19,2172090.3572138585,-5115837.18,0.0,2172090.3572138585
MD-06,10,2023-10-19,323141.8697142713,-5930648.68,0.0,323141.8697142713
ME-02,10,2023-10-19,2664757.44131016,-7179877.86,0.0,2664757.44131016
MI-03,10,2023-10-19,1.862645149230957e-09,-4851506.33,0.0,1.862645149230957e-09
MI-07,10,2023-10-19,1382379.3828745969,-7435506.75,0.0,1382379.3828745969
MI-08,10,2023-10-19,0.0,-5955001.17,0.0,0.0
MN-02,10,2023-10-19,0.0,-7512459.4399999995,0.0,0.0
NC-01,10,2023-10-19,0.0,-5552531.9799999995,0.0,0.0
NC-13,10,2023-10-19,0.0,-1731102.48,0.0,0.0
NE-02,10,2023-10-19,18472625.128802896,-7220431.22,0.0,18472625.128802896
NH-01,10,2023-10-19,204701.9426125083,-3383455.35,0.0,204701.9426125083
NH-02,10,2023-10-19,0.0,-4300980.61,0.0,0.0
NJ-07,10,2023-10-19,16483632.722879877,-6001130.12,0.0,16483632.722879877
NM-01,10,2023-10-19,0.0,-914400.0200000001,0.0,0.0
NM-02,10,2023-10-19,3817336.8794517703,-6536817.239999999,0.0,3817336.8794517703
NV-03,10,2023-10-19,0.0,-5049595.06,0.0,0.0
NY-03,10,2023-10-19,1797981.3479328044,-7480217.18,0.0,1797981.3479328044
NY-04,10,2023-10-19,12667303.396295847,68735.72,0.0,12667303.396295847
NY-17,10,2023-10-19,12613006.420697127,-9895162.8,0.0,12613006.420697127
NY-18,10,2023-10-19,9.313225746154785e-10,-7173670.67,0.0,9.313225746154785e-10
NY-19,10,2023-10-19,12047430.046312617,-9331360.209999999,0.0,12047430.046312617
NY-22,10,2023-10-19,15871960.86468857,-3868741.19,0.0,15871960.86468857
OH-01,10,2023-10-19,722061.4158353587,-3221548.62,0.0,722061.4158353587
OH-09,10,2023-10-19,1224094.6916796612,-4658366.45,0.0,1224094.6916796612
OH-13,10,2023-10-19,0.0,-4792669.609999999,0.0,0.0
OR-05,10,2023-10-19,17467878.484229174,-7298046.46,0.0,17467878.484229174
PA-01,10,2023-10-19,18075463.684393913,-3727207.56,0.0,18075463.684393913
PA-07,10,2023-10-19,0.0,-8390568.96,0.0,0.0
PA-08,10,2023-10-19,2006595.4538477827,-8080698.47,0.0,2006595.4538477827
PA-17,10,2023-10-19,9.313225746154785e-10,-4207265.37,0.0,9.313225746154785e-10
TX-15,10,2023-10-19,20435090.217049062,-2211281.5700000003,0.0,20435090.217049062
VA-02,10,2023-10-19,19220220.399261896,-3137175.0,0.0,19220220.399261896
VA-07,10,2023-10-19,0.0,-17866255.77,0.0,0.0
VA-10,10,2023-10-19,0.0,-2838557.78,0.0,0.0
WA-03,10,2023-10-19,5967317.515975717,-11798776.48,0.0,5967317.515975717
WA-08,10,2023-10-19,1208235.3724183198,-4447033.08,0.0,1208235.3724183198
WI-01,10,2023-10-19,19863570.487766735,-2200665.11,0.0,19863570.487766735
AZ-01,11,2023-11-02,17915157.975685686,-5858738.92,0.0,17915157.975685686
AZ-04,11,2023-11-02,3465925.800219699,-1451510.27,0.0,3465925.800219699
CA-13,11,2023-11-02,14207246.84045114,-6092605.1899999995,0.0,14207246.84045114
CA-22,11,2023-11-02,12298780.891345862,-6152142.3,0.0,12298780.891345862
CA-27,11,2023-11-02,15560591.088955592,-9696079.23,0.0,15560591.088955592
CA-40,11,2023-11-02,25336594.970000926,-2015408.73,0.0,25336594.970000926
CA-45,11,2023-11-02,23182173.310538217,-6091831.9,0.0,23182173.310538217
CA-49,11,2023-11-02,535762.0726478975,-4694233.12,0.0,535762.0726478975
CO-07,11,2023-11-02,0.0,-1637306.14,0.0,0.0
CO-08,11,2023-11-02,9.313225746154785e-10,-7680256.109999999,0.0,9.313225746154785e-10
CT-02,11,2023-11-02,2092204.0747390764,-960871.94,0.0,2092204.0747390764
CT-05,11,2023-11-02,2439311.9922091775,-3616791.2600000002,0.0,2439311.9922091775
FL-27,11,2023-11-02,14330554.319327578,-641799.11,0.0,14330554.319327578
FL-28,11,2023-11-02,13105168.685419494,-582862.4,0.0,13105168.685419494
IA-03,11,2023-11-02,19711999.875215143,-5490059.27,0.0,19711999.875215143
IL-17,11,2023-11-02,0.0,-4512783.93,0.0,0.0
KS-03,11,2023-11-02,2172090.3572138585,-5115837.18,0.0,2172090.3572138585
MD-06,11,2023-11-02,323141.8697142713,-5930648.68,0.0,323141.8697142713
ME-02,11,2023-11-02,2664757.44131016,-7179877.86,0.0,2664757.44131016
MI-03,11,2023-11-02,1.862645149230957e-09,-4851506.33,0.0,1.862645149230957e-09
MI-07,11,2023-11-02,1382379.3828745969,-7435506.75,0.0,1382379.3828745969
MI-08,11,2023-11-02,0.0,-5955001.17,0.0,0.0
MN-02,11,2023-11-02,0.0,-7512459.4399999995,0.0,0.0
NC-01,11,2023-11-02,0.0,-5552531.9799999995,0.0,0.0
NC-13,11,2023-11-02,0.0,-1731102.48,0.0,0.0
NE-02,11,2023-11-02,18472625.128802896,-7220431.22,0.0,18472625.128802896
NH-01,11,2023-11-02,204701.9426125083,-3383455.35,0.0,204701.9426125083
NH-02,11,2023-11-02,0.0,-4300980.61,0.0,0.0
NJ-07,11,2023-11-02,16483632.722879877,-6001130.12,0.0,16483632.722879877
NM-01,11,2023-11-02,0.0,-914400.0200000001,0.0,0.0
NM-02,11,2023-11-02,3817336.8794517703,-6536817.239999999,0.0,3817336.8794517703
NV-03,11,2023-11-02,0.0,-5049595.06,0.0,0.0
NY-03,11,2023-11-02,1797981.3479328044,-7480217.18,0.0,1797981.3479328044
NY-04,11,2023-11-02,12667303.396295847,68735.72,0.0,12667303.396295847
NY-17,11,2023-11-02,12613006.420697127,-9895162.8,0.0,12613006.420697127
NY-18,11,2023-11-02,9.313225746154785e-10,-7173670.67,0.0,9.313225746154785e-10
NY-19,11,2023-11-02,12047430.046312617,-9331360.209999999,0.0,12047430.046312617
NY-22,11,2023-11-02,15871960.86468857,-3868741.19,0.0,15871960.86468857
OH-01,11,2023-11-02,722061.4158353587,-3221548.62,0.0,722061.4158353587
OH-09,11,2023-11-02,1224094.6916796612,-4658366.45,0.0,1224094.6916796612
OH-13,11,2023-11-02,0.0,-4792669.609999999,0.0,0.0
OR-05,11,2023-11-02,17467878.484229174,-7298046.46,0.0,17467878.484229174
PA-01,11,2023-11-02,18075463.684393913,-3727207.56,0.0,18075463.684393913
PA-07,11,2023-11-02,0.0,-8390568.96,0.0,0.0
PA-08,11,2023-11-02,2006595.4538477827,-8080698.47,0.0,2006595.4538477827
PA-17,11,2023-11-02,9.313225746154785e-10,-4207265.37,0.0,9.313225746154785e-10
TX-15,11,2023-11-02,20435090.217049062,-2211281.5700000003,0.0,20435090.217049062
VA-02,11,2023-11-02,19220220.399261896,-3137175.0,0.0,19220220.399261896
VA-07,11,2023-11-02,0.0,-17866255.77,0.0,0.0
VA-10,11,2023-11-02,0.0,-2838557.78,0.0,0.0
WA-03,11,2023-11-02,5967317.515975717,-11798776.48,0.0,5967317.515975717
WA-08,11,2023-11-02,1208235.3724183198,-4447033.08,0.0,1208235.3724183198
WI-01,11,2023-11-02,19863570.487766735,-2200665.11,0.0,19863570.487766735
AZ-01,12,2023-11-16,17915157.975685686,-5858738.92,0.0,17915157.975685686
AZ-04,12,2023-11-16,3465925.800219699,-1451510.27,0.0,3465925.800219699
CA-13,12,2023-11-16,14207246.84045114,-6092605.1899999995,0.0,14207246.84045114
CA-22,12,2023-11-16,12298780.891345862,-6152142.3,0.0,12298780.891345862
CA-27,12,2023-11-16,15560591.088955592,-9696079.23,0.0,15560591.088955592
CA-40,12,2023-11-16,25336594.970000926,-2015408.73,0.0,25336594.970000926
CA-45,12,2023-11-16,23182173.310538217,-6091831.9,0.0,23182173.310538217
CA-49,12,2023-11-16,535762.0726478975,-4694233.12,0.0,535762.0726478975
CO-07,12,2023-11-16,0.0,-1637306.14,0.0,0.0
CO-08,12,2023-11-16,9.313225746154785e-10,-7680256.109999999,0.0,9.313225746154785e-10
CT-02,12,2023-11-16,2092204.0747390764,-960871.94,0.0,2092204.0747390764
CT-05,12,2023-11-16,2439311.9922091775,-3616791.2600000002,0.0,2439311.9922091775
FL-27,12,2023-11-16,14330554.319327578,-641799.11,0.0,14330554.319327578
FL-28,12,2023-11-16,13105168.685419494,-582862.4,0.0,13105168.685419494
IA-03,12,2023-11-16,19711999.875215143,-5490059.27,0.0,19711999.875215143
IL-17,12,2023-11-16,0.0,-4512783.93,0.0,0.0
KS-03,12,2023-11-16,2172090.3572138585,-5115837.18,0.0,2172090.3572138585
MD-06,12,2023-11-16,323141.8697142713,-5930648.68,0.0,323141.8697142713
ME-02,12,2023-11-16,2664757.44131016,-7179877.86,0.0,2664757.44131016
MI-03,12,2023-11-16,1.862645149230957e-09,-4851506.33,0.0,1.862645149230957e-09
MI-07,12,2023-11-16,1382379.3828745969,-7435506.75,0.0,1382379.3828745969
MI-08,12,2023-11-16,0.0,-5955001.17,0.0,0.0
MN-02,12,2023-11-16,0.0,-7512459.4399999995,0.0,0.0
NC-01,12,2023-11-16,0.0,-5552531.9799999995,0.0,0.0
NC-13,12,2023-11-16,0.0,-1731102.48,0.0,0.0
NE-02,12,2023-11-16,18472625.128802896,-7220431.22,0.0,18472625.128802896
NH-01,12,2023-11-16,204701.9426125083,-3383455.35,0.0,204701.9426125083
NH-02,12,2023-11-16,0.0,-4300980.61,0.0,0.0
NJ-07,12,2023-11-16,16483632.722879877,-6001130.12,0.0,16483632.722879877
NM-01,12,2023-11-16,0.0,-914400.0200000001,0.0,0.0
NM-02,12,2023-11-16,3817336.8794517703,-6536817.239999999,0.0,3817336.8794517703
NV-03,12,2023-11-16,0.0,-5049595.06,0.0,0.0
NY-03,12,2023-11-16,1797981.3479328044,-7480217.18,0.0,1797981.3479328044
NY-04,12,2023-11-16,12667303.396295847,68735.72,0.0,12667303.396295847
NY-17,12,2023-11-16,12613006.420697127,-9895162.8,0.0,12613006.420697127
NY-18,12,2023-11-16,9.313225746154785e-10,-7173670.67,0.0,9.313225746154785e-10
NY-19,12,2023-11-16,12047430.046312617,-9331360.209999999,0.0,12047430.046312617
NY-22,12,2023-11-16,15871960.86468857,-3868741.19,0.0,15871960.86468857
OH-01,12,2023-11-16,722061.4158353587,-3221548.62,0.0,722061.4158353587
OH-09,12,2023-11-16,1224094.6916796612,-4658366.45,0.0,1224094.6916796612
OH-13,12,2023-11-16,0.0,-4792669.609999999,0.0,0.0
OR-05,12,2023-11-16,17467878.484229174,-7298046.46,0.0,17467878.484229174
PA-01,12,2023-11-16,18075463.684393913,-3727207.56,0.0,18075463.684393913
PA-07,12,2023-11-16,0.0,-8390568.96,0.0,0.0
PA-08,12,2023-11-16,2006595.4538477827,-8080698.47,0.0,2006595.4538477827
PA-17,12,2023-11-16,9.313225746154785e-10,-4207265.37,0.0,9.313225746154785e-10
TX-15,12,2023-11-16,20435090.217049062,-2211281.5700000003,0.0,20435090.217049062
VA-02,12,2023-11-16,19220220.399261896,-3137175.0,0.0,19220220.399261896
VA-07,12,2023-11-16,0.0,-17866255.77,0.0,0.0
VA-10,12,2023-11-16,0.0,-2838557.78,0.0,0.0
WA-03,12,2023-11-16,5967317.515975717,-11798776.48,0.0,5967317.515975717
WA-08,12,2023-11-16,1208235.3724183198,-4447033.08,0.0,1208235.3724183198
WI-01,12,2023-11-16,19863570.487766735,-2200665.11,0.0,19863570.487766735
AZ-01,13,2023-11-30,17915157.975685686,-5858738.92,0.0,17915157.975685686
AZ-04,13,2023-11-30,3465925.800219699,-1451510.27,0.0,3465925.800219699
CA-13,13,2023-11-30,14207246.84045114,-6092605.1899999995,0.0,14207246.84045114
CA-22,13,2023-11-30,12298780.891345862,-6152142.3,0.0,12298780.891345862
CA-27,13,2023-11-30,15560591.088955592,-9696079.23,0.0,15560591.088955592
CA-40,13,2023-11-30,25336594.970000926,-2015408.73,0.0,25336594.970000926
CA-45,13,2023-11-30,23182173.310538217,-6091831.9,0.0,23182173.310538217
CA-49,13,2023-11-30,535762.0726478975,-4694233.12,0.0,535762.0726478975
CO-07,13,2023-11-30,0.0,-1637306.14,0.0,0.0
CO-08,13,2023-11-30,9.313225746154785e-10,-7680256.109999999,0.0,9.313225746154785e-10
CT-02,13,2023-11-30,2092204.0747390764,-960871.94,0.0,2092204.0747390764
CT-05,13,2023-11-30,2439311.9922091775,-3616791.2600000002,0.0,2439311.9922091775
FL-27,13,2023-11-30,14330554.319327578,-641799.11,0.0,14330554.319327578
FL-28,13,2023-11-30,13105168.685419494,-582862.4,0.0,13105168.685419494
IA-03,13,2023-11-30,19711999.875215143,-5490059.27,0.0,19711999.875215143
IL-17,13,2023-11-30,0.0,-4512783.93,0.0,0.0
KS-03,13,2023-11-30,2172090.3572138585,-5115837.18,0.0,2172090.3572138585
MD-06,13,2023-11-30,323141.8697142713,-5930648.68,0.0,323141.8697142713
ME-02,13,2023-11-30,2664757.44131016,-7179877.86,0.0,2664757.44131016
MI-03,13,2023-11-30,1.862645149230957e-09,-4851506.33,0.0,1.862645149230957e-09
MI-07,13,2023-11-30,1382379.3828745969,-7435506.75,0.0,1382379.3828745969
MI-08,13,2023-11-30,0.0,-5955001.17,0.0,0.0
MN-02,13,2023-11-30,0.0,-7512459.4399999995,0.0,0.0
NC-01,13,2023-11-30,0.0,-5552531.9799999995,0.0,0.0
NC-13,13,2023-11-30,0.0,-1731102.48,0.0,0.0
NE-02,13,2023-11-30,18472625.128802896,-7220431.22,0.0,18472625.128802896
NH-01,13,2023-11-30,204701.9426125083,-3383455.35,0.0,204701.9426125083
NH-02,13,2023-11-30,0.0,-4300980.61,0.0,0.0
NJ-07,13,2023-11-30,16483632.722879877,-6001130.12,0.0,16483632.722879877
NM-01,13,2023-11-30,0.0,-914400.0200000001,0.0,0.0
NM-02,13,2023-11-30,3817336.8794517703,-6536817.239999999,0.0,3817336.8794517703
NV-03,13,2023-11-30,0.0,-5049595.06,0.0,0.0
NY-03,13,2023-11-30,1797981.3479328044,-7480217.18,0.0,1797981.3479328044
NY-04,13,2023-11-30,12667303.396295847,68735.72,0.0,12667303.396295847
NY-17,13,2023-11-30,12613006.420697127,-9895162.8,0.0,12613006.420697127
NY-18,13,2023-11-30,9.313225746154785e-10,-7173670.67,0.0,9.313225746154785e-10
NY-19,13,2023-11-30,12047430.046312617,-9331360.209999999,0.0,12047430.046312617
NY-22,13,2023-11-30,15871960.86468857,-3868741.19,0.0,15871960.86468857
OH-01,13,2023-11-30,722061.4158353587,-3221548.62,0.0,722061.4158353587
OH-09,13,2023-11-30,1224094.6916796612,-4658366.45,0.0,1224094.6916796612
OH-13,13,2023-11-30,0.0,-4792669.609999999,0.0,0.0
OR-05,13,2023-11-30,17467878.484229174,-7298046.46,0.0,17467878.484229174
PA-01,13,2023-11-30,18075463.684393913,-3727207.56,0.0,18075463.684393913
PA-07,13,2023-11-30,0.0,-8390568.96,0.0,0.0
PA-08,13,2023-11-30,2006595.4538477827,-8080698.47,0.0,2006595.4538477827
PA-17,13,2023-11-30,9.313225746154785e-10,-4207265.37,0.0,9.313225746154785e-10
TX-15,13,2023-11-30,20435090.217049062,-2211281.5700000003,0.0,20435090.217049062
VA-02,13,2023-11-30,19220220.399261896,-3137175.0,0.0,19220220.399261896
VA-07,13,2023-11-30,0.0,-17866255.77,0.0,0.0
VA-10,13,2023-11-30,0.0,-2838557.78,0.0,0.0
WA-03,13,2023-11-30,5967317.515975717,-11798776.48,0.0,5967317.515975717
WA-08,13,2023-11-30,1208235.3724183198,-4447033.08,0.0,1208235.3724183198
WI-01,13,2023-11-30,19863570.487766735,-2200665.11,0.0,19863570.487766735
AZ-01,14,2023-12-14,17915157.975685686,-5858738.92,0.0,17915157.975685686
AZ-04,14,2023-12-14,3465925.800219699,-1451510.27,0.0,3465925.800219699
CA-13,14,2023-12-14,14207246.84045114,-6092605.1899999995,0.0,14207246.84045114
CA-22,14,2023-12-14,12298780.891345862,-6152142.3,0.0,12298780.891345862
CA-27,14,2023-12-14,15560591.088955592,-9696079.23,0.0,15560591.088955592
CA-40,14,2023-12-14,25336594.970000926,-2015408.73,0.0,25336594.970000926
CA-45,14,2023-12-14,23182173.310538217,-6091831.9,0.0,23182173.310538217
CA-49,14,2023-12-14,535762.0726478975,-4694233.12,0.0,535762.0726478975
CO-07,14,2023-12-14,0.0,-1637306.14,0.0,0.0
CO-08,14,2023-12-14,9.313225746154785e-10,-7680256.109999999,0.0,9.313225746154785e-10
CT-02,14,2023-12-14,2092204.0747390764,-960871.94,0.0,2092204.0747390764
CT-05,14,2023-12-14,2439311.9922091775,-3616791.2600000002,0.0,2439311.9922091775
FL-27,14,2023-12-14,14330554.319327578,-641799.11,0.0,14330554.319327578
FL-28,14,2023-12-14,13105168.685419494,-582862.4,0.0,13105168.685419494
IA-03,14,2023-12-14,19711999.875215143,-5490059.27,0.0,19711999.875215143
IL-17,14,2023-12-14,0.0,-4512783.93,0.0,0.0
KS-03,14,2023-12-14,2172090.3572138585,-5115837.18,0.0,2172090.3572138585
MD-06,14,2023-12-14,323141.8697142713,-5930648.68,0.0,323141.8697142713
ME-02,14,2023-12-14,2664757.44131016,-7179877.86,0.0,2664757.44131016
MI-03,14,2023-12-14,1.862645149230957e-09,-4851506.33,0.0,1.862645149230957e-09
MI-07,14,2023-12-14,1382379.3828745969,-7435506.75,0.0,1382379.3828745969
MI-08,14,2023-12-14,0.0,-5955001.17,0.0,0.0
MN-02,14,2023-12-14,0.0,-7512459.4399999995,0.0,0.0
NC-01,14,2023-12-14,0.0,-5552531.9799999995,0.0,0.0
NC-13,14,2023-12-14,0.0,-1731102.48,0.0,0.0
NE-02,14,2023-12-14,18472625.128802896,-7220431.22,0.0,18472625.128802896
NH-01,14,2023-12-14,204701.9426125083,-3383455.35,0.0,204701.9426125083
NH-02,14,2023-12-14,0.0,-4300980.61,0.0,0.0
NJ-07,14,2023-12-14,16483632.722879877,-6001130.12,0.0,16483632.722879877
NM-01,14,2023-12-14,0.0,-914400.0200000001,0.0,0.0
NM-02,14,2023-12-14,3817336.8794517703,-6536817.239999999,0.0,3817336.8794517703
NV-03,14,2023-12-14,0.0,-5049595.06,0.0,0.0
NY-03,14,2023-12-14,1797981.3479328044,-7480217.18,0.0,1797981.3479328044
NY-04,14,2023-12-14,12667303.396295847,68735.72,0.0,12667303.396295847
NY-17,14,2023-12-14,12613006.420697127,-9895162.8,0.0,12613006.420697127
NY-18,14,2023-12-14,9.313225746154785e-10,-7173670.67,0.0,9.313225746154785e-10
NY-19,14,2023-12-14,12047430.046312617,-9331360.209999999,0.0,12047430.046312617
NY-22,14,2023-12-14,15871960.86468857,-3868741.19,0.0,15871960.86468857
OH-01,14,2023-12-14,722061.4158353587,-3221548.62,0.0,722061.4158353587
OH-09,14,2023-12-14,1224094.6916796612,-4658366.45,0.0,1224094.6916796612
OH-13,14,2023-12-14,0.0,-4792669.609999999,0.0,0.0
OR-05,14,2023-12-14,17467878.484229174,-7298046.46,0.0,17467878.484229174
PA-01,14,2023-12-14,18075463.684393913,-3727207.56,0.0,18075463.684393913
PA-07,14,2023-12-14,0.0,-8390568.96,0.0,0.0
PA-08,14,2023-12-14,2006595.4538477827,-8080698.47,0.0,2006595.4538477827
PA-17,14,2023-12-14,9.313225746154785e-10,-4207265.37,0.0,9.313225746154785e-10
TX-15,14,2023-12-14,20435090.217049062,-2211281.5700000003,0.0,20435090.217049062
VA-02,14,2023-12-14,19220220.399261896,-3137175.0,0.0,19220220.399261896
VA-07,14,2023-12-14,0.0,-17866255.77,0.0,0.0
VA-10,14,2023-12-14,0.0,-2838557.78,0.0,0.0
WA-03,14,2023-12-14,5967317.515975717,-11798776.48,0.0,5967317.515975717
WA-08,14,2023-12-14,1208235.3724183198,-4447033.08,0.0,1208235.3724183198
WI-01,14,2023-12-14,19863570.487766735,-2200665.11,0.0,19863570.487766735
AZ-01,15,2023-12-28,17915157.975685686,-5858738.92,0.0,17915157.975685686
AZ-04,15,2023-12-28,3465925.800219699,-1451510.27,0.0,3465925.800219699
CA-13,15,2023-12-28,14207246.84045114,-6092605.1899999995,0.0,14207246.84045114
CA-22,15,2023-12-28,12298780.891345862,-6152142.3,0.0,12298780.891345862
CA-27,15,2023-12-28,15560591.088955592,-9696079.23,0.0,15560591.088955592
CA-40,15,2023-12-28,25336594.970000926,-2015408.73,0.0,25336594.970000926
CA-45,15,2023-12-28,23182173.310538217,-6091831.9,0.0,23182173.310538217
CA-49,15,2023-12-28,535762.0726478975,-4694233.12,0.0,535762.0726478975
CO-07,15,2023-12-28,0.0,-1637306.14,0.0,0.0
CO-08,15,2023-12-28,9.313225746154785e-10,-7680256.109999999,0.0,9.313225746154785e-10
CT-02,15,2023-12-28,2092204.0747390764,-960871.94,0.0,2092204.0747390764
CT-05,15,2023-12-28,2439311.9922091775,-3616791.2600000002,0.0,2439311.9922091775
FL-27,15,2023-12-28,14330554.319327578,-641799.11,0.0,14330554.319327578
FL-28,15,2023-12-28,13105168.685419494,-582862.4,0.0,13105168.685419494
IA-03,15,2023-12-28,19711999.875215143,-5490059.27,0.0,19711999.875215143
IL-17,15,2023-12-28,0.0,-4512783.93,0.0,0.0
KS-03,15,2023-12-28,2172090.3572138585,-5115837.18,0.0,2172090.3572138585
MD-06,15,2023-12-28,323141.8697142713,-5930648.68,0.0,323141.8697142713
ME-02,15,2023-12-28,2664757.44131016,-7179877.86,0.0,2664757.44131016
MI-03,15,2023-12-28,1.862645149230957e-09,-4851506.33,0.0,1.862645149230957e-09
MI-07,15,2023-12-28,1382379.3828745969,-7435506.75,0.0,1382379.3828745969
MI-08,15,2023-12-28,0.0,-5955001.17,0.0,0.0
MN-02,15,2023-12-28,0.0,-7512459.4399999995,0.0,0.0
NC-01,15,2023-12-28,0.0,-5552531.9799999995,0.0,0.0
NC-13,15,2023-12-28,0.0,-1731102.48,0.0,0.0
NE-02,15,2023-12-28,18472625.128802896,-7220431.22,0.0,18472625.128802896
NH-01,15,2023-12-28,204701.9426125083,-3383455.35,0.0,204701.9426125083
NH-02,15,2023-12-28,0.0,-4300980.61,0.0,0.0
NJ-07,15,2023-12-28,16483632.722879877,-6001130.12,0.0,16483632.722879877
NM-01,15,2023-12-28,0.0,-914400.0200000001,0.0,0.0
NM-02,15,2023-12-28,3817336.8794517703,-6536817.239999999,0.0,3817336.8794517703
NV-03,15,2023-12-28,0.0,-5049595.06,0.0,0.0
NY-03,15,2023-12-28,1797981.3479328044,-7480217.18,0.0,1797981.3479328044
NY-04,15,2023-12-28,12667303.396295847,68735.72,0.0,12667303.396295847
NY-17,15,2023-12-28,12613006.420697127,-9895162.8,0.0,12613006.420697127
NY-18,15,2023-12-28,9.313225746154785e-10,-7173670.67,0.0,9.313225746154785e-10
NY-19,15,2023-12-28,12047430.046312617,-9331360.209999999,0.0,12047430.046312617
NY-22,15,2023-12-28,15871960.86468857,-3868741.19,0.0,15871960.86468857
OH-01,15,2023-12-28,722061.4158353587,-3221548.62,0.0,722061.4158353587
OH-09,15,2023-12-28,1224094.6916796612,-4658366.45,0.0,1224094.6916796612
OH-13,15,2023-12-28,0.0,-4792669.609999999,0.0,0.0
OR-05,15,2023-12-28,17467878.484229174,-7298046.46,0.0,17467878.484229174
PA-01,15,2023-12-28,18075463.684393913,-3727207.56,0.0,18075463.684393913
PA-07,15,2023-12-28,0.0,-8390568.96,0.0,0.0
PA-08,15,2023-12-28,2006595.4538477827,-8080698.47,0.0,2006595.4538477827
PA-17,15,2023-12-28,9.313225746154785e-10,-4207265.37,0.0,9.313225746154785e-10
TX-15,15,2023-12-28,20435090.217049062,-2211281.5700000003,0.0,20435090.217049062
VA-02,15,2023-12-28,19220220.399261896,-3137175.0,0.0,19220220.399261896
VA-07,15,2023-12-28,0.0,-17866255.77,0.0,0.0
VA-10,15,2023-12-28,0.0,-2838557.78,0.0,0.0
WA-03,15,2023-12-28,5967317.515975717,-11798776.48,0.0,5967317.515975717
WA-08,15,2023-12-28,1208235.3724183198,-4447033.08,0.0,1208235.3724183198
WI-01,15,2023-12-28,19863570.487766735,-2200665.11,0.0,19863570.487766735
AZ-01,16,2024-01-11,16827902.74851094,-5694085.09,164653.83000000007,16663248.918510938
AZ-04,16,2024-01-11,3191852.5573188616,-1326611.54,124898.72999999998,3066953.8273188616
CA-13,16,2024-01-11,12914399.321451548,-5966343.96,126261.22999999952,12788138.091451548
CA-22,16,2024-01-11,11966697.800438643,-6013684.04,138458.25999999978,11828239.540438643
CA-27,16,2024-01-11,15234781.551688332,-9471858.59,224220.6400000006,15010560.911688332
CA-40,16,2024-01-11,24376042.295368675,-1845984.56,169424.16999999993,24206618.125368677
CA-45,16,2024-01-11,22186273.796313547,-5921077.67,170754.23000000045,22015519.566313546
CA-49,16,2024-01-11,2336694.742362556,-4337195.41,357037.70999999996,1979657.032362556
CO-07,16,2024-01-11,0.0,-1482755.28,154550.85999999987,-154550.85999999987
CO-08,16,2024-01-11,0.0,-7499605.85,180650.25999999978,-180650.25999999978
CT-02,16,2024-01-11,2551196.7769384617,-875148.4299999999,85723.51000000001,2465473.266938462
CT-05,16,2024-01-11,2485552.7505332213,-3445377.97,171413.29000000004,2314139.4605332213
FL-27,16,2024-01-11,13989151.689097624,-625293.66,16505.449999999953,13972646.239097625
FL-28,16,2024-01-11,12666602.123787563,-401121.92000000004,181740.47999999998,12484861.643787563
IA-03,16,2024-01-11,18778303.343802933,-5427272.829999999,62786.44000000041,18715516.90380293
IL-17,16,2024-01-11,0.0,-4372873.81,139910.1200000001,-139910.1200000001
KS-03,16,2024-01-11,3491578.361920067,-4936000.7700000005,179836.40999999922,3311741.951920068
MD-06,16,2024-01-11,0.0,-5876203.67,54445.00999999978,-54445.00999999978
ME-02,16,2024-01-11,1967780.7238693722,-6983011.210000001,196866.64999999944,1770914.0738693727
MI-03,16,2024-01-11,482068.9586156467,-4851506.33,0.0,482068.9586156467
MI-07,16,2024-01-11,5210604.527505141,-7276839.36,158667.38999999966,5051937.137505141
MI-08,16,2024-01-11,0.0,-5955001.17,0.0,0.0
MN-02,16,2024-01-11,0.0,-7267915.119999999,244544.3200000003,-244544.3200000003
NC-01,16,2024-01-11,1033938.2325437283,-5493835.9399999995,58696.04000000004,975242.1925437283
NC-13,16,2024-01-11,0.0,-1731102.48,0.0,0.0
NE-02,16,2024-01-11,18194602.644998837,-7026001.21,194430.00999999978,18000172.634998836
NH-01,16,2024-01-11,1505990.4519399698,-3278761.54,104693.81000000006,1401296.6419399697
NH-02,16,2024-01-11,0.0,-4300980.61,0.0,0.0
NJ-07,16,2024-01-11,15496824.789719818,-5894920.26,106209.86000000034,15390614.929719817
NM-01,16,2024-01-11,0.0,-803176.1900000002,111223.82999999996,-111223.82999999996
NM-02,16,2024-01-11,3831072.4798886627,-6337125.1899999995,199692.0499999998,3631380.429888663
NV-03,16,2024-01-11,699590.0311431419,-4810541.869999999,239053.1900000004,460536.8411431415
NY-03,16,2024-01-11,756414.433097465,-7480217.18,0.0,756414.433097465
NY-04,16,2024-01-11,11113908.210117318,84263.95000000001,15528.23000000001,11098379.980117317
NY-17,16,2024-01-11,12885406.70448611,-9895162.8,0.0,12885406.70448611
NY-18,16,2024-01-11,111879.86106660683,-6945822.2299999995,227848.4400000004,-115968.57893339358
NY-19,16,2024-01-11,11534837.663268948,-9096582.43,234777.77999999933,11300059.883268949
NY-22,16,2024-01-11,17431209.365915127,-3784425.14,84316.04999999981,17346893.315915126
OH-01,16,2024-01-11,179914.58358235843,-3128235.6900000004,93312.9299999997,86601.65358235873
OH-09,16,2024-01-11,404696.2842885675,-4561075.49,97290.95999999996,307405.3242885675
OH-13,16,2024-01-11,0.0,-4611136.58,181533.02999999933,-181533.02999999933
OR-05,16,2024-01-11,16660572.547096562,-7163458.87,134587.58999999985,16525984.957096562
PA-01,16,2024-01-11,17925847.894466225,-3581228.6799999997,145978.88000000035,17779869.014466226
PA-07,16,2024-01-11,0.0,-8221311.99,169256.97000000067,-169256.97000000067
PA-08,16,2024-01-11,2422523.488191817,-7883289.13,197409.33999999985,2225114.148191817
PA-17,16,2024-01-11,691408.3903022427,-4039750.6400000006,167514.72999999952,523893.6603022432
TX-15,16,2024-01-11,22403900.78871131,-2077021.1800000002,134260.39000000013,22269640.39871131
VA-02,16,2024-01-11,20193399.057197288,-3057104.3,80070.70000000019,20113328.35719729
VA-07,16,2024-01-11,0.0,-16932425.46,933830.3099999987,-933830.3099999987
VA-10,16,2024-01-11,0.0,-2809004.8499999996,29552.930000000168,-29552.930000000168
WA-03,16,2024-01-11,5407078.517843325,-11798150.38,626.0999999996275,5406452.417843325
WA-08,16,2024-01-11,1106128.479076027,-4204102.239999999,242930.84000000078,863197.6390760262
WI-01,16,2024-01-11,18241718.451535493,-2200665.11,0.0,18241718.451535493
AZ-01,17,2024-01-25,16639646.25265773,-5694085.09,0.0,16639646.25265773
AZ-04,17,2024-01-25,3163480.222441106,-1326611.54,0.0,3163480.222441106
CA-13,17,2024-01-25,12759387.96150051,-5966343.96,0.0,12759387.96150051
CA-22,17,2024-01-25,11819670.92204775,-6013684.04,0.0,11819670.92204775
CA-27,17,2024-01-25,15028231.868919052,-9471858.59,0.0,15028231.868919052
CA-40,17,2024-01-25,24158541.39903833,-1845984.56,0.0,24158541.39903833
CA-45,17,2024-01-25,21955744.199344575,-5921077.67,0.0,21955744.199344575
CA-49,17,2024-01-25,2291772.294021492,-4337195.41,0.0,2291772.294021492
CO-07,17,2024-01-25,0.0,-1482755.28,0.0,0.0
CO-08,17,2024-01-25,9.313225746154785e-10,-7499605.85,0.0,9.313225746154785e-10
CT-02,17,2024-01-25,2529706.834675974,-875148.4299999999,0.0,2529706.834675974
CT-05,17,2024-01-25,2445894.5202534525,-3445377.97,0.0,2445894.5202534525
FL-27,17,2024-01-25,13870065.27870605,-625293.66,0.0,13870065.27870605
FL-28,17,2024-01-25,12554660.457852336,-401121.92000000004,0.0,12554660.457852336
IA-03,17,2024-01-25,18579362.901944194,-5427272.829999999,0.0,18579362.901944194
IL-17,17,2024-01-25,0.0,-4372873.81,0.0,0.0
KS-03,17,2024-01-25,3429039.699080282,-4936000.7700000005,0.0,3429039.699080282
MD-06,17,2024-01-25,9.313225746154785e-10,-5876203.67,0.0,9.313225746154785e-10
ME-02,17,2024-01-25,1893670.2890931051,-6983011.210000001,0.0,1893670.2890931051
MI-03,17,2024-01-25,444093.6944545582,-4851506.33,0.0,444093.6944545582
MI-07,17,2024-01-25,5106293.717467543,-7276839.36,0.0,5106293.717467543
MI-08,17,2024-01-25,0.0,-5955001.17,0.0,0.0
MN-02,17,2024-01-25,0.0,-7267915.119999999,0.0,0.0
NC-01,17,2024-01-25,991931.3576917863,-5493835.9399999995,0.0,991931.3576917863
NC-13,17,2024-01-25,0.0,-1731102.48,0.0,0.0
NE-02,17,2024-01-25,17985162.134604726,-7026001.21,0.0,17985162.134604726
NH-01,17,2024-01-25,1470378.8504635603,-3278761.54,0.0,1470378.8504635603
NH-02,17,2024-01-25,0.0,-4300980.61,0.0,0.0
NJ-07,17,2024-01-25,15319686.47814663,-5894920.26,0.0,15319686.47814663
NM-01,17,2024-01-25,0.0,-803176.1900000002,0.0,0.0
NM-02,17,2024-01-25,3773365.6555017233,-6337125.1899999995,0.0,3773365.6555017233
NV-03,17,2024-01-25,658701.8143233974,-4810541.869999999,0.0,658701.8143233974
NY-03,17,2024-01-25,5265518.113446485,-5124780.99,2355436.1899999995,2910081.923446486
NY-04,17,2024-01-25,11022021.948423112,84263.95000000001,0.0,11022021.948423112
NY-17,17,2024-01-25,12699998.549866337,-9895162.8,0.0,12699998.549866337
NY-18,17,2024-01-25,60179.98124960996,-6945822.2299999995,0.0,60179.98124960996
NY-19,17,2024-01-25,11361163.301013434,-9096582.43,0.0,11361163.301013434
NY-22,17,2024-01-25,17256416.346878424,-3784425.14,0.0,17256416.346878424
OH-01,17,2024-01-25,153379.8565701726,-3128235.6900000004,0.0,153379.8565701726
OH-09,17,2024-01-25,363906.8049279321,-4561075.49,0.0,363906.8049279321
OH-13,17,2024-01-25,0.0,-4611136.58,0.0,0.0
OR-05,17,2024-01-25,16464381.623465795,-7163458.87,0.0,16464381.623465795
PA-01,17,2024-01-25,17747389.690224633,-3581228.6799999997,0.0,17747389.690224633
PA-07,17,2024-01-25,0.0,-8221311.99,0.0,0.0
PA-08,17,2024-01-25,2341754.102173928,-7883289.13,0.0,2341754.102173928
PA-17,17,2024-01-25,655473.807572973,-4039750.6400000006,0.0,655473.807572973
TX-15,17,2024-01-25,22201617.09105461,-2077021.1800000002,0.0,22201617.09105461
VA-02,17,2024-01-25,20002063.88731581,-3057104.3,0.0,20002063.88731581
VA-07,17,2024-01-25,0.0,-16932425.46,0.0,0.0
VA-10,17,2024-01-25,0.0,-2809004.8499999996,0.0,0.0
WA-03,17,2024-01-25,5287758.381135948,-11798150.38,0.0,5287758.381135948
WA-08,17,2024-01-25,1064923.9725681152,-4204102.239999999,0.0,1064923.9725681152
WI-01,17,2024-01-25,18073911.15788276,-2200665.11,0.0,18073911.15788276
AZ-01,18,2024-02-08,16639646.25265773,-5694085.09,0.0,16639646.25265773
AZ-04,18,2024-02-08,3163480.222441106,-1326611.54,0.0,3163480.222441106
CA-13,18,2024-02-08,12759387.96150051,-5966343.96,0.0,12759387.96150051
CA-22,18,2024-02-08,11819670.92204775,-6013684.04,0.0,11819670.92204775
CA-27,18,2024-02-08,15028231.868919052,-9471858.59,0.0,15028231.868919052
CA-40,18,2024-02-08,24158541.39903833,-1845984.56,0.0,24158541.39903833
CA-45,18,2024-02-08,21955744.199344575,-5921077.67,0.0,21955744.199344575
CA-49,18,2024-02-08,2291772.294021492,-4337195.41,0.0,2291772.294021492
CO-07,18,2024-02-08,0.0,-1482755.28,0.0,0.0
CO-08,18,2024-02-08,9.313225746154785e-10,-7499605.85,0.0,9.313225746154785e-10
CT-02,18,2024-02-08,2529706.834675974,-875148.4299999999,0.0,2529706.834675974
CT-05,18,2024-02-08,2445894.5202534525,-3445377.97,0.0,2445894.5202534525
FL-27,18,2024-02-08,13870065.27870605,-625293.66,0.0,13870065.27870605
FL-28,18,2024-02-08,12554660.457852336,-401121.92000000004,0.0,12554660.457852336
IA-03,18,2024-02-08,18579362.901944194,-5427272.829999999,0.0,18579362.901944194
IL-17,18,2024-02-08,0.0,-4372873.81,0.0,0.0
KS-03,18,2024-02-08,3429039.699080282,-4936000.7700000005,0.0,3429039.699080282
MD-06,18,2024-02-08,9.313225746154785e-10,-5876203.67,0.0,9.313225746154785e-10
ME-02,18,2024-02-08,1893670.2890931051,-6983011.210000001,0.0,1893670.2890931051
MI-03,18,2024-02-08,444093.6944545582,-4851506.33,0.0,444093.6944545582
MI-07,18,2024-02-08,5106293.717467543,-7276839.36,0.0,5106293.717467543
MI-08,18,2024-02-08,0.0,-5955001.17,0.0,0.0
MN-02,18,2024-02-08,0.0,-7267915.119999999,0.0,0.0
NC-01,18,2024-02-08,991931.3576917863,-5493835.9399999995,0.0,991931.3576917863
NC-13,18,2024-02-08,0.0,-1731102.48,0.0,0.0
NE-02,18,2024-02-08,17985162.134604726,-7026001.21,0.0,17985162.134604726
NH-01,18,2024-02-08,1470378.8504635603,-3278761.54,0.0,1470378.8504635603
NH-02,18,2024-02-08,0.0,-4300980.61,0.0,0.0
NJ-07,18,2024-02-08,15319686.47814663,-5894920.26,0.0,15319686.47814663
NM-01,18,2024-02-08,0.0,-803176.1900000002,0.0,0.0
NM-02,18,2024-02-08,3773365.6555017233,-6337125.1899999995,0.0,3773365.6555017233
NV-03,18,2024-02-08,658701.8143233974,-4810541.869999999,0.0,658701.8143233974
NY-03,18,2024-02-08,5265518.113446485,-5124030.99,750.0,5264768.113446485
NY-04,18,2024-02-08,11022021.948423112,84263.95000000001,0.0,11022021.948423112
NY-17,18,2024-02-08,12699998.549866337,-9895162.8,0.0,12699998.549866337
NY-18,18,2024-02-08,60179.98124960996,-6945822.2299999995,0.0,60179.98124960996
NY-19,18,2024-02-08,11361163.301013434,-9096582.43,0.0,11361163.301013434
NY-22,18,2024-02-08,17256416.346878424,-3784425.14,0.0,17256416.346878424
OH-01,18,2024-02-08,153379.8565701726,-3128235.6900000004,0.0,153379.8565701726
OH-09,18,2024-02-08,363906.8049279321,-4561075.49,0.0,363906.8049279321
OH-13,18,2024-02-08,0.0,-4611136.58,0.0,0.0
OR-05,18,2024-02-08,16464381.623465795,-7163458.87,0.0,16464381.623465795
PA-01,18,2024-02-08,17747389.690224633,-3581228.6799999997,0.0,17747389.690224633
PA-07,18,2024-02-08,0.0,-8221311.99,0.0,0.0
PA-08,18,2024-02-08,2341754.102173928,-7883289.13,0.0,2341754.102173928
PA-17,18,2024-02-08,655473.807572973,-4039750.6400000006,0.0,655473.807572973
TX-15,18,2024-02-08,22201617.09105461,-2077021.1800000002,0.0,22201617.09105461
VA-02,18,2024-02-08,20002063.88731581,-3057104.3,0.0,20002063.88731581
VA-07,18,2024-02-08,0.0,-16932425.46,0.0,0.0
VA-10,18,2024-02-08,0.0,-2809004.8499999996,0.0,0.0
WA-03,18,2024-02-08,5287758.381135948,-11798150.38,0.0,5287758.381135948
WA-08,18,2024-02-08,1064923.9725681152,-4204102.239999999,0.0,1064923.9725681152
WI-01,18,2024-02-08,18073911.15788276,-2200665.11,0.0,18073911.15788276
AZ-01,19,2024-02-22,15349342.408051517,-5694085.09,0.0,15349342.408051517
AZ-04,19,2024-02-22,2966102.833589173,-1326611.54,0.0,2966102.833589173
CA-13,19,2024-02-22,12744520.246673297,-5835088.26,131255.7000000002,12613264.546673298
CA-22,19,2024-02-22,13069156.852283932,-5589867.0,423817.04000000004,12645339.812283933
CA-27,19,2024-02-22,16962690.923632834,-9122867.25,348991.33999999985,16613699.583632834
CA-40,19,2024-02-22,24672680.123630878,-1077951.4900000002,768033.0699999998,23904647.053630877
CA-45,19,2024-02-22,22713945.80965673,-5511756.850000001,409320.81999999937,22304624.98965673
CA-49,19,2024-02-22,4857655.2144997185,-4106892.46,230302.9500000002,4627352.264499718
CO-07,19,2024-02-22,0.0,-1482755.28,0.0,0.0
CO-08,19,2024-02-22,1.862645149230957e-09,-7499605.85,0.0,1.862645149230957e-09
CT-02,19,2024-02-22,2382630.902736484,-875148.4299999999,0.0,2382630.902736484
CT-05,19,2024-02-22,2181542.1811057962,-3445377.97,0.0,2181542.1811057962
FL-27,19,2024-02-22,13055165.98715216,-625293.66,0.0,13055165.98715216
FL-28,19,2024-02-22,11784407.98642126,-401121.92000000004,0.0,11784407.98642126
IA-03,19,2024-02-22,17217719.62058003,-5427272.829999999,0.0,17217719.62058003
IL-17,19,2024-02-22,0.0,-4372873.81,0.0,0.0
KS-03,19,2024-02-22,3001452.106297762,-4936000.7700000005,0.0,3001452.106297762
MD-06,19,2024-02-22,2.7939677238464355e-09,-5876203.67,0.0,2.7939677238464355e-09
ME-02,19,2024-02-22,1394235.3522272576,-6983011.210000001,0.0,1394235.3522272576
MI-03,19,2024-02-22,189114.41142786667,-4851506.33,0.0,189114.41142786667
MI-07,19,2024-02-22,4391219.024904283,-7276839.36,0.0,4391219.024904283
MI-08,19,2024-02-22,4.6566128730773926e-09,-5955001.17,0.0,4.6566128730773926e-09
MN-02,19,2024-02-22,9.313225746154785e-10,-7267915.119999999,0.0,9.313225746154785e-10
NC-01,19,2024-02-22,4877885.1788349375,-5454181.609999999,39654.330000000075,4838230.848834937
NC-13,19,2024-02-22,10372245.377806792,-1731102.48,0.0,10372245.377806792
NE-02,19,2024-02-22,16551577.984472781,-7026001.21,0.0,16551577.984472781
NH-01,19,2024-02-22,1213529.3072370212,-3278761.54,0.0,1213529.3072370212
NH-02,19,2024-02-22,0.0,-4300980.61,0.0,0.0
NJ-07,19,2024-02-22,14105098.684980122,-5894920.26,0.0,14105098.684980122
NM-01,19,2024-02-22,0.0,-803176.1900000002,0.0,0.0
NM-02,19,2024-02-22,3370071.048865795,-6337125.1899999995,0.0,3370071.048865795
NV-03,19,2024-02-22,382160.4473749781,-4810541.869999999,0.0,382160.4473749781
NY-03,19,2024-02-22,4827882.398187872,-5124030.99,0.0,4827882.398187872
NY-04,19,2024-02-22,10391917.978874218,84263.95000000001,0.0,10391917.978874218
NY-17,19,2024-02-22,11430641.57812373,-9895162.8,0.0,11430641.57812373
NY-18,19,2024-02-22,0.0,-6945822.2299999995,0.0,0.0
NY-19,19,2024-02-22,10171722.866630951,-9096582.43,0.0,10171722.866630951
NY-22,19,2024-02-22,16062634.034471365,-3784425.14,0.0,16062634.034471365
OH-01,19,2024-02-22,4.656612873077393e-10,-3128235.6900000004,0.0,4.656612873077393e-10
OH-09,19,2024-02-22,88899.24120337702,-4561075.49,0.0,88899.24120337702
OH-13,19,2024-02-22,4.6566128730773926e-09,-4611136.58,0.0,4.6566128730773926e-09
OR-05,19,2024-02-22,15119759.964412056,-7163458.87,0.0,15119759.964412056
PA-01,19,2024-02-22,16528379.25206244,-3581228.6799999997,0.0,16528379.25206244
PA-07,19,2024-02-22,3.725290298461914e-09,-8221311.99,0.0,3.725290298461914e-09
PA-08,19,2024-02-22,1798965.763425395,-7883289.13,0.0,1798965.763425395
PA-17,19,2024-02-22,396822.586013278,-4039750.6400000006,0.0,396822.586013278
TX-15,19,2024-02-22,23395326.805992104,-1985587.2100000002,91433.96999999997,23303892.835992105
VA-02,19,2024-02-22,18690862.241262212,-3057104.3,0.0,18690862.241262212
VA-07,19,2024-02-22,7.450580596923828e-09,-16932425.46,0.0,7.450580596923828e-09
VA-10,19,2024-02-22,0.0,-2809004.8499999996,0.0,0.0
WA-03,19,2024-02-22,4466000.801872065,-11798150.38,0.0,4466000.801872065
WA-08,19,2024-02-22,788924.7169043832,-4204102.239999999,0.0,788924.7169043832
WI-01,19,2024-02-22,16925457.17612116,-2200665.11,0.0,16925457.17612116
AZ-01,20,2024-03-07,14958442.930562552,-5694085.09,0.0,14958442.930562552
AZ-04,20,2024-03-07,2905770.9863633336,-1326611.54,0.0,2905770.9863633336
CA-13,20,2024-03-07,12403705.83449141,-5835088.26,0.0,12403705.83449141
CA-22,20,2024-03-07,12723217.56392708,-5589867.0,0.0,12723217.56392708
CA-27,20,2024-03-07,16473826.630662937,-9122867.25,0.0,16473826.630662937
CA-40,20,2024-03-07,24185526.407669127,-1077951.4900000002,0.0,24185526.407669127
CA-45,20,2024-03-07,22195914.093621336,-5511756.850000001,0.0,22195914.093621336
CA-49,20,2024-03-07,4750839.056326584,-4106892.46,0.0,4750839.056326584
CO-07,20,2024-03-07,0.0,-1482755.28,0.0,0.0
CO-08,20,2024-03-07,0.0,-7499605.85,0.0,0.0
CT-02,20,2024-03-07,2337690.299175727,-875148.4299999999,0.0,2337690.299175727
CT-05,20,2024-03-07,2097196.8285762873,-3445377.97,0.0,2097196.8285762873
FL-27,20,2024-03-07,12807162.091261655,-625293.66,0.0,12807162.091261655
FL-28,20,2024-03-07,11552364.071028972,-401121.92000000004,0.0,11552364.071028972
IA-03,20,2024-03-07,16804226.189194463,-5427272.829999999,0.0,16804226.189194463
IL-17,20,2024-03-07,583388.7563347807,-4243256.62,129617.18999999948,453771.56633478124
KS-03,20,2024-03-07,2871116.0232543712,-4936000.7700000005,0.0,2871116.0232543712
MD-06,20,2024-03-07,0.0,-5876203.67,0.0,0.0
ME-02,20,2024-03-07,1241549.1230826303,-6983011.210000001,0.0,1241549.1230826303
MI-03,20,2024-03-07,113083.99384655338,-4851506.33,0.0,113083.99384655338
MI-07,20,2024-03-07,4177158.7072023936,-7276839.36,0.0,4177158.7072023936
MI-08,20,2024-03-07,0.0,-5955001.17,0.0,0.0
MN-02,20,2024-03-07,0.0,-7267915.119999999,0.0,0.0
NC-01,20,2024-03-07,4768788.967622595,-5454181.609999999,0.0,4768788.967622595
NC-13,20,2024-03-07,10187151.779441528,-1731102.48,0.0,10187151.779441528
NE-02,20,2024-03-07,16116591.663098712,-7026001.21,0.0,16116591.663098712
NH-01,20,2024-03-07,1137671.0258185272,-3278761.54,0.0,1137671.0258185272
NH-02,20,2024-03-07,0.0,-4300980.61,0.0,0.0
NJ-07,20,2024-03-07,13737410.903782101,-5894920.26,0.0,13737410.903782101
NM-01,20,2024-03-07,0.0,-803176.1900000002,0.0,0.0
NM-02,20,2024-03-07,3247373.2304010093,-6337125.1899999995,0.0,3247373.2304010093
NV-03,20,2024-03-07,297323.81355177704,-4810541.869999999,0.0,297323.81355177704
NY-03,20,2024-03-07,9799938.790150613,-1769194.3800000008,3354836.6099999994,6445102.180150613
NY-04,20,2024-03-07,10203493.264244437,84263.95000000001,0.0,10203493.264244437
NY-17,20,2024-03-07,11045525.52002808,-9895162.8,0.0,11045525.52002808
NY-18,20,2024-03-07,0.0,-6945822.2299999995,0.0,0.0
NY-19,20,2024-03-07,9810950.921661532,-9096582.43,0.0,9810950.921661532
NY-22,20,2024-03-07,15699638.170564974,-3784425.14,0.0,15699638.170564974
OH-01,20,2024-03-07,0.0,-3022935.3100000005,105300.37999999989,-105300.37999999989
OH-09,20,2024-03-07,2555486.971301757,-4488226.91,72848.58000000007,2482638.3913017567
OH-13,20,2024-03-07,1558178.1890041865,-4454560.51,156576.0700000003,1401602.1190041862
OR-05,20,2024-03-07,14712454.84018023,-7163458.87,0.0,14712454.84018023
PA-01,20,2024-03-07,16157735.645093717,-3581228.6799999997,0.0,16157735.645093717
PA-07,20,2024-03-07,1.862645149230957e-09,-8221311.99,0.0,1.862645149230957e-09
PA-08,20,2024-03-07,1633499.2637038622,-7883289.13,0.0,1633499.2637038622
PA-17,20,2024-03-07,319954.34307441954,-4039750.6400000006,0.0,319954.34307441954
TX-15,20,2024-03-07,22926518.38605362,-1985587.2100000002,0.0,22926518.38605362
VA-02,20,2024-03-07,18293100.557807516,-3057104.3,0.0,18293100.557807516
VA-07,20,2024-03-07,0.0,-16932425.46,0.0,0.0
VA-10,20,2024-03-07,0.0,-2809004.8499999996,0.0,0.0
WA-03,20,2024-03-07,4218908.244450716,-11798150.38,0.0,4218908.244450716
WA-08,20,2024-03-07,702979.2730571786,-4204102.239999999,0.0,702979.2730571786
WI-01,20,2024-03-07,16577494.069324717,-2200665.11,0.0,16577494.069324717
AZ-01,21,2024-03-21,14958023.765531927,-5694085.09,0.0,14958023.765531927
AZ-04,21,2024-03-21,2906038.1755798776,-1326611.54,0.0,2906038.1755798776
CA-13,21,2024-03-21,12403246.259169195,-5835088.26,0.0,12403246.259169195
CA-22,21,2024-03-21,12722714.23510795,-5589867.0,0.0,12722714.23510795
CA-27,21,2024-03-21,16473375.094865143,-9122867.25,0.0,16473375.094865143
CA-40,21,2024-03-21,24185821.88521169,-1077951.4900000002,0.0,24185821.88521169
CA-45,21,2024-03-21,22191334.83926195,-5511756.850000001,0.0,22191334.83926195
CA-49,21,2024-03-21,4750268.177238974,-4106892.46,0.0,4750268.177238974
CO-07,21,2024-03-21,0.0,-1482755.28,0.0,0.0
CO-08,21,2024-03-21,9.313225746154785e-10,-7499605.85,0.0,9.313225746154785e-10
CT-02,21,2024-03-21,2337689.7477006866,-875148.4299999999,0.0,2337689.7477006866
CT-05,21,2024-03-21,2096988.2193046566,-3445377.97,0.0,2096988.2193046566
FL-27,21,2024-03-21,12807002.608491464,-625293.66,0.0,12807002.608491464
FL-28,21,2024-03-21,11552147.972524956,-401121.92000000004,0.0,11552147.972524956
IA-03,21,2024-03-21,16804392.873122264,-5427272.829999999,0.0,16804392.873122264
IL-17,21,2024-03-21,583362.1923987288,-4243256.62,0.0,583362.1923987288
KS-03,21,2024-03-21,2872558.2659040606,-4936000.7700000005,0.0,2872558.2659040606
MD-06,21,2024-03-21,0.0,-5876203.67,0.0,0.0
ME-02,21,2024-03-21,1241960.4453519937,-6983011.210000001,0.0,1241960.4453519937
MI-03,21,2024-03-21,113087.55081261229,-4851506.33,0.0,113087.55081261229
MI-07,21,2024-03-21,4176408.1701226197,-7276839.36,0.0,4176408.1701226197
MI-08,21,2024-03-21,9.313225746154785e-10,-5955001.17,0.0,9.313225746154785e-10
MN-02,21,2024-03-21,9.313225746154785e-10,-7267915.119999999,0.0,9.313225746154785e-10
NC-01,21,2024-03-21,4768501.450670753,-5454181.609999999,0.0,4768501.450670753
NC-13,21,2024-03-21,10186795.270828864,-1731102.48,0.0,10186795.270828864
NE-02,21,2024-03-21,16116875.658540681,-7026001.21,0.0,16116875.658540681
NH-01,21,2024-03-21,1137275.012795242,-3278761.54,0.0,1137275.012795242
NH-02,21,2024-03-21,0.0,-4300980.61,0.0,0.0
NJ-07,21,2024-03-21,13736793.87067086,-5894920.26,0.0,13736793.87067086
NM-01,21,2024-03-21,0.0,-803176.1900000002,0.0,0.0
NM-02,21,2024-03-21,3249148.8876153827,-6337125.1899999995,0.0,3249148.8876153827
NV-03,21,2024-03-21,296640.39000345673,-4810541.869999999,0.0,296640.39000345673
NY-03,21,2024-03-21,9801303.58375553,-1769194.3800000008,0.0,9801303.58375553
NY-04,21,2024-03-21,10203504.96720395,95000.0,10736.049999999988,10192768.91720395
NY-17,21,2024-03-21,11045751.591137879,-9895162.8,0.0,11045751.591137879
NY-18,21,2024-03-21,0.0,-6945822.2299999995,0.0,0.0
NY-19,21,2024-03-21,9811387.85903331,-9096582.43,0.0,9811387.85903331
NY-22,21,2024-03-21,15700152.83291533,-3784425.14,0.0,15700152.83291533
OH-01,21,2024-03-21,4.656612873077393e-10,-3022935.3100000005,0.0,4.656612873077393e-10
OH-09,21,2024-03-21,2556599.925692156,-4488226.91,0.0,2556599.925692156
OH-13,21,2024-03-21,1559694.0913060838,-4454560.51,0.0,1559694.0913060838
OR-05,21,2024-03-21,14712120.474142153,-7163458.87,0.0,14712120.474142153
PA-01,21,2024-03-21,16158313.26693242,-3581228.6799999997,0.0,16158313.26693242
PA-07,21,2024-03-21,0.0,-8221311.99,0.0,0.0
PA-08,21,2024-03-21,1633409.1277444586,-7883289.13,0.0,1633409.1277444586
PA-17,21,2024-03-21,320238.3349957578,-4039750.6400000006,0.0,320238.3349957578
TX-15,21,2024-03-21,22928726.000559658,-1985587.2100000002,0.0,22928726.000559658
VA-02,21,2024-03-21,18293717.43840524,-3057104.3,0.0,18293717.43840524
VA-07,21,2024-03-21,0.0,-16932425.46,0.0,0.0
VA-10,21,2024-03-21,0.0,-2809004.8499999996,0.0,0.0
WA-03,21,2024-03-21,4218818.695613738,-11798150.38,0.0,4218818.695613738
WA-08,21,2024-03-21,703153.2330883499,-4204102.239999999,0.0,703153.2330883499
WI-01,21,2024-03-21,16575004.978647962,-2200665.11,0.0,16575004.978647962
AZ-01,22,2024-04-04,12926720.577911947,-5489337.15,204747.93999999948,12721972.637911947
AZ-04,22,2024-04-04,2765535.7728883326,-1172063.3499999999,154548.19000000018,2610987.582888332
CA-13,22,2024-04-04,10274191.121787235,-5692577.09,142511.16999999993,10131679.951787235
CA-22,22,2024-04-04,11502196.743502025,-5147885.04,441981.95999999996,11060214.783502024
CA-27,22,2024-04-04,13885750.511689495,-8893248.129999999,229619.12000000104,13656131.391689494
CA-40,22,2024-04-04,21494039.32140068,-962597.1500000001,115354.34000000008,21378684.98140068
CA-45,22,2024-04-04,19965902.39260023,-5318374.0,193382.85000000056,19772519.54260023
CA-49,22,2024-04-04,4552600.476497383,-3961070.8600000003,145821.59999999963,4406778.876497383
CO-07,22,2024-04-04,0.0,-1309229.1099999999,173526.17000000016,-173526.17000000016
CO-08,22,2024-04-04,0.0,-7282209.07,217396.77999999933,-217396.77999999933
CT-02,22,2024-04-04,2246277.2550563887,-796045.84,79102.58999999997,2167174.665056389
CT-05,22,2024-04-04,2694766.515036461,-3283128.95,162249.02000000002,2532517.495036461
FL-27,22,2024-04-04,11930373.040474689,-538654.46,86639.20000000007,11843733.84047469
FL-28,22,2024-04-04,10481650.025884649,-253728.88,147393.04000000004,10334256.985884648
IA-03,22,2024-04-04,15413971.995733805,-5235193.869999999,192078.95999999996,15221893.035733804
IL-17,22,2024-04-04,1147823.7383292625,-4152569.71,90686.91000000015,1057136.8283292623
KS-03,22,2024-04-04,3404645.09974539,-4703741.25,232259.52000000048,3172385.5797453895
MD-06,22,2024-04-04,0.0,-5336931.239999999,539272.4300000006,-539272.4300000006
ME-02,22,2024-04-04,3315954.448357748,-6645519.98,337491.23000000045,2978463.2183577474
MI-03,22,2024-04-04,1259988.9830407416,-4851506.33,0.0,1259988.9830407416
MI-07,22,2024-04-04,7187006.39758401,-7073116.180000001,203723.1799999997,6983283.21758401
MI-08,22,2024-04-04,234195.85156093724,-5799660.27,155340.90000000037,78854.95156093687
MN-02,22,2024-04-04,0.0,-6891541.909999999,376373.20999999996,-376373.20999999996
NC-01,22,2024-04-04,5278620.914295483,-5396971.6899999995,57209.919999999925,5221410.994295483
NC-13,22,2024-04-04,11964241.619669102,-1731102.48,0.0,11964241.619669102
NE-02,22,2024-04-04,15245041.33204965,-6738296.25,287704.95999999996,14957336.372049648
NH-01,22,2024-04-04,2001405.7355237803,-3144990.67,133770.8700000001,1867634.8655237802
NH-02,22,2024-04-04,0.0,-4300980.61,0.0,0.0
NJ-07,22,2024-04-04,13289015.26648865,-5693383.44,201536.81999999937,13087478.446488652
NM-01,22,2024-04-04,2598649.609873294,-694097.6600000001,109078.53000000003,2489571.0798732936
NM-02,22,2024-04-04,3439259.464867335,-6064123.18,273002.0099999998,3166257.454867335
NV-03,22,2024-04-04,966626.2085438212,-4554605.41,255936.45999999903,710689.7485438222
NY-03,22,2024-04-04,8349437.481461711,-1643623.1000000006,125571.28000000026,8223866.201461711
NY-04,22,2024-04-04,8495028.839048628,95000.0,0.0,8495028.839048628
NY-17,22,2024-04-04,10461641.948466603,-9895162.8,0.0,10461641.948466603
NY-18,22,2024-04-04,1007629.0971333133,-6593384.87,352437.3599999994,655191.7371333139
NY-19,22,2024-04-04,10422581.178080702,-8781426.82,315155.6099999994,10107425.568080703
NY-22,22,2024-04-04,14523682.164799104,-3629714.4,154710.74000000022,14368971.424799103
OH-01,22,2024-04-04,0.0,-2961460.33,61474.98000000045,-61474.98000000045
OH-09,22,2024-04-04,2956520.891291869,-4408144.33,80082.58000000007,2876438.311291869
OH-13,22,2024-04-04,2967211.384399998,-4324265.449999999,130295.06000000052,2836916.3243999975
OR-05,22,2024-04-04,13899604.777087834,-6988085.859999999,175373.0100000007,13724231.767087832
PA-01,22,2024-04-04,20536037.337522384,-3399969.81,181258.86999999965,20354778.467522383
PA-07,22,2024-04-04,0.0,-7927975.78,293336.20999999996,-293336.20999999996
PA-08,22,2024-04-04,6437233.156197067,-7642305.29,240983.83999999985,6196249.3161970675
PA-17,22,2024-04-04,1065102.4574603206,-3786453.66,253296.98000000045,811805.4774603201
TX-15,22,2024-04-04,21631954.6678347,-1909103.0100000002,76484.19999999995,21555470.4678347
VA-02,22,2024-04-04,17419661.418510422,-2932358.5,124745.79999999981,17294915.61851042
VA-07,22,2024-04-04,0.0,-15914209.25,1018216.2100000009,-1018216.2100000009
VA-10,22,2024-04-04,0.0,-2733987.3499999996,75017.5,-75017.5
WA-03,22,2024-04-04,3526075.6771393027,-11797506.780000001,643.5999999996275,3525432.077139303
WA-08,22,2024-04-04,438806.6009870013,-4003381.1399999997,200721.09999999963,238085.5009870017
WI-01,22,2024-04-04,15285687.922186531,-2200665.11,0.0,15285687.922186531
AZ-01,23,2024-04-18,12926720.577911947,-5489337.15,0.0,12926720.577911947
AZ-04,23,2024-04-18,2765535.7728883326,-1172063.3499999999,0.0,2765535.7728883326
CA-13,23,2024-04-18,10274191.121787235,-5692577.09,0.0,10274191.121787235
CA-22,23,2024-04-18,11502196.743502025,-5147885.04,0.0,11502196.743502025
CA-27,23,2024-04-18,13885750.511689495,-8893248.129999999,0.0,13885750.511689495
CA-40,23,2024-04-18,21494039.32140068,-962597.1500000001,0.0,21494039.32140068
CA-45,23,2024-04-18,19965902.39260023,-5318374.0,0.0,19965902.39260023
CA-49,23,2024-04-18,4552600.476497383,-3961070.8600000003,0.0,4552600.476497383
CO-07,23,2024-04-18,0.0,-1309229.1099999999,0.0,0.0
CO-08,23,2024-04-18,0.0,-7282209.07,0.0,0.0
CT-02,23,2024-04-18,2246277.2550563887,-796045.84,0.0,2246277.2550563887
CT-05,23,2024-04-18,2694766.515036461,-3283128.95,0.0,2694766.515036461
FL-27,23,2024-04-18,11930373.040474689,-538654.46,0.0,11930373.040474689
FL-28,23,2024-04-18,10481650.025884649,-253728.88,0.0,10481650.025884649
IA-03,23,2024-04-18,15413971.995733805,-5235193.869999999,0.0,15413971.995733805
IL-17,23,2024-04-18,1147823.7383292625,-4152569.71,0.0,1147823.7383292625
KS-03,23,2024-04-18,3404645.09974539,-4703741.25,0.0,3404645.09974539
MD-06,23,2024-04-18,0.0,-5336931.239999999,0.0,0.0
ME-02,23,2024-04-18,3315954.448357748,-6645519.98,0.0,3315954.448357748
MI-03,23,2024-04-18,1259988.9830407416,-4851506.33,0.0,1259988.9830407416
MI-07,23,2024-04-18,7187006.39758401,-7073116.180000001,0.0,7187006.39758401
MI-08,23,2024-04-18,234195.85156093724,-5799660.27,0.0,234195.85156093724
MN-02,23,2024-04-18,0.0,-6891541.909999999,0.0,0.0
NC-01,23,2024-04-18,5278620.914295483,-5396971.6899999995,0.0,5278620.914295483
NC-13,23,2024-04-18,11964241.619669102,-1731102.48,0.0,11964241.619669102
NE-02,23,2024-04-18,15245041.33204965,-6738296.25,0.0,15245041.33204965
NH-01,23,2024-04-18,2001405.7355237803,-3144990.67,0.0,2001405.7355237803
NH-02,23,2024-04-18,0.0,-4300980.61,0.0,0.0
NJ-07,23,2024-04-18,13289015.26648865,-5693383.44,0.0,13289015.26648865
NM-01,23,2024-04-18,2598649.609873294,-694097.6600000001,0.0,2598649.609873294
NM-02,23,2024-04-18,3439259.464867335,-6064123.18,0.0,3439259.464867335
NV-03,23,2024-04-18,966626.2085438212,-4554605.41,0.0,966626.2085438212
NY-03,23,2024-04-18,8349437.481461711,-1643623.1000000006,0.0,8349437.481461711
NY-04,23,2024-04-18,8495028.839048628,95000.0,0.0,8495028.839048628
NY-17,23,2024-04-18,10461641.948466603,-9895162.8,0.0,10461641.948466603
NY-18,23,2024-04-18,1007629.0971333133,-6593384.87,0.0,1007629.0971333133
NY-19,23,2024-04-18,10422581.178080702,-8781426.82,0.0,10422581.178080702
NY-22,23,2024-04-18,14523682.164799104,-3629714.4,0.0,14523682.164799104
OH-01,23,2024-04-18,0.0,-2961460.33,0.0,0.0
OH-09,23,2024-04-18,2956520.891291869,-4408144.33,0.0,2956520.891291869
OH-13,23,2024-04-18,2967211.384399998,-4324265.449999999,0.0,2967211.384399998
OR-05,23,2024-04-18,13899604.777087834,-6988085.859999999,0.0,13899604.777087834
PA-01,23,2024-04-18,20536037.337522384,-3399969.81,0.0,20536037.337522384
PA-07,23,2024-04-18,0.0,-7927975.78,0.0,0.0
PA-08,23,2024-04-18,6437233.156197067,-7642305.29,0.0,6437233.156197067
PA-17,23,2024-04-18,1065102.4574603206,-3786453.66,0.0,1065102.4574603206
TX-15,23,2024-04-18,21631954.6678347,-1909103.0100000002,0.0,21631954.6678347
VA-02,23,2024-04-18,17419661.418510422,-2932358.5,0.0,17419661.418510422
VA-07,23,2024-04-18,0.0,-15914209.25,0.0,0.0
VA-10,23,2024-04-18,0.0,-2733987.3499999996,0.0,0.0
WA-03,23,2024-04-18,3526075.6771393027,-11797506.780000001,0.0,3526075.6771393027
WA-08,23,2024-04-18,438806.6009870013,-4003381.1399999997,0.0,438806.6009870013
WI-01,23,2024-04-18,15285687.922186531,-2200665.11,0.0,15285687.922186531
AZ-01,24,2024-05-02,12880771.531974979,-5489337.15,0.0,12880771.531974979
AZ-04,24,2024-05-02,2758580.7118172944,-1172063.3499999999,0.0,2758580.7118172944
CA-13,24,2024-05-02,10234602.610926993,-5692577.09,0.0,10234602.610926993
CA-22,24,2024-05-02,11459910.027363751,-5147885.04,0.0,11459910.027363751
CA-27,24,2024-05-02,13829091.124499392,-8893248.129999999,0.0,13829091.124499392
CA-40,24,2024-05-02,21438124.77118462,-962597.1500000001,0.0,21438124.77118462
CA-45,24,2024-05-02,19903500.000100605,-5311658.25,6715.75,19896784.250100605
CA-49,24,2024-05-02,4539677.145197618,-3961070.8600000003,0.0,4539677.145197618
CO-07,24,2024-05-02,0.0,-1309229.1099999999,0.0,0.0
CO-08,24,2024-05-02,0.0,-7282209.07,0.0,0.0
CT-02,24,2024-05-02,2628043.896203546,-764533.7,31512.140000000014,2596531.7562035457
CT-05,24,2024-05-02,2995350.617445628,-3227976.33,55152.62000000011,2940197.997445628
FL-27,24,2024-05-02,11900831.347527096,-538654.46,0.0,11900831.347527096
FL-28,24,2024-05-02,10453846.575161297,-253728.88,0.0,10453846.575161297
IA-03,24,2024-05-02,15364134.673586939,-5235193.869999999,0.0,15364134.673586939
IL-17,24,2024-05-02,1138512.9761080965,-4152569.71,0.0,1138512.9761080965
KS-03,24,2024-05-02,3388240.1117833024,-4703741.25,0.0,3388240.1117833024
MD-06,24,2024-05-02,111569.31848446373,-4757394.39,579536.8499999996,-467967.5315155359
ME-02,24,2024-05-02,3293174.4260474425,-6645519.98,0.0,3293174.4260474425
MI-03,24,2024-05-02,1248733.2056462262,-4851506.33,0.0,1248733.2056462262
MI-07,24,2024-05-02,7151579.348530952,-7073116.180000001,0.0,7151579.348530952
MI-08,24,2024-05-02,219491.2296667397,-5799660.27,0.0,219491.2296667397
MN-02,24,2024-05-02,0.0,-6891541.909999999,0.0,0.0
NC-01,24,2024-05-02,5264553.4388405755,-5396971.6899999995,0.0,5264553.4388405755
NC-13,24,2024-05-02,9708338.893676937,-1731102.48,0.0,9708338.893676937
NE-02,24,2024-05-02,16780690.062900063,-6572994.609999999,165301.6400000006,16615388.422900062
NH-01,24,2024-05-02,1990241.3134028162,-3144990.67,0.0,1990241.3134028162
NH-02,24,2024-05-02,0.0,-4300980.61,0.0,0.0
NJ-07,24,2024-05-02,13242313.459281633,-5693383.44,0.0,13242313.459281633
NM-01,24,2024-05-02,2588295.548557422,-694097.6600000001,0.0,2588295.548557422
NM-02,24,2024-05-02,3425209.787461305,-6064123.18,0.0,3425209.787461305
NV-03,24,2024-05-02,955569.2701607998,-4554605.41,0.0,955569.2701607998
NY-03,24,2024-05-02,8327719.559984133,-1643623.1000000006,0.0,8327719.559984133
NY-04,24,2024-05-02,8474561.1440649,95000.0,0.0,8474561.1440649
NY-17,24,2024-05-02,10413381.332439657,-9895162.8,0.0,10413381.332439657
NY-18,24,2024-05-02,993235.3980612131,-6593384.87,0.0,993235.3980612131
NY-19,24,2024-05-02,10374506.136123607,-8781426.82,0.0,10374506.136123607
NY-22,24,2024-05-02,14479927.517459715,-3629714.4,0.0,14479927.517459715
OH-01,24,2024-05-02,4.656612873077393e-10,-2961460.33,0.0,4.656612873077393e-10
OH-09,24,2024-05-02,2941438.586959728,-4408144.33,0.0,2941438.586959728
OH-13,24,2024-05-02,2953741.1782889348,-4324265.449999999,0.0,2953741.1782889348
OR-05,24,2024-05-02,14980363.281279739,-6597935.85,390150.0099999998,14590213.27127974
PA-01,24,2024-05-02,20478113.590048097,-3399969.81,0.0,20478113.590048097
PA-07,24,2024-05-02,0.0,-7927975.78,0.0,0.0
PA-08,24,2024-05-02,6409356.310595417,-7642305.29,0.0,6409356.310595417
PA-17,24,2024-05-02,1054575.1572387451,-3786453.66,0.0,1054575.1572387451
TX-15,24,2024-05-02,21575401.144435637,-1909103.0100000002,0.0,21575401.144435637
VA-02,24,2024-05-02,17371077.216950938,-2932358.5,0.0,17371077.216950938
VA-07,24,2024-05-02,3.725290298461914e-09,-15914209.25,0.0,3.725290298461914e-09
VA-10,24,2024-05-02,0.0,-2733987.3499999996,0.0,0.0
WA-03,24,2024-05-02,3496759.2224333547,-11797506.780000001,0.0,3496759.2224333547
WA-08,24,2024-05-02,429332.5692907758,-4003381.1399999997,0.0,429332.5692907758
WI-01,24,2024-05-02,15243880.6508069,-2200665.11,0.0,15243880.6508069
AZ-01,25,2024-05-16,12730410.564100556,-5489337.15,0.0,12730410.564100556
AZ-04,25,2024-05-16,2735146.527343819,-1172063.3499999999,0.0,2735146.527343819
CA-13,25,2024-05-16,10106229.3729771,-5692577.09,0.0,10106229.3729771
CA-22,25,2024-05-16,11322386.230294336,-5147885.04,0.0,11322386.230294336
CA-27,25,2024-05-16,13641546.526175957,-8893248.129999999,0.0,13641546.526175957
CA-40,25,2024-05-16,21251276.19015893,-962597.1500000001,0.0,21251276.19015893
CA-45,25,2024-05-16,19698858.779985644,-5307574.62,4083.6299999998882,19694775.149985645
CA-49,25,2024-05-16,4497414.094742089,-3961070.8600000003,0.0,4497414.094742089
CO-07,25,2024-05-16,0.0,-1309229.1099999999,0.0,0.0
CO-08,25,2024-05-16,9.313225746154785e-10,-7282209.07,0.0,9.313225746154785e-10
CT-02,25,2024-05-16,2608195.5010246225,-764533.7,0.0,2608195.5010246225
CT-05,25,2024-05-16,2961355.4502756437,-3227976.33,0.0,2961355.4502756437
FL-27,25,2024-05-16,11802669.805679882,-538654.46,0.0,11802669.805679882
FL-28,25,2024-05-16,10363447.838755637,-253728.88,0.0,10363447.838755637
IA-03,25,2024-05-16,16588798.910246547,-4755170.43,480023.4399999995,16108775.470246548
IL-17,25,2024-05-16,1105165.3136855625,-4152569.71,0.0,1105165.3136855625
KS-03,25,2024-05-16,3334093.289777872,-4703741.25,0.0,3334093.289777872
MD-06,25,2024-05-16,76727.74037643336,-4757394.39,0.0,76727.74037643336
ME-02,25,2024-05-16,3217274.6156833656,-6645519.98,0.0,3217274.6156833656
MI-03,25,2024-05-16,1212992.3289083308,-4851506.33,0.0,1212992.3289083308
MI-07,25,2024-05-16,7036160.320147887,-7073116.180000001,0.0,7036160.320147887
MI-08,25,2024-05-16,171616.2570557706,-5799660.27,0.0,171616.2570557706
MN-02,25,2024-05-16,9.313225746154785e-10,-6891541.909999999,0.0,9.313225746154785e-10
NC-01,25,2024-05-16,5217645.531499058,-5396971.6899999995,0.0,5217645.531499058
NC-13,25,2024-05-16,9642894.260180965,-1731102.48,0.0,9642894.260180965
NE-02,25,2024-05-16,16590049.376189202,-6572994.609999999,0.0,16590049.376189202
NH-01,25,2024-05-16,1954964.0564506561,-3144990.67,0.0,1954964.0564506561
NH-02,25,2024-05-16,0.0,-4300980.61,0.0,0.0
NJ-07,25,2024-05-16,14605733.60580772,-5547415.32,145968.1200000001,14459765.48580772
NM-01,25,2024-05-16,3401301.143777198,-617259.3400000001,76838.32000000007,3324462.823777198
NM-02,25,2024-05-16,3957932.3476291895,-5884517.97,179605.20999999996,3778327.1376291895
NV-03,25,2024-05-16,920091.3720743749,-4554605.41,0.0,920091.3720743749
NY-03,25,2024-05-16,8255562.792820388,-1594384.000000001,49239.09999999963,8206323.692820389
NY-04,25,2024-05-16,8406908.789742056,95000.0,0.0,8406908.789742056
NY-17,25,2024-05-16,10254650.353121158,-9895162.8,0.0,10254650.353121158
NY-18,25,2024-05-16,945815.7217479339,-6593384.87,0.0,945815.7217479339
NY-19,25,2024-05-16,10216423.913865441,-8781426.82,0.0,10216423.913865441
NY-22,25,2024-05-16,14334971.38599051,-3629714.4,0.0,14334971.38599051
OH-01,25,2024-05-16,9.313225746154785e-10,-2961460.33,0.0,9.313225746154785e-10
OH-09,25,2024-05-16,2891008.4700031076,-4408144.33,0.0,2891008.4700031076
OH-13,25,2024-05-16,2907874.9603695367,-4324265.449999999,0.0,2907874.9603695367
OR-05,25,2024-05-16,14804859.946620498,-6597935.85,0.0,14804859.946620498
PA-01,25,2024-05-16,20286011.114318796,-3399969.81,0.0,20286011.114318796
PA-07,25,2024-05-16,0.0,-7927975.78,0.0,0.0
PA-08,25,2024-05-16,6316825.823361421,-7642305.29,0.0,6316825.823361421
PA-17,25,2024-05-16,1019945.4992961828,-3786453.66,0.0,1019945.4992961828
TX-15,25,2024-05-16,21386319.095065206,-1909103.0100000002,0.0,21386319.095065206
VA-02,25,2024-05-16,17208795.102392524,-2932358.5,0.0,17208795.102392524
VA-07,25,2024-05-16,0.0,-15914209.25,0.0,0.0
VA-10,25,2024-05-16,0.0,-2733987.3499999996,0.0,0.0
WA-03,25,2024-05-16,3400058.3149294276,-11797506.780000001,0.0,3400058.3149294276
WA-08,25,2024-05-16,396869.3560275147,-4003381.1399999997,0.0,396869.3560275147
WI-01,25,2024-05-16,15105069.429324012,-2200665.11,0.0,15105069.429324012
AZ-01,26,2024-05-30,12472197.124879528,-5489337.15,0.0,12472197.124879528
AZ-04,26,2024-05-30,2695357.864537609,-1172063.3499999999,0.0,2695357.864537609
CA-13,26,2024-05-30,9886412.159314122,-5692577.09,0.0,9886412.159314122
CA-22,26,2024-05-30,11086848.554671764,-5147885.04,0.0,11086848.554671764
CA-27,26,2024-05-30,13320395.435312238,-8893248.129999999,0.0,13320395.435312238
CA-40,26,2024-05-30,20932376.81255948,-962597.1500000001,0.0,20932376.81255948
CA-45,26,2024-05-30,19351741.26190929,-5307574.62,0.0,19351741.26190929
CA-49,26,2024-05-30,4424219.863146962,-3961070.8600000003,0.0,4424219.863146962
CO-07,26,2024-05-30,0.0,-1309229.1099999999,0.0,0.0
CO-08,26,2024-05-30,0.0,-7282209.07,0.0,0.0
CT-02,26,2024-05-30,2574163.215023794,-764533.7,0.0,2574163.215023794
CT-05,26,2024-05-30,2905308.263559132,-3227976.33,0.0,2905308.263559132
FL-27,26,2024-05-30,11634610.364789903,-538654.46,0.0,11634610.364789903
FL-28,26,2024-05-30,10206706.341074368,-253728.88,0.0,10206706.341074368
IA-03,26,2024-05-30,16285882.185589548,-4755170.43,0.0,16285882.185589548
IL-17,26,2024-05-30,1048719.6718736747,-4152569.71,0.0,1048719.6718736747
KS-03,26,2024-05-30,3240818.8064507255,-4703741.25,0.0,3240818.8064507255
MD-06,26,2024-05-30,16642.5426856298,-4757394.39,0.0,16642.5426856298
ME-02,26,2024-05-30,7596130.676328123,-6430901.720000001,214618.25999999978,7381512.416328123
MI-03,26,2024-05-30,1151877.4927236903,-4851506.33,0.0,1151877.4927236903
MI-07,26,2024-05-30,6837284.172809791,-7073116.180000001,0.0,6837284.172809791
MI-08,26,2024-05-30,87054.11049436405,-5799660.27,0.0,87054.11049436405
MN-02,26,2024-05-30,0.0,-6891541.909999999,0.0,0.0
NC-01,26,2024-05-30,5136513.016057659,-5396971.6899999995,0.0,5136513.016057659
NC-13,26,2024-05-30,9529905.567462122,-1731102.48,0.0,9529905.567462122
NE-02,26,2024-05-30,16262000.505295087,-6572994.609999999,0.0,16262000.505295087
NH-01,26,2024-05-30,1894895.2620968218,-3144990.67,0.0,1894895.2620968218
NH-02,26,2024-05-30,0.0,-4300980.61,0.0,0.0
NJ-07,26,2024-05-30,14321270.377221437,-5547415.32,0.0,14321270.377221437
NM-01,26,2024-05-30,3338360.9942155695,-617259.3400000001,0.0,3338360.9942155695
NM-02,26,2024-05-30,3872978.22623582,-5884517.97,0.0,3872978.22623582
NV-03,26,2024-05-30,1792312.7688883068,-4416648.02,137957.3900000006,1654355.3788883062
NY-03,26,2024-05-30,8131086.479883306,-1530684.000000001,63700.0,8067386.479883306
NY-04,26,2024-05-30,8290879.928193788,95000.0,0.0,8290879.928193788
NY-17,26,2024-05-30,9981458.220615894,-9895162.8,0.0,9981458.220615894
NY-18,26,2024-05-30,863157.1231612684,-6593384.87,0.0,863157.1231612684
NY-19,26,2024-05-30,9944344.858779157,-8781426.82,0.0,9944344.858779157
NY-22,26,2024-05-30,14085671.85632165,-3629714.4,0.0,14085671.85632165
OH-01,26,2024-05-30,0.0,-2961460.33,0.0,0.0
OH-09,26,2024-05-30,2803574.9690392315,-4408144.33,0.0,2803574.9690392315
OH-13,26,2024-05-30,2830366.4279302787,-4324265.449999999,0.0,2830366.4279302787
OR-05,26,2024-05-30,14502185.269187115,-6597935.85,0.0,14502185.269187115
PA-01,26,2024-05-30,19953321.869645238,-3399969.81,0.0,19953321.869645238
PA-07,26,2024-05-30,0.0,-7927975.78,0.0,0.0
PA-08,26,2024-05-30,6157521.222216524,-7642305.29,0.0,6157521.222216524
PA-17,26,2024-05-30,960227.5659753196,-3786453.66,0.0,960227.5659753196
TX-15,26,2024-05-30,21061080.108797073,-1909053.0100000002,50.0,21061030.108797073
VA-02,26,2024-05-30,18978159.884371858,-2739064.7600000002,193293.73999999976,18784866.14437186
VA-07,26,2024-05-30,0.0,-13717009.58,2197199.67,-2197199.67
VA-10,26,2024-05-30,0.0,-2075859.2999999998,658128.0499999998,-658128.0499999998
WA-03,26,2024-05-30,3233019.2402256336,-11797506.780000001,0.0,3233019.2402256336
WA-08,26,2024-05-30,341955.9051707275,-4003381.1399999997,0.0,341955.9051707275
WI-01,26,2024-05-30,14869352.853279334,-2200665.11,0.0,14869352.853279334
AZ-01,27,2024-06-13,12096621.580923218,-5489337.15,0.0,12096621.580923218
AZ-04,27,2024-06-13,2636560.528928251,-1172063.3499999999,0.0,2636560.528928251
CA-13,27,2024-06-13,9566068.847090974,-5692577.09,0.0,9566068.847090974
CA-22,27,2024-06-13,10743642.425663806,-5147885.04,0.0,10743642.425663806
CA-27,27,2024-06-13,12852291.835904654,-8893248.129999999,0.0,12852291.835904654
CA-40,27,2024-06-13,20467227.434323408,-962597.1500000001,0.0,20467227.434323408
CA-45,27,2024-06-13,18842475.721260376,-5307574.62,0.0,18842475.721260376
CA-49,27,2024-06-13,4317627.682527331,-3961070.8600000003,0.0,4317627.682527331
CO-07,27,2024-06-13,0.0,-1203945.95,105283.15999999992,-105283.15999999992
CO-08,27,2024-06-13,1916965.6193709513,-7050159.43,232049.6400000006,1684915.9793709507
CT-02,27,2024-06-13,2524318.909466736,-764533.7,0.0,2524318.909466736
CT-05,27,2024-06-13,2822470.844612563,-3227976.33,0.0,2822470.844612563
FL-27,27,2024-06-13,11389614.725687934,-538654.46,0.0,11389614.725687934
FL-28,27,2024-06-13,9979693.26964665,-253728.88,0.0,9979693.26964665
IA-03,27,2024-06-13,15846061.721530277,-4755170.43,0.0,15846061.721530277
IL-17,27,2024-06-13,966540.4551039003,-4152569.71,0.0,966540.4551039003
KS-03,27,2024-06-13,3104592.7607788825,-4703741.25,0.0,3104592.7607788825
MD-06,27,2024-06-13,0.0,-4757394.39,0.0,0.0
ME-02,27,2024-06-13,7345726.640393158,-6430901.720000001,0.0,7345726.640393158
MI-03,27,2024-06-13,1062946.9962642808,-4851506.33,0.0,1062946.9962642808
MI-07,27,2024-06-13,6548580.047661636,-7073116.180000001,0.0,6548580.047661636
MI-08,27,2024-06-13,0.0,-5799660.27,0.0,0.0
MN-02,27,2024-06-13,0.0,-6891541.909999999,0.0,0.0
NC-01,27,2024-06-13,5072930.348591492,-5396971.6899999995,0.0,5072930.348591492
NC-13,27,2024-06-13,9365955.060625046,-1731102.48,0.0,9365955.060625046
NE-02,27,2024-06-13,15785344.833358284,-6572994.609999999,0.0,15785344.833358284
NH-01,27,2024-06-13,1807286.5583938188,-3144990.67,0.0,1807286.5583938188
NH-02,27,2024-06-13,0.0,-4300980.61,0.0,0.0
NJ-07,27,2024-06-13,13908439.144587195,-5547415.32,0.0,13908439.144587195
NM-01,27,2024-06-13,3248420.5142556606,-617259.3400000001,0.0,3248420.5142556606
NM-02,27,2024-06-13,3749596.160860684,-5884517.97,0.0,3749596.160860684
NV-03,27,2024-06-13,1697133.2876639431,-4416648.02,0.0,1697133.2876639431
NY-03,27,2024-06-13,7949636.190396912,-1273616.3900000006,257067.61000000034,7692568.580396912
NY-04,27,2024-06-13,7819555.085581126,95000.0,0.0,7819555.085581126
NY-17,27,2024-06-13,12501285.569174115,-9895162.8,0.0,12501285.569174115
NY-18,27,2024-06-13,2454875.994284638,-6279197.55,314187.3200000003,2140688.674284638
NY-19,27,2024-06-13,12095026.698022233,-8542861.209999999,238565.61000000127,11856461.088022232
NY-22,27,2024-06-13,15779799.423813464,-3275573.52,354140.8799999999,15425658.543813463
OH-01,27,2024-06-13,0.0,-2961460.33,0.0,0.0
OH-09,27,2024-06-13,2676881.0859432817,-4408144.33,0.0,2676881.0859432817
OH-13,27,2024-06-13,2716790.569931073,-4186599.4499999997,137665.99999999953,2579124.5699310736
OR-05,27,2024-06-13,14063127.769435495,-6597935.85,0.0,14063127.769435495
PA-01,27,2024-06-13,19472486.567419577,-3399969.81,0.0,19472486.567419577
PA-07,27,2024-06-13,0.0,-7927975.78,0.0,0.0
PA-08,27,2024-06-13,5926112.082502499,-7642305.29,0.0,5926112.082502499
PA-17,27,2024-06-13,874055.901411878,-3786453.66,0.0,874055.901411878
TX-15,27,2024-06-13,20589213.731783904,-1909053.0100000002,0.0,20589213.731783904
VA-02,27,2024-06-13,18530693.55536487,-2739064.7600000002,0.0,18530693.55536487
VA-07,27,2024-06-13,0.0,-13717009.58,0.0,0.0
VA-10,27,2024-06-13,0.0,-2075859.2999999998,0.0,0.0
WA-03,27,2024-06-13,2990853.321540281,-11797506.780000001,0.0,2990853.321540281
WA-08,27,2024-06-13,260145.20638731122,-4003381.1399999997,0.0,260145.20638731122
WI-01,27,2024-06-13,14524674.711532306,-2200665.11,0.0,14524674.711532306
AZ-01,28,2024-06-27,12096621.580923218,-5489337.15,0.0,12096621.580923218
AZ-04,28,2024-06-27,2636560.528928251,-1172063.3499999999,0.0,2636560.528928251
CA-13,28,2024-06-27,9566068.847090974,-5692577.09,0.0,9566068.847090974
CA-22,28,2024-06-27,10743642.425663806,-5147885.04,0.0,10743642.425663806
CA-27,28,2024-06-27,12852291.835904654,-8893248.129999999,0.0,12852291.835904654
CA-40,28,2024-06-27,20467227.434323408,-962597.1500000001,0.0,20467227.434323408
CA-45,28,2024-06-27,18842475.721260376,-5307574.62,0.0,18842475.721260376
CA-49,28,2024-06-27,4317627.682527331,-3961070.8600000003,0.0,4317627.682527331
CO-07,28,2024-06-27,0.0,-1203945.95,0.0,0.0
CO-08,28,2024-06-27,1916965.6193709513,-7050159.43,0.0,1916965.6193709513
CT-02,28,2024-06-27,2524318.909466736,-764533.7,0.0,2524318.909466736
CT-05,28,2024-06-27,2822470.844612563,-3227976.33,0.0,2822470.844612563
FL-27,28,2024-06-27,11389614.725687934,-538654.46,0.0,11389614.725687934
FL-28,28,2024-06-27,9979693.26964665,-253728.88,0.0,9979693.26964665
IA-03,28,2024-06-27,15846061.721530277,-4755170.43,0.0,15846061.721530277
IL-17,28,2024-06-27,966540.4551039003,-4152569.71,0.0,966540.4551039003
KS-03,28,2024-06-27,3104592.7607788825,-4703741.25,0.0,3104592.7607788825
MD-06,28,2024-06-27,0.0,-4757394.39,0.0,0.0
ME-02,28,2024-06-27,7345726.640393158,-6430901.720000001,0.0,7345726.640393158
MI-03,28,2024-06-27,1062946.9962642808,-4851506.33,0.0,1062946.9962642808
MI-07,28,2024-06-27,6548580.047661636,-7073116.180000001,0.0,6548580.047661636
MI-08,28,2024-06-27,0.0,-5799660.27,0.0,0.0
MN-02,28,2024-06-27,0.0,-6891541.909999999,0.0,0.0
NC-01,28,2024-06-27,5072930.348591492,-5396971.6899999995,0.0,5072930.348591492
NC-13,28,2024-06-27,9365955.060625046,-1731102.48,0.0,9365955.060625046
NE-02,28,2024-06-27,15785344.833358284,-6572994.609999999,0.0,15785344.833358284
NH-01,28,2024-06-27,1807286.5583938188,-3144990.67,0.0,1807286.5583938188
NH-02,28,2024-06-27,0.0,-4300980.61,0.0,0.0
NJ-07,28,2024-06-27,13908439.144587195,-5547415.32,0.0,13908439.144587195
NM-01,28,2024-06-27,3248420.5142556606,-617259.3400000001,0.0,3248420.5142556606
NM-02,28,2024-06-27,3749596.160860684,-5884517.97,0.0,3749596.160860684
NV-03,28,2024-06-27,1697133.2876639431,-4416648.02,0.0,1697133.2876639431
NY-03,28,2024-06-27,7949636.190396912,-1273616.3900000006,0.0,7949636.190396912
NY-04,28,2024-06-27,7819555.085581126,95000.0,0.0,7819555.085581126
NY-17,28,2024-06-27,12501285.569174115,-9895162.8,0.0,12501285.569174115
NY-18,28,2024-06-27,2454875.994284638,-6279197.55,0.0,2454875.994284638
NY-19,28,2024-06-27,12095026.698022233,-8542861.209999999,0.0,12095026.698022233
NY-22,28,2024-06-27,15779799.423813464,-3275573.52,0.0,15779799.423813464
OH-01,28,2024-06-27,0.0,-2961460.33,0.0,0.0
OH-09,28,2024-06-27,2676881.0859432817,-4408144.33,0.0,2676881.0859432817
OH-13,28,2024-06-27,2716790.569931073,-4117765.9499999997,68833.5,2647957.069931073
OR-05,28,2024-06-27,14063127.769435495,-6597935.85,0.0,14063127.769435495
PA-01,28,2024-06-27,19472486.567419577,-3399969.81,0.0,19472486.567419577
PA-07,28,2024-06-27,0.0,-7927975.78,0.0,0.0
PA-08,28,2024-06-27,5926112.082502499,-7642305.29,0.0,5926112.082502499
PA-17,28,2024-06-27,874055.901411878,-3786453.66,0.0,874055.901411878
TX-15,28,2024-06-27,20589213.731783904,-1909053.0100000002,0.0,20589213.731783904
VA-02,28,2024-06-27,18530693.55536487,-2739064.7600000002,0.0,18530693.55536487
VA-07,28,2024-06-27,0.0,-13717009.58,0.0,0.0
VA-10,28,2024-06-27,0.0,-2075859.2999999998,0.0,0.0
WA-03,28,2024-06-27,2990853.321540281,-11797506.780000001,0.0,2990853.321540281
WA-08,28,2024-06-27,260145.20638731122,-4003381.1399999997,0.0,260145.20638731122
WI-01,28,2024-06-27,14524674.711532306,-2200665.11,0.0,14524674.711532306
AZ-01,29,2024-07-11,11847739.394246943,-4906541.18,582795.9700000007,11264943.424246943
AZ-04,29,2024-07-11,2627494.5102841044,-972354.47,199708.8799999999,2427785.6302841045
CA-13,29,2024-07-11,9131641.494096544,-5366775.84,325801.25,8805840.244096544
CA-22,29,2024-07-11,10204460.646421514,-4832034.359999999,315850.68000000063,9888609.966421515
CA-27,29,2024-07-11,11486621.339268152,-8264873.6,628374.5299999993,10858246.809268152
CA-40,29,2024-07-11,19115543.4397532,-851536.7300000002,111060.41999999993,19004483.019753203
CA-45,29,2024-07-11,17784751.186380006,-4976715.16,330859.45999999996,17453891.726380005
CA-49,29,2024-07-11,4100189.73498986,-3429367.47,531703.3900000001,3568486.34498986
CO-07,29,2024-07-11,1.6298145055770874e-09,-1049675.2,154270.75,-154270.74999999837
CO-08,29,2024-07-11,1649399.9721490154,-6981065.62,69093.80999999959,1580306.1621490158
CT-02,29,2024-07-11,2735009.298904367,-689641.74,74891.95999999996,2660117.338904367
CT-05,29,2024-07-11,3002939.1408945723,-2993522.0900000003,234454.23999999976,2768484.9008945725
FL-27,29,2024-07-11,10991064.291920133,-422979.54,115674.91999999998,10875389.371920133
FL-28,29,2024-07-11,10163678.373704934,-162807.89,90920.98999999999,10072757.383704934
IA-03,29,2024-07-11,14559463.474739693,-4371231.869999999,383938.5600000005,14175524.914739693
IL-17,29,2024-07-11,1640157.8379594646,-3874187.08,278382.6299999999,1361775.2079594648
KS-03,29,2024-07-11,3299678.177674397,-4411838.75,291902.5,3007775.677674397
MD-06,29,2024-07-11,1412782.4593061926,-3173041.76,1584352.63,-171570.1706938073
ME-02,29,2024-07-11,7307979.035110962,-6257518.58,173383.1400000006,7134595.895110961
MI-03,29,2024-07-11,1511004.2705642069,-4851506.33,0.0,1511004.2705642069
MI-07,29,2024-07-11,9517255.417122144,-6671672.99,401443.1900000004,9115812.227122143
MI-08,29,2024-07-11,11314924.628249226,-5334943.39,464716.8799999999,10850207.748249225
MN-02,29,2024-07-11,2365631.082972523,-6407937.59,483604.31999999937,1882026.7629725235
NC-01,29,2024-07-11,5122388.567271972,-5150961.909999999,246009.78000000026,4876378.787271972
NC-13,29,2024-07-11,7955420.778556822,-1731102.48,0.0,7955420.778556822
NE-02,29,2024-07-11,15112608.754836544,-6292229.97,280764.63999999966,14831844.114836544
NH-01,29,2024-07-11,2162895.1532339524,-2936231.11,208759.56000000006,1954135.5932339523
NH-02,29,2024-07-11,1.862645149230957e-09,-4046108.91,254871.7000000002,-254871.69999999832
NJ-07,29,2024-07-11,12501915.47026896,-5327513.05,219902.27000000048,12282013.200268958
NM-01,29,2024-07-11,3364449.3063008245,-567209.9900000001,50049.34999999998,3314399.9563008244
NM-02,29,2024-07-11,3794630.737056857,-5616110.26,268407.70999999996,3526223.027056857
NV-03,29,2024-07-11,1843078.5830301158,-4276098.399999999,140549.6200000001,1702528.9630301157
NY-03,29,2024-07-11,7135190.605006374,-1199986.620000001,73629.76999999955,7061560.835006375
NY-04,29,2024-07-11,6814327.390499343,95000.0,0.0,6814327.390499343
NY-17,29,2024-07-11,10971270.043186374,-9895162.8,0.0,10971270.043186374
NY-18,29,2024-07-11,2050176.1518107364,-6140828.66,138368.88999999966,1911807.2618107367
NY-19,29,2024-07-11,10149564.418533811,-8412778.76,130082.44999999925,10019481.968533812
NY-22,29,2024-07-11,13805678.78205047,-3057292.59,218280.93000000017,13587397.85205047
OH-01,29,2024-07-11,2.3283064365386963e-09,-2767955.66,193504.66999999993,-193504.6699999976
OH-09,29,2024-07-11,2905350.554372769,-4200199.83,207944.5,2697406.054372769
OH-13,29,2024-07-11,2609974.2644373635,-3844231.21,273534.73999999976,2336439.5244373637
OR-05,29,2024-07-11,12938767.991159942,-6011592.41,586343.4399999995,12352424.551159943
PA-01,29,2024-07-11,19259089.649360627,-3143964.5,256005.31000000006,19003084.33936063
PA-07,29,2024-07-11,1.862645149230957e-09,-7584163.58,343812.2000000002,-343812.1999999983
PA-08,29,2024-07-11,8135707.369236732,-7349665.58,292639.70999999996,7843067.659236732
PA-17,29,2024-07-11,1815137.2101655584,-3491511.12,294942.54000000004,1520194.6701655583
TX-15,29,2024-07-11,20081331.688769385,-1712012.6600000001,197040.3500000001,19884291.338769384
VA-02,29,2024-07-11,16571273.229588836,-2444929.41,294135.3500000001,16277137.879588837
VA-07,29,2024-07-11,3.725290298461914e-09,-12663284.23,1053725.3499999996,-1053725.349999996
VA-10,29,2024-07-11,0.0,-1692946.4499999997,382912.8500000001,-382912.8500000001
WA-03,29,2024-07-11,2201730.221561797,-11796863.18,643.6000000014901,2201086.6215617955
WA-08,29,2024-07-11,218338.89231804106,-3630642.2899999996,372738.8500000001,-154399.95768195903
WI-01,29,2024-07-11,13600642.40067373,-2039598.46,161066.6499999999,13439575.75067373
AZ-01,30,2024-07-25,11477481.992154263,-4906541.18,0.0,11477481.992154263
AZ-04,30,2024-07-25,2570896.3816267643,-972354.47,0.0,2570896.3816267643
CA-13,30,2024-07-25,8821288.472066775,-5366775.84,0.0,8821288.472066775
CA-22,30,2024-07-25,9873602.13879383,-4832034.359999999,0.0,9873602.13879383
CA-27,30,2024-07-25,11047454.590954546,-8264873.6,0.0,11047454.590954546
CA-40,30,2024-07-25,18678125.232657973,-851536.7300000002,0.0,18678125.232657973
CA-45,30,2024-07-25,17297932.13896677,-4976715.16,0.0,17297932.13896677
CA-49,30,2024-07-25,3998271.2106150007,-3429367.47,0.0,3998271.2106150007
CO-07,30,2024-07-25,0.0,-1049675.2,0.0,0.0
CO-08,30,2024-07-25,1514360.0482880482,-6981065.62,0.0,1514360.0482880482
CT-02,30,2024-07-25,2880145.398151149,-689641.74,0.0,2880145.398151149
CT-05,30,2024-07-25,2923113.495687699,-2993522.0900000003,0.0,2923113.495687699
FL-27,30,2024-07-25,10754923.256847491,-422979.54,0.0,10754923.256847491
FL-28,30,2024-07-25,9933186.959117347,-162807.89,0.0,9933186.959117347
IA-03,30,2024-07-25,14146304.283128295,-4371231.869999999,0.0,14146304.283128295
IL-17,30,2024-07-25,1559932.954966181,-3874187.08,0.0,1559932.954966181
KS-03,30,2024-07-25,3970700.3496968104,-4254504.45,157334.2999999998,3813366.0496968105
MD-06,30,2024-07-25,1318899.8144119475,-3173041.76,0.0,1318899.8144119475
ME-02,30,2024-07-25,7067717.355466774,-6257518.58,0.0,7067717.355466774
MI-03,30,2024-07-25,1693348.056220048,-4851506.33,0.0,1693348.056220048
MI-07,30,2024-07-25,11583601.321216203,-6608052.390000001,63620.59999999963,11519980.721216204
MI-08,30,2024-07-25,14309620.302392872,-5073476.71,261466.6799999997,14048153.622392872
MN-02,30,2024-07-25,3808213.214729488,-6183628.01,224309.58000000007,3583903.634729488
NC-01,30,2024-07-25,5003200.411079071,-5150961.909999999,0.0,5003200.411079071
NC-13,30,2024-07-25,7818992.441743942,-1731102.48,0.0,7818992.441743942
NE-02,30,2024-07-25,14649557.028337423,-6292229.97,0.0,14649557.028337423
NH-01,30,2024-07-25,2076567.3900123495,-2936231.11,0.0,2076567.3900123495
NH-02,30,2024-07-25,0.0,-4046108.91,0.0,0.0
NJ-07,30,2024-07-25,12118351.249154756,-5327513.05,0.0,12118351.249154756
NM-01,30,2024-07-25,3272211.0353353396,-567209.9900000001,0.0,3272211.0353353396
NM-02,30,2024-07-25,3676282.6470712963,-5616110.26,0.0,3676282.6470712963
NV-03,30,2024-07-25,1753492.4358044397,-4276098.399999999,0.0,1753492.4358044397
NY-03,30,2024-07-25,6966839.539900247,-1199986.620000001,0.0,6966839.539900247
NY-04,30,2024-07-25,6672349.71778098,95000.0,0.0,6672349.71778098
NY-17,30,2024-07-25,10546904.487367742,-9895162.8,0.0,10546904.487367742
NY-18,30,2024-07-25,1928861.9715359071,-6140828.66,0.0,1928861.9715359071
NY-19,30,2024-07-25,9742057.752864072,-8412778.76,0.0,9742057.752864072
NY-22,30,2024-07-25,13442488.103682505,-3057292.59,0.0,13442488.103682505
OH-01,30,2024-07-25,0.0,-2767955.66,0.0,0.0
OH-09,30,2024-07-25,2781607.3689684365,-4200199.83,0.0,2781607.3689684365
OH-13,30,2024-07-25,2503901.3081951123,-3844231.21,0.0,2503901.3081951123
OR-05,30,2024-07-25,12523180.891385917,-6011592.41,0.0,12523180.891385917
PA-01,30,2024-07-25,18781731.252708912,-3143964.5,0.0,18781731.252708912
PA-07,30,2024-07-25,0.0,-7584163.58,0.0,0.0
PA-08,30,2024-07-25,7887113.750646438,-7349665.58,0.0,7887113.750646438
PA-17,30,2024-07-25,1725188.1992790578,-3491511.12,0.0,1725188.1992790578
TX-15,30,2024-07-25,19619450.89085649,-1711962.6600000001,50.0,19619400.89085649
VA-02,30,2024-07-25,16164461.804924563,-2444929.41,0.0,16164461.804924563
VA-07,30,2024-07-25,0.0,-12663284.23,0.0,0.0
VA-10,30,2024-07-25,0.0,-1692946.4499999997,0.0,0.0
WA-03,30,2024-07-25,4131893.68305517,-11796863.18,0.0,4131893.68305517
WA-08,30,2024-07-25,191964.81806971785,-3392497.88,238144.40999999968,-46179.59193028184
WI-01,30,2024-07-25,13682578.272083875,-1938056.2799999998,101542.18000000017,13581036.092083875
AZ-01,31,2024-08-08,11283121.984951358,-4906541.18,0.0,11283121.984951358
AZ-04,31,2024-08-08,2523601.7025059424,-972354.47,0.0,2523601.7025059424
CA-13,31,2024-08-08,8563212.059951875,-5366775.84,0.0,8563212.059951875
CA-22,31,2024-08-08,9598471.735434458,-4832034.359999999,0.0,9598471.735434458
CA-27,31,2024-08-08,10682292.592998471,-8264873.6,0.0,10682292.592998471
CA-40,31,2024-08-08,18314768.312804457,-851536.7300000002,0.0,18314768.312804457
CA-45,31,2024-08-08,16893104.10722749,-4976715.16,0.0,16893104.10722749
CA-49,31,2024-08-08,3912838.0816079015,-3429367.47,0.0,3912838.0816079015
CO-07,31,2024-08-08,0.0,-1049675.2,0.0,0.0
CO-08,31,2024-08-08,1436820.3992958488,-6981065.62,0.0,1436820.3992958488
CT-02,31,2024-08-08,2832890.056516244,-689641.74,0.0,2832890.056516244
CT-05,31,2024-08-08,2985474.0790268146,-2993522.0900000003,0.0,2985474.0790268146
FL-27,31,2024-08-08,10907776.5768099,-332681.62,90297.91999999998,10817478.6568099
FL-28,31,2024-08-08,10500515.045927837,-137998.40000000002,24809.48999999999,10475705.555927837
IA-03,31,2024-08-08,13802810.53582219,-4371231.869999999,0.0,13802810.53582219
IL-17,31,2024-08-08,1492830.852252515,-3874187.08,0.0,1492830.852252515
KS-03,31,2024-08-08,3855177.021377933,-4254504.45,0.0,3855177.021377933
MD-06,31,2024-08-08,1240692.9558063988,-3173041.76,0.0,1240692.9558063988
ME-02,31,2024-08-08,14688124.257933868,-6257518.58,0.0,14688124.257933868
MI-03,31,2024-08-08,1618573.7696608482,-4851506.33,0.0,1618573.7696608482
MI-07,31,2024-08-08,11250899.273250226,-6608052.390000001,0.0,11250899.273250226
MI-08,31,2024-08-08,13957802.697694236,-5073476.71,0.0,13957802.697694236
MN-02,31,2024-08-08,3687221.3400961664,-6183628.01,0.0,3687221.3400961664
NC-01,31,2024-08-08,4903355.567589622,-5150961.909999999,0.0,4903355.567589622
NC-13,31,2024-08-08,7705370.448620385,-1731102.48,0.0,7705370.448620385
NE-02,31,2024-08-08,14264805.764699575,-6292229.97,0.0,14264805.764699575
NH-01,31,2024-08-08,2004328.3844659464,-2936231.11,0.0,2004328.3844659464
NH-02,31,2024-08-08,0.0,-4046108.91,0.0,0.0
NJ-07,31,2024-08-08,11799356.110202735,-5327513.05,0.0,11799356.110202735
NM-01,31,2024-08-08,3195630.798567881,-567209.9900000001,0.0,3195630.798567881
NM-02,31,2024-08-08,3577530.870295042,-5616110.26,0.0,3577530.870295042
NV-03,31,2024-08-08,1678692.0650122073,-4276098.399999999,0.0,1678692.0650122073
NY-03,31,2024-08-08,6826411.712493535,-1199986.620000001,0.0,6826411.712493535
NY-04,31,2024-08-08,6554669.381122213,95000.0,0.0,6554669.381122213
NY-17,31,2024-08-08,10194083.7068431,-9895162.8,0.0,10194083.7068431
NY-18,31,2024-08-08,2047360.78854316,-6140828.66,0.0,2047360.78854316
NY-19,31,2024-08-08,9403295.526188431,-8412778.76,0.0,9403295.526188431
NY-22,31,2024-08-08,13140877.66072593,-2862692.3899999997,194600.2000000002,12946277.46072593
OH-01,31,2024-08-08,0.0,-2767955.66,0.0,0.0
OH-09,31,2024-08-08,2738103.9542564843,-3898832.5700000003,301367.2599999998,2436736.6942564845
OH-13,31,2024-08-08,2415511.202945877,-3775397.71,68833.5,2346677.702945877
OR-05,31,2024-08-08,12177607.808220003,-6011592.41,0.0,12177607.808220003
PA-01,31,2024-08-08,18384643.27039672,-3143964.5,0.0,18384643.27039672
PA-07,31,2024-08-08,0.0,-7584163.58,0.0,0.0
PA-08,31,2024-08-08,7679782.745610032,-7349665.58,0.0,7679782.745610032
PA-17,31,2024-08-08,1650176.2848198665,-3490975.9200000004,535.1999999997206,1649641.0848198668
TX-15,31,2024-08-08,19235608.14720107,-1711962.6600000001,0.0,19235608.14720107
VA-02,31,2024-08-08,15826593.020748965,-2444929.41,0.0,15826593.020748965
VA-07,31,2024-08-08,0.0,-12663284.23,0.0,0.0
VA-10,31,2024-08-08,0.0,-1692946.4499999997,0.0,0.0
WA-03,31,2024-08-08,3924548.6998633984,-11795663.18,1200.0,3923348.6998633984
WA-08,31,2024-08-08,127930.40209088381,-3392497.88,0.0,127930.40209088381
WI-01,31,2024-08-08,13405053.659523947,-1938056.2799999998,0.0,13405053.659523947
AZ-01,32,2024-08-22,11092105.796125151,-4906541.18,0.0,11092105.796125151
AZ-04,32,2024-08-22,2494499.0001692446,-972354.47,0.0,2494499.0001692446
CA-13,32,2024-08-22,8512836.25525276,-5366775.84,0.0,8512836.25525276
CA-22,32,2024-08-22,9428916.096763134,-4832034.359999999,0.0,9428916.096763134
CA-27,32,2024-08-22,10457100.966148231,-8264873.6,0.0,10457100.966148231
CA-40,32,2024-08-22,18090456.672150694,-851536.7300000002,0.0,18090456.672150694
CA-45,32,2024-08-22,16643528.869964814,-4976715.16,0.0,16643528.869964814
CA-49,32,2024-08-22,3860166.86379126,-3429367.47,0.0,3860166.86379126
CO-07,32,2024-08-22,0.0,-1049675.2,0.0,0.0
CO-08,32,2024-08-22,1771658.2587971753,-6981065.62,0.0,1771658.2587971753
CT-02,32,2024-08-22,2803824.7913073804,-689641.74,0.0,2803824.7913073804
CT-05,32,2024-08-22,2943801.8511496373,-2993522.0900000003,0.0,2943801.8511496373
FL-27,32,2024-08-22,10783466.225126512,-332681.62,0.0,10783466.225126512
FL-28,32,2024-08-22,10374429.953360058,-137998.40000000002,0.0,10374429.953360058
IA-03,32,2024-08-22,13590912.14357479,-4371231.869999999,0.0,13590912.14357479
IL-17,32,2024-08-22,1545290.7367838724,-3874187.08,0.0,1545290.7367838724
KS-03,32,2024-08-22,3784033.5480975555,-4254504.45,0.0,3784033.5480975555
MD-06,32,2024-08-22,1192483.0716251163,-3173041.76,0.0,1192483.0716251163
ME-02,32,2024-08-22,14502488.231459731,-6257518.58,0.0,14502488.231459731
MI-03,32,2024-08-22,1572600.0136412093,-4851506.33,0.0,1572600.0136412093
MI-07,32,2024-08-22,11045883.651164077,-6608052.390000001,0.0,11045883.651164077
MI-08,32,2024-08-22,13740830.100252258,-4475205.63,598271.0800000001,13142559.020252258
MN-02,32,2024-08-22,3612562.4182413183,-6183628.01,0.0,3612562.4182413183
NC-01,32,2024-08-22,4841778.925428271,-4850982.909999999,299979.0,4541799.925428271
NC-13,32,2024-08-22,6182019.351241961,-1731102.48,0.0,6182019.351241961
NE-02,32,2024-08-22,14027426.229429416,-6190743.399999999,101486.5700000003,13925939.659429416
NH-01,32,2024-08-22,3302004.6936321887,-2587524.71,348706.3999999999,2953298.293632189
NH-02,32,2024-08-22,5428930.045926607,-2715689.5700000003,1330419.3399999999,4098510.7059266074
NJ-07,32,2024-08-22,11602770.133862263,-5327513.05,0.0,11602770.133862263
NM-01,32,2024-08-22,3148439.8702161526,-567209.9900000001,0.0,3148439.8702161526
NM-02,32,2024-08-22,3516649.5835333057,-5616110.26,0.0,3516649.5835333057
NV-03,32,2024-08-22,1632658.8899447387,-4274631.399999999,1467.0,1631191.8899447387
NY-03,32,2024-08-22,6739390.222351979,-1199986.620000001,0.0,6739390.222351979
NY-04,32,2024-08-22,6481283.436022751,95000.0,0.0,6481283.436022751
NY-17,32,2024-08-22,9976505.459602166,-9895162.8,0.0,9976505.459602166
NY-18,32,2024-08-22,1984992.3035172252,-6140828.66,0.0,1984992.3035172252
NY-19,32,2024-08-22,9194373.96864268,-8412778.76,0.0,9194373.96864268
NY-22,32,2024-08-22,12954443.818154076,-2320398.8,542293.5899999999,12412150.228154076
OH-01,32,2024-08-22,0.0,-2767955.66,0.0,0.0
OH-09,32,2024-08-22,2675194.999904017,-3217499.8600000003,681332.71,1993862.289904017
OH-13,32,2024-08-22,2361448.5456206156,-3775397.71,0.0,2361448.5456206156
OR-05,32,2024-08-22,11964635.312454749,-6011592.41,0.0,11964635.312454749
PA-01,32,2024-08-22,18139967.92527245,-3143964.5,0.0,18139967.92527245
PA-07,32,2024-08-22,1.862645149230957e-09,-7584163.58,0.0,1.862645149230957e-09
PA-08,32,2024-08-22,7551896.765106058,-7349665.58,0.0,7551896.765106058
PA-17,32,2024-08-22,1604058.8401539521,-3490975.9200000004,0.0,1604058.8401539521
TX-15,32,2024-08-22,18998606.934203953,-1711962.6600000001,0.0,18998606.934203953
VA-02,32,2024-08-22,15617952.150483474,-2444929.41,0.0,15617952.150483474
VA-07,32,2024-08-22,0.0,-12663284.23,0.0,0.0
VA-10,32,2024-08-22,0.0,-1692946.4499999997,0.0,0.0
WA-03,32,2024-08-22,3796653.1911786553,-11695663.18,100000.0,3696653.1911786553
WA-08,32,2024-08-22,88424.57160911895,-3392497.88,0.0,88424.57160911895
WI-01,32,2024-08-22,13233965.737561272,-1938056.2799999998,0.0,13233965.737561272
AZ-01,33,2024-09-05,11167549.393853698,-4724751.5,181789.6799999997,10985759.713853698
AZ-04,33,2024-09-05,2416972.132127978,-972354.47,0.0,2416972.132127978
CA-13,33,2024-09-05,8299248.808828103,-5341928.609999999,24847.230000000447,8274401.578828103
CA-22,33,2024-09-05,8981701.461210754,-4822534.359999999,9500.0,8972201.461210754
CA-27,33,2024-09-05,9863555.235893864,-8131695.47,133178.1299999999,9730377.105893865
CA-40,33,2024-09-05,17498754.28997386,-851536.7300000002,0.0,17498754.28997386
CA-45,33,2024-09-05,15986670.474098736,-4850516.100000001,126199.05999999959,15860471.414098736
CA-49,33,2024-09-05,3719764.2856399687,-3429367.47,0.0,3719764.2856399687
CO-07,33,2024-09-05,0.0,-1049675.2,0.0,0.0
CO-08,33,2024-09-05,2019896.5299299592,-4875248.62,2105817.0,-85920.47007004078
CT-02,33,2024-09-05,2726668.6501135426,-689641.74,0.0,2726668.6501135426
CT-05,33,2024-09-05,2832882.615357863,-2993522.0900000003,0.0,2832882.615357863
FL-27,33,2024-09-05,10453547.734651748,-332681.62,0.0,10453547.734651748
FL-28,33,2024-09-05,10041535.949935138,-137998.40000000002,0.0,10041535.949935138
IA-03,33,2024-09-05,16484911.304814782,-4371231.869999999,0.0,16484911.304814782
IL-17,33,2024-09-05,1522833.7809405196,-3874077.08,110.0,1522723.7809405196
KS-03,33,2024-09-05,3595163.549894358,-4254504.45,0.0,3595163.549894358
MD-06,33,2024-09-05,1064956.526607667,-3173041.76,0.0,1064956.526607667
ME-02,33,2024-09-05,14324090.736000022,-6007518.58,250000.0,14074090.736000022
MI-03,33,2024-09-05,1450588.871093628,-4851506.33,0.0,1450588.871093628
MI-07,33,2024-09-05,10745282.205446329,-6608052.390000001,0.0,10745282.205446329
MI-08,33,2024-09-05,13633649.257001908,-4475117.63,88.0,13633561.257001908
MN-02,33,2024-09-05,3414017.6150897387,-6183628.01,0.0,3414017.6150897387
NC-01,33,2024-09-05,4775804.128992718,-2294883.3299999996,2556099.5799999996,2219704.548992718
NC-13,33,2024-09-05,6042093.939657919,-1731102.48,0.0,6042093.939657919
NE-02,33,2024-09-05,14413090.139287401,-6065010.779999999,125732.62000000011,14287357.5192874
NH-01,33,2024-09-05,3167323.1843051664,-2587524.71,0.0,3167323.1843051664
NH-02,33,2024-09-05,5150630.365772414,-2715689.5700000003,0.0,5150630.365772414
NJ-07,33,2024-09-05,11084468.004223717,-5327513.05,0.0,11084468.004223717
NM-01,33,2024-09-05,3024104.0593280094,-567209.9900000001,0.0,3024104.0593280094
NM-02,33,2024-09-05,3599833.8845093846,-5616110.26,0.0,3599833.8845093846
NV-03,33,2024-09-05,2068795.993678308,-4274631.399999999,0.0,2068795.993678308
NY-03,33,2024-09-05,6509204.477430807,-1199986.620000001,0.0,6509204.477430807
NY-04,33,2024-09-05,6288947.159518439,418285.27,323285.27,5965661.88951844
NY-17,33,2024-09-05,9402889.204491671,-9895162.8,0.0,9402889.204491671
NY-18,33,2024-09-05,1817742.8168896465,-6003371.6,137457.06000000052,1680285.756889646
NY-19,33,2024-09-05,8643493.655059943,-7226036.609999999,1186742.1500000004,7456751.505059943
NY-22,33,2024-09-05,12711700.11756571,-2065200.25,255198.5499999998,12456501.56756571
OH-01,33,2024-09-05,166724.67341621872,-2767955.66,0.0,166724.67341621872
OH-09,33,2024-09-05,4016177.705509221,-3042665.7800000003,174834.08000000007,3841343.625509221
OH-13,33,2024-09-05,2622668.2702743653,-3667889.71,107508.0,2515160.2702743653
OR-05,33,2024-09-05,17014421.66705461,-6011592.41,0.0,17014421.66705461
PA-01,33,2024-09-05,17496871.88322036,-3142174.98,1789.5200000000186,17495082.36322036
PA-07,33,2024-09-05,2407.1613141391426,-7539743.59,44419.99000000022,-42012.82868586108
PA-08,33,2024-09-05,7459607.079785632,-7349665.58,0.0,7459607.079785632
PA-17,33,2024-09-05,1481732.248176762,-3392196.8100000005,98779.10999999987,1382953.138176762
TX-15,33,2024-09-05,18374274.30965636,-1711773.2100000004,189.4499999997206,18374084.85965636
VA-02,33,2024-09-05,15067711.297907218,-2444929.41,0.0,15067711.297907218
VA-07,33,2024-09-05,0.0,-12662726.61,557.6200000010431,-557.6200000010431
VA-10,33,2024-09-05,0.0,-1692946.4499999997,0.0,0.0
WA-03,33,2024-09-05,3458945.538115628,-11595663.18,100000.0,3358945.538115628
WA-08,33,2024-09-05,0.0,-3392497.88,0.0,0.0
WI-01,33,2024-09-05,12784443.046354089,-1938056.2799999998,0.0,12784443.046354089
AZ-01,34,2024-09-19,12594802.249739233,-4508923.63,215827.8700000001,12378974.379739232
AZ-04,34,2024-09-19,2320514.430212347,-972354.47,0.0,2320514.430212347
CA-13,34,2024-09-19,9349062.625633623,-3232318.3499999996,2109610.26,7239452.365633624
CA-22,34,2024-09-19,8515175.398856625,-4397349.81,425184.5499999998,8089990.848856625
CA-27,34,2024-09-19,9123121.070193466,-8131685.02,10.450000000186265,9123110.620193467
CA-40,34,2024-09-19,16788151.694819424,-851536.7300000002,0.0,16788151.694819424
CA-45,34,2024-09-19,15221887.967000714,-4802495.970000001,48020.12999999989,15173867.837000713
CA-49,34,2024-09-19,3543885.365112162,-3429367.47,0.0,3543885.365112162
CO-07,34,2024-09-19,0.0,-1049675.2,0.0,0.0
CO-08,34,2024-09-19,2117334.3093575435,-3540723.13,1334525.4900000002,782808.8193575433
CT-02,34,2024-09-19,2630133.0151874004,-689641.74,0.0,2630133.0151874004
CT-05,34,2024-09-19,2953359.228940299,-2993522.0900000003,0.0,2953359.228940299
FL-27,34,2024-09-19,10042498.250482183,-332681.62,0.0,10042498.250482183
FL-28,34,2024-09-19,9624969.90844559,-137998.40000000002,0.0,9624969.90844559
IA-03,34,2024-09-19,17548158.268259745,-3564381.1099999994,806850.7599999998,16741307.508259745
IL-17,34,2024-09-19,1653181.6839132886,-3074200.08,799877.0,853304.6839132886
KS-03,34,2024-09-19,3359392.586258813,-4254504.45,0.0,3359392.586258813
MD-06,34,2024-09-19,904611.5687671918,-3173041.76,0.0,904611.5687671918
ME-02,34,2024-09-19,14977229.494044742,-5435115.58,572403.0,14404826.494044742
MI-03,34,2024-09-19,1580832.6469441373,-4851506.33,0.0,1580832.6469441373
MI-07,34,2024-09-19,10341780.718571018,-5916290.41,691761.9800000004,9650018.738571018
MI-08,34,2024-09-19,13666749.655704519,-4475114.8,2.830000000074506,13666746.825704519
MN-02,34,2024-09-19,3165091.2044403367,-5229808.01,953820.0,2211271.2044403367
NC-01,34,2024-09-19,5329192.403850401,-1057840.1899999995,1237043.1400000001,4092149.2638504007
NC-13,34,2024-09-19,5865329.470673442,-1731102.48,0.0,5865329.470673442
NE-02,34,2024-09-19,14711032.499952529,-5252212.619999999,812798.1600000001,13898234.339952528
NH-01,34,2024-09-19,3000142.6810401245,-2587524.71,0.0,3000142.6810401245
NH-02,34,2024-09-19,4803987.8595996285,-2715689.5700000003,0.0,4803987.8595996285
NJ-07,34,2024-09-19,10438404.763405094,-5327513.05,0.0,10438404.763405094
NM-01,34,2024-09-19,2868693.7862245413,-567209.9900000001,0.0,2868693.7862245413
NM-02,34,2024-09-19,5377411.026367804,-4780378.97,835731.29,4541679.736367804
NV-03,34,2024-09-19,1909476.692898387,-3982907.8299999996,291723.56999999983,1617753.1228983873
NY-03,34,2024-09-19,6220552.592127699,-1199986.620000001,0.0,6220552.592127699
NY-04,34,2024-09-19,6050494.846640561,2199894.44,1781609.17,4268885.676640561
NY-17,34,2024-09-19,8693871.544896927,-8887492.440000001,1007670.3599999994,7686201.184896927
NY-18,34,2024-09-19,1857096.410343417,-3887146.9599999995,2116224.64,-259128.22965658316
NY-19,34,2024-09-19,7956440.500573648,-5941459.239999999,1284577.37,6671863.130573648
NY-22,34,2024-09-19,12089367.538405158,-1153841.9,911358.3500000001,11178009.188405158
OH-01,34,2024-09-19,325770.1458832114,-2767955.66,0.0,325770.1458832114
OH-09,34,2024-09-19,6227770.885489283,-1720686.7800000003,1321979.0,4905791.885489283
OH-13,34,2024-09-19,2519164.0998637155,-2349379.7199999997,1318509.9900000002,1200654.1098637152
OR-05,34,2024-09-19,16139856.878459822,-5164889.68,846702.7300000004,15293154.148459822
PA-01,34,2024-09-19,16692728.787819467,-3142174.98,0.0,16692728.787819467
PA-07,34,2024-09-19,1.862645149230957e-09,-6516815.95,1022927.6399999997,-1022927.6399999978
PA-08,34,2024-09-19,8206692.891244084,-4698124.43,2651541.1500000004,5555151.741244083
PA-17,34,2024-09-19,1476171.3559549851,-3319784.24,72412.5700000003,1403758.7859549848
TX-15,34,2024-09-19,17594526.531306908,-1711210.6300000004,562.5800000000745,17593963.95130691
VA-02,34,2024-09-19,14381171.176668175,-2444926.5700000003,2.8399999998509884,14381168.336668175
VA-07,34,2024-09-19,0.0,-12662707.61,19.0,-19.0
VA-10,34,2024-09-19,0.0,-1692946.4499999997,0.0,0.0
WA-03,34,2024-09-19,5910346.025857307,-9958664.620000001,1636998.5599999987,4273347.465857308
WA-08,34,2024-09-19,9.313225746154785e-10,-3392497.88,0.0,9.313225746154785e-10
WI-01,34,2024-09-19,12222730.683569254,-1938056.2799999998,0.0,12222730.683569254
AZ-01,35,2024-10-03,13844011.409225434,465848.0599999996,4974771.6899999995,8869239.719225435
AZ-04,35,2024-10-03,2085626.8874924735,-613051.6299999999,359302.8400000001,1726324.0474924734
CA-13,35,2024-10-03,10898201.970793538,1899588.42,5131906.77,5766295.200793538
CA-22,35,2024-10-03,11669381.35580666,-839650.79,3557699.0199999996,8111682.33580666
CA-27,35,2024-10-03,9473805.386005528,-3147885.9899999993,4983799.03,4490006.356005528
CA-40,35,2024-10-03,12946005.83150646,-485459.94999999995,366076.78000000026,12579929.05150646
CA-45,35,2024-10-03,18168880.576280013,-1978010.4900000002,2824485.4800000004,15344395.096280012
CA-49,35,2024-10-03,4926672.593914046,-1885430.17,1543937.3000000003,3382735.2939140457
CO-07,35,2024-10-03,0.0,-676618.8699999999,373056.3300000001,-373056.3300000001
CO-08,35,2024-10-03,3764313.559726077,1877082.5599999996,5417805.6899999995,-1653492.1302739223
CT-02,35,2024-10-03,2362799.358239618,-391702.6399999999,297939.1000000001,2064860.258239618
CT-05,35,2024-10-03,4619584.12279246,-1775692.4000000004,1217829.69,3401754.43279246
FL-27,35,2024-10-03,8001284.448925466,-212163.21999999997,120518.40000000002,7880766.048925466
FL-28,35,2024-10-03,7287333.097883955,-97034.98999999999,40963.41000000003,7246369.6878839545
IA-03,35,2024-10-03,15018309.24177248,410833.6699999999,3975214.7799999993,11043094.461772481
IL-17,35,2024-10-03,2001202.3578843633,-1216727.81,1857472.27,143730.08788436325
KS-03,35,2024-10-03,3065669.266648234,-1985026.1800000002,2269478.27,796190.9966482338
MD-06,35,2024-10-03,544439.1279256837,-2531444.8699999996,641596.8900000001,-97157.76207431639
ME-02,35,2024-10-03,13388122.484962879,-383058.1300000008,5052057.449999999,8336065.0349628795
MI-03,35,2024-10-03,1853743.3380382154,-4851152.11,354.21999999973923,1853389.1180382157
MI-07,35,2024-10-03,9700714.813191488,84126.65000000037,6000417.0600000005,3700297.753191488
MI-08,35,2024-10-03,13444322.001160616,-1862987.0199999996,2612127.7800000003,10832194.221160617
MN-02,35,2024-10-03,2983753.415307954,-1951836.6099999994,3277971.4000000004,-294217.9846920464
NC-01,35,2024-10-03,5709418.17927517,2593805.950000001,3651646.1400000006,2057772.0392751694
NC-13,35,2024-10-03,4727534.018818218,-1731102.48,0.0,4727534.018818218
NE-02,35,2024-10-03,14178134.125635196,-194252.71999999974,5057959.899999999,9120174.225635197
NH-01,35,2024-10-03,2445159.3851352097,-1714359.8499999999,873164.8600000001,1571994.5251352096
NH-02,35,2024-10-03,5361556.046236257,-1754878.79,960810.7800000003,4400745.266236257
NJ-07,35,2024-10-03,10408249.224257987,-2314340.46,3013172.59,7395076.634257987
NM-01,35,2024-10-03,2990615.579549186,-211537.1200000001,355672.87,2634942.709549186
NM-02,35,2024-10-03,7097737.8798394315,707647.75,5488026.72,1609711.1598394318
NV-03,35,2024-10-03,1414729.0688337917,-1652048.7599999998,2330859.07,-916130.0011662082
NY-03,35,2024-10-03,4401194.4532569125,-676023.3200000003,523963.30000000075,3877231.153256912
NY-04,35,2024-10-03,2623585.692420346,3224975.54,1025081.1000000001,1598504.592420346
NY-17,35,2024-10-03,12109372.643781822,-8694017.940000001,193474.5,11915898.143781822
NY-18,35,2024-10-03,2194313.368211427,-860800.6899999995,3026346.27,-832032.9017885732
NY-19,35,2024-10-03,9992275.331550935,-1092281.2400000002,4849177.999999999,5143097.331550936
NY-22,35,2024-10-03,11645142.040627308,1034519.0299999993,2188360.9299999992,9456781.110627308
OH-01,35,2024-10-03,0.0,-1499783.0699999998,1268172.5900000003,-1268172.5900000003
OH-09,35,2024-10-03,6957729.92324079,1874403.2199999997,3595090.0,3362639.92324079
OH-13,35,2024-10-03,2001104.1111310534,1924019.1099999994,4273398.829999999,-2272294.7188689457
OR-05,35,2024-10-03,14606824.167926207,702835.1200000001,5867724.8,8739099.367926206
PA-01,35,2024-10-03,12250317.684062475,-1462441.17,1679733.81,10570583.874062475
PA-07,35,2024-10-03,3277738.707650898,408584.6899999995,6925400.64,-3647661.9323491016
PA-08,35,2024-10-03,10506239.741055757,327592.5200000014,5025716.950000001,5480522.791055756
PA-17,35,2024-10-03,2627882.2459301846,-1605437.2900000005,1714346.9499999997,913535.2959301849
TX-15,35,2024-10-03,15353748.975668332,-586504.2300000004,1124706.4,14229042.575668331
VA-02,35,2024-10-03,13702729.76620103,-594193.06,1850733.5100000002,11851996.25620103
VA-07,35,2024-10-03,0.0,-6828282.530000001,5834425.079999998,-5834425.079999998
VA-10,35,2024-10-03,0.0,-1039705.8399999999,653240.6099999999,-653240.6099999999
WA-03,35,2024-10-03,7770938.881749965,-7300734.89,2657929.7300000014,5113009.151749964
WA-08,35,2024-10-03,0.0,-2081717.4299999997,1310780.4500000002,-1310780.4500000002
WI-01,35,2024-10-03,12487899.53247041,-470272.19999999995,1467784.0799999998,11020115.45247041
AZ-01,36,2024-10-17,12562759.390999604,2527815.76,2061967.7000000002,10500791.690999605
AZ-04,36,2024-10-17,1910869.8243263757,-253346.10999999987,359705.52,1551164.3043263757
CA-13,36,2024-10-17,12312412.800475426,3746563.830000001,1846975.410000001,10465437.390475426
CA-22,36,2024-10-17,12061852.388522472,1523828.38,2363479.17,9698373.218522472
CA-27,36,2024-10-17,10142492.838485312,530090.8300000001,3677976.8199999994,6464516.018485312
CA-40,36,2024-10-17,10453724.018313516,-415978.31000000006,69481.6399999999,10384242.378313515
CA-45,36,2024-10-17,16416647.902808493,2619394.41,4597404.9,11819243.002808493
CA-49,36,2024-10-17,5549884.181090248,-934500.3800000008,950929.7899999991,4598954.391090249
CO-07,36,2024-10-17,0.0,-153772.69999999995,522846.1699999999,-522846.1699999999
CO-08,36,2024-10-17,6871911.822412838,4800811.97,2923729.41,3948182.412412838
CT-02,36,2024-10-17,2307300.7653034823,-94501.46999999997,297201.1699999999,2010099.5953034824
CT-05,36,2024-10-17,4782584.0226325765,78543.32999999961,1854235.73,2928348.2926325765
FL-27,36,2024-10-17,7391084.251563625,-155874.51,56288.70999999996,7334795.541563625
FL-28,36,2024-10-17,6672657.434756482,-72670.0,24364.98999999999,6648292.444756482
IA-03,36,2024-10-17,13698111.250653062,2904150.6100000013,2493316.9400000013,11204794.31065306
IL-17,36,2024-10-17,1911689.4369376656,-601783.9399999995,614943.8700000006,1296745.566937665
KS-03,36,2024-10-17,3301586.963096178,-750022.9699999997,1235003.2100000004,2066583.7530961777
MD-06,36,2024-10-17,805126.091509385,-1743815.9799999995,787628.8900000001,17497.201509384904
ME-02,36,2024-10-17,13618005.364691062,1205759.4000000004,1588817.5300000012,12029187.83469106
MI-03,36,2024-10-17,1788296.3862272464,-4851128.87,23.240000000223517,1788273.1462272462
MI-07,36,2024-10-17,11423825.577380508,1815176.0899999999,1731049.4399999995,9692776.137380509
MI-08,36,2024-10-17,12338278.209862052,-567502.5499999998,1295484.4699999997,11042793.73986205
MN-02,36,2024-10-17,2971944.1804513205,-732105.3799999999,1219731.2299999995,1752212.950451321
NC-01,36,2024-10-17,6436464.369286666,4388334.77,1794528.8199999984,4641935.549286667
NC-13,36,2024-10-17,4278749.750681164,-1731102.48,0.0,4278749.750681164
NE-02,36,2024-10-17,14565009.576513432,2771293.9400000004,2965546.66,11599462.916513432
NH-01,36,2024-10-17,2437980.4198949602,-1076147.0299999998,638212.8200000001,1799767.5998949602
NH-02,36,2024-10-17,4387401.226836688,-1089257.3900000001,665621.3999999999,3721779.826836688
NJ-07,36,2024-10-17,9795869.987484692,-898108.7299999995,1416231.7300000004,8379638.257484691
NM-01,36,2024-10-17,2563727.6830737125,-120649.7100000002,90887.40999999992,2472840.2730737124
NM-02,36,2024-10-17,8870599.307635995,3130356.26,2422708.51,6447890.797635995
NV-03,36,2024-10-17,1853770.0649639843,-35721.30999999959,1616327.4500000002,237442.61496398412
NY-03,36,2024-10-17,3669252.7957307007,757830.959999999,1433854.2799999993,2235398.5157307014
NY-04,36,2024-10-17,1623913.0721547352,3539354.9,314379.35999999987,1309533.7121547353
NY-17,36,2024-10-17,10932966.916819625,-6497195.5600000005,2196822.380000001,8736144.536819624
NY-18,36,2024-10-17,2691572.3707814766,2700206.820000001,3561007.5100000007,-869435.1392185241
NY-19,36,2024-10-17,10816397.720636675,2090745.83,3183027.0700000003,7633370.650636675
NY-22,36,2024-10-17,12586298.905777644,2001438.9100000001,966919.8800000008,11619379.025777644
OH-01,36,2024-10-17,4.656612873077393e-10,-74350.23999999976,1425432.83,-1425432.8299999996
OH-09,36,2024-10-17,7350138.249183586,3394824.5500000007,1520421.330000001,5829716.919183585
OH-13,36,2024-10-17,4936150.592361782,3617646.9399999995,1693627.83,3242522.7623617817
OR-05,36,2024-10-17,14657378.941011053,4704639.1499999985,4001804.0299999984,10655574.911011055
PA-01,36,2024-10-17,10792274.86978988,-738468.06,723973.1099999999,10068301.75978988
PA-07,36,2024-10-17,4230451.66047786,1812263.0500000007,1403678.3600000013,2826773.3004778586
PA-08,36,2024-10-17,10408099.403329268,1465493.42,1137900.8999999985,9270198.50332927
PA-17,36,2024-10-17,3038254.219580653,-88363.44000000041,1517073.85,1521180.369580653
TX-15,36,2024-10-17,13977395.694767391,-96342.18000000017,490162.0500000003,13487233.64476739
VA-02,36,2024-10-17,12566475.866236202,437674.9199999999,1031867.98,11534607.886236202
VA-07,36,2024-10-17,3.725290298461914e-09,-3912103.219999999,2916179.3100000024,-2916179.3099999987
VA-10,36,2024-10-17,0.0,-486593.77,553112.0699999998,-553112.0699999998
WA-03,36,2024-10-17,9053264.92828871,-7006314.18,294420.70999999996,8758844.218288708
WA-08,36,2024-10-17,0.0,-845474.9699999997,1236242.46,-1236242.46
WI-01,36,2024-10-17,11077443.724202612,-334902.5399999996,135369.66000000038,10942074.064202612
AZ-01,37,2024-10-31,12199105.962076254,4943463.079999998,2415647.3199999984,9783458.642076256
AZ-04,37,2024-10-31,1852166.772065739,-253346.10999999987,0.0,1852166.772065739
CA-13,37,2024-10-31,12713973.83647662,3984712.839999999,238149.0099999979,12475824.826476622
CA-22,37,2024-10-31,11888606.132157397,2081491.29,557662.9100000001,11330943.222157396
CA-27,37,2024-10-31,10510251.86619186,569373.6999999993,39282.86999999918,10470968.996191861
CA-40,37,2024-10-31,9979128.97742883,-401908.07000000007,14070.23999999999,9965058.73742883
CA-45,37,2024-10-31,15840628.052294372,4231285.610000001,1611891.2000000011,14228736.85229437
CA-49,37,2024-10-31,5489890.151691557,-913806.7400000002,20693.640000000596,5469196.511691556
CO-07,37,2024-10-31,0.0,-153772.69999999995,0.0,0.0
CO-08,37,2024-10-31,9292210.016879346,6382723.340000001,1581911.370000001,7710298.646879345
CT-02,37,2024-10-31,2224133.219845295,-94501.46999999997,0.0,2224133.219845295
CT-05,37,2024-10-31,4832704.8075316325,377591.4199999999,299048.0900000003,4533656.717531633
FL-27,37,2024-10-31,7092717.28111557,-155874.51,0.0,7092717.28111557
FL-28,37,2024-10-31,6382313.938489071,-72670.0,0.0,6382313.938489071
IA-03,37,2024-10-31,13020394.16231617,4001421.290000001,1097270.6799999997,11923123.48231617
IL-17,37,2024-10-31,1870565.0619632257,-531367.3799999999,70416.55999999959,1800148.5019632261
KS-03,37,2024-10-31,3103602.0302852886,-731783.8499999996,18239.12000000011,3085362.9102852885
MD-06,37,2024-10-31,702045.9585162615,-1522686.2999999998,221129.6799999997,480916.27851626184
ME-02,37,2024-10-31,13374039.7353814,1561550.6999999993,355791.2999999989,13018248.435381401
MI-03,37,2024-10-31,1669358.3049028758,-4837668.28,13460.589999999851,1655897.714902876
MI-07,37,2024-10-31,11332901.365073014,2822479.34,1007303.25,10325598.115073014
MI-08,37,2024-10-31,11780535.397425184,-326399.26999999955,241103.28000000026,11539432.117425185
MN-02,37,2024-10-31,2786304.9619912133,-314641.94999999925,417463.43000000063,2368841.5319912126
NC-01,37,2024-10-31,7070070.373111296,4694340.3100000005,306005.54000000097,6764064.8331112955
NC-13,37,2024-10-31,4151597.963834587,-1731102.48,0.0,4151597.963834587
NE-02,37,2024-10-31,15171016.88075734,3340319.1499999994,569025.209999999,14601991.67075734
NH-01,37,2024-10-31,2332095.3701744587,-921019.2799999998,155127.75,2176967.6201744587
NH-02,37,2024-10-31,4121190.6025140705,-1089257.3900000001,0.0,4121190.6025140705
NJ-07,37,2024-10-31,9383156.711001603,-299189.2400000002,598919.4899999993,8784237.221001603
NM-01,37,2024-10-31,2426521.8714133995,-70079.89000000013,50569.820000000065,2375952.051413399
NM-02,37,2024-10-31,8915035.0495008,3586546.630000001,456190.37000000104,8458844.6795008
NV-03,37,2024-10-31,1811193.8229437824,-8727.489999999292,26993.820000000298,1784200.0029437821
NY-03,37,2024-10-31,3463625.7572181504,1005266.0099999998,247435.05000000075,3216190.7072181497
NY-04,37,2024-10-31,1548857.3262948552,3793940.97,254586.0700000003,1294271.256294855
NY-17,37,2024-10-31,10241899.567920793,-6014717.8100000005,482477.75,9759421.817920793
NY-18,37,2024-10-31,2639104.6537511135,2828917.0500000017,128710.23000000045,2510394.423751113
NY-19,37,2024-10-31,12021173.423294248,5814407.090000002,3723661.2600000016,8297512.163294246
NY-22,37,2024-10-31,12544329.970250476,2101044.67,99605.75999999978,12444724.210250476
OH-01,37,2024-10-31,230317.7146912138,-50814.330000000075,23535.909999999683,206781.8046912141
OH-09,37,2024-10-31,7891057.131148489,4459834.3100000005,1065009.7599999998,6826047.371148489
OH-13,37,2024-10-31,4943011.788863396,4154452.08,536805.1400000006,4406206.648863396
OR-05,37,2024-10-31,14669690.080306236,6008724.789999999,1304085.6400000006,13365604.440306235
PA-01,37,2024-10-31,10476671.366292177,-729916.5899999999,8551.470000000205,10468119.896292176
PA-07,37,2024-10-31,4156795.578550175,4811678.989999998,2999415.9399999976,1157379.6385501772
PA-08,37,2024-10-31,10154234.188906118,1980648.8399999999,515155.4199999999,9639078.768906118
PA-17,37,2024-10-31,2964767.1338354936,211609.50999999978,299972.9500000002,2664794.1838354934
TX-15,37,2024-10-31,13352177.073754665,-6726.8300000000745,89615.3500000001,13262561.723754665
VA-02,37,2024-10-31,12001892.356461566,762342.5800000001,324667.66000000015,11677224.696461566
VA-07,37,2024-10-31,62746.46267046034,-3785140.5699999984,126962.65000000037,-64216.18732954003
VA-10,37,2024-10-31,0.0,-486453.77,140.0,-140.0
WA-03,37,2024-10-31,11638769.036089491,-5388578.78,1617735.3999999994,10021033.636089493
WA-08,37,2024-10-31,2.7939677238464355e-09,-789345.6999999993,56129.270000000484,-56129.26999999769
WI-01,37,2024-10-31,10569770.172351575,-315517.88999999966,19384.649999999907,10550385.522351574
