district_id,total_gap,sigma_i
AZ-01,66626402.96599999,6.409426906985813
AZ-04,74789430.51599996,11.143450804422802
CA-13,67094398.156,6.495873097517491
CA-22,70314539.46599999,6.561057729708687
CA-27,71833904.44600001,6.481473073721615
