tier,n_cycles,n_obs_total,pooled_eta_all_cycles,joint_f_stat,joint_p_value,eta_varies_by_cycle
Safe D,7,534,0.3705156441807811,3.5253640618287663,0.001979230053517391,True
Likely D,7,387,0.17996493678014386,2.032319670959225,0.06053609301053952,False
Lean D,7,554,0.6371795918918652,4.137248167562635,0.00044751564975867113,True
Toss-Up,7,506,0.4221527012342257,3.850654484516715,0.0009132543366791495,True
Lean R,7,201,0.5722407455611258,1.4034413298431563,0.215115933520012,False
Likely R,7,552,0.561724244043288,7.522651750990747,9.20612653046546e-08,True
Safe R,7,1114,0.5836100382396248,8.857533826913214,1.863721319761014e-09,True
