horizon_days,horizon_months,n_cycles_covering,n_pooled_obs,pooled_std_dG,pooled_std_over_sqrt_days
30,1.0,5,2741,1.0894489013552406,0.1989052461738286
60,2.0,5,2591,1.544225183622573,0.1993586139654772
90,3.0,5,2441,1.8910604665198063,0.19933527557677255
180,5.9,5,1991,2.696514809411102,0.20098634720593714
270,8.9,5,1541,3.2912870350810834,0.20030135025980073
365,12.0,5,1066,3.8071361492621287,0.19927461370817848
450,14.8,5,641,4.1727838323548445,0.19670691628558
