{
  "as_of": "2026-07-22",
  "days_remaining": 104,
  "budget": 394307632.0459093,
  "committed_total": 911046.59,
  "deployable_total": 393396585.4559093,
  "optimal_expected_seats": 239.25365548604765,
  "no_further_deployment_expected_seats": 223.50230638087763,
  "seat_gain": 15.751349105170021,
  "d_trickle_by_tier": {
    "_pooled": 3332.0577897492462,
    "Safe D": 3034.465001255948,
    "Likely D": 4488.534087650788,
    "Lean D": 7563.539219237872,
    "Toss-Up": 7193.2638298319325,
    "Lean R": 5796.847023070098,
    "Likely R": 4507.361760088232,
    "Safe R": 1273.9327948045034
  },
  "r_trickle_by_tier": {
    "_pooled": 3107.2110304966845,
    "Safe D": 1008.7751567639309,
    "Likely D": 1991.9539139388687,
    "Lean D": 4626.748754808017,
    "Toss-Up": 5104.363610542594,
    "Lean R": 6180.303841126657,
    "Likely R": 4753.951525112173,
    "Safe R": 3567.5051257795994
  }
}