{
  "spearman_efficiency": {
    "rho": -0.5824866956942429,
    "p_value_asymptotic": 4.745243148326307e-06,
    "p_value_permutation": 0.0,
    "n_permutations": 2000,
    "n_competitive": 53
  },
  "allocation_efficiency": {
    "dccc_expected_seats": 215.1794074446727,
    "model_expected_seats": 220.51988298445917,
    "null_mean_expected_seats": 214.27906458186527,
    "null_ci_95": [
      213.0835326250048,
      215.41627288305565
    ],
    "n_permutations": 2000,
    "n_competitive": 53,
    "p_value_dccc_below_null": 0.077,
    "p_value_model_exceeds_null": 0.0
  }
}