{
  "label": "eta_fit_2024",
  "grid_fracs": [
    0.0,
    0.1,
    0.2,
    0.30000000000000004,
    0.4,
    0.5,
    0.6000000000000001,
    0.7000000000000001,
    0.8,
    0.9,
    1.0
  ],
  "n_grid": 11,
  "n_periods": 7,
  "k_paths": 500,
  "eta_summary": {
    "single_cycle_fit": {
      "Safe D": 0.3182015334975614,
      "Likely D": -0.10149819147606645,
      "Lean D": 0.2365321180823473,
      "Toss-Up": 0.34145227344919976,
      "Lean R": 0.18309963537906132,
      "Likely R": 0.4115858359343356,
      "Safe R": -0.1649531977895235
    }
  },
  "schedule": [
    {
      "period": 0,
      "days_remaining": 98,
      "v_g0_mean": 225.9774875228245,
      "chosen_frac_mean": 1.0,
      "option_value_means": {
        "deploy_1.00": 225.9774875228245,
        "deploy_0.00": 225.9294318678479,
        "deploy_0.10": 225.8144057941731,
        "deploy_0.20": 225.81305672864312,
        "deploy_0.30": 225.81263388131322,
        "deploy_0.40": 225.81252537223358,
        "deploy_0.50": 225.812476758328,
        "deploy_0.60": 225.81239239871624,
        "deploy_0.70": 225.81234137274038,
        "deploy_0.80": 225.8122992551001,
        "deploy_0.90": 225.81227140645973
      },
      "action_frac_distribution": {
        "1.00": 1.0,
        "0.00": 0.0,
        "0.10": 0.0,
        "0.20": 0.0,
        "0.30": 0.0,
        "0.40": 0.0,
        "0.50": 0.0,
        "0.60": 0.0,
        "0.70": 0.0,
        "0.80": 0.0,
        "0.90": 0.0
      },
      "basis_r2": 8.881784197001253e-17,
      "basis_r2_by_grid_state": {
        "0": 1.1102230246251565e-16,
        "1": 3.3306690738754696e-16,
        "2": 1.1102230246251565e-16,
        "3": 1.1102230246251565e-16,
        "4": 0.0,
        "5": 0.0,
        "6": 0.0,
        "7": 1.1102230246251565e-16,
        "8": 1.1102230246251565e-16,
        "9": 0.0
      }
    },
    {
      "period": 1,
      "days_remaining": 84,
      "v_g0_mean": 225.92943186784848,
      "chosen_frac_mean": 0.4248,
      "option_value_means": {
        "deploy_1.00": 225.79717622664413,
        "deploy_0.00": 225.84629069234472,
        "deploy_0.10": 225.6835647841578,
        "deploy_0.20": 225.68098860584195,
        "deploy_0.30": 225.68014262233166,
        "deploy_0.40": 225.67982992994598,
        "deploy_0.50": 225.6795767462647,
        "deploy_0.60": 225.67935201612784,
        "deploy_0.70": 225.67920987597623,
        "deploy_0.80": 225.67908798630148,
        "deploy_0.90": 225.67902439173687
      },
      "action_frac_distribution": {
        "1.00": 0.388,
        "0.00": 0.55,
        "0.10": 0.02,
        "0.20": 0.0,
        "0.30": 0.0,
        "0.40": 0.006,
        "0.50": 0.0,
        "0.60": 0.0,
        "0.70": 0.0,
        "0.80": 0.0,
        "0.90": 0.036
      },
      "basis_r2": 0.3493472101418392,
      "basis_r2_by_grid_state": {
        "0": 0.41481469490533607,
        "1": 0.34760683067056153,
        "2": 0.34331244138261363,
        "3": 0.3419296214791161,
        "4": 0.34136255717680564,
        "5": 0.3412120208419642,
        "6": 0.3410081695035827,
        "7": 0.3408493033358927,
        "8": 0.3407339689849831,
        "9": 0.34064249313753636
      }
    },
    {
      "period": 2,
      "days_remaining": 70,
      "v_g0_mean": 225.8462906923464,
      "chosen_frac_mean": 0.3398,
      "option_value_means": {
        "deploy_1.00": 225.6257395055486,
        "deploy_0.00": 225.7633938029945,
        "deploy_0.10": 225.589819132673,
        "deploy_0.20": 225.58782743672066,
        "deploy_0.30": 225.58712637253893,
        "deploy_0.40": 225.5868075775697,
        "deploy_0.50": 225.58660612569184,
        "deploy_0.60": 225.58649058692362,
        "deploy_0.70": 225.5862848620768,
        "deploy_0.80": 225.58608588786717,
        "deploy_0.90": 225.58602673004327
      },
      "action_frac_distribution": {
        "1.00": 0.292,
        "0.00": 0.612,
        "0.10": 0.04,
        "0.20": 0.006,
        "0.30": 0.0,
        "0.40": 0.0,
        "0.50": 0.006,
        "0.60": 0.0,
        "0.70": 0.0,
        "0.80": 0.0,
        "0.90": 0.044
      },
      "basis_r2": 0.5420289319189314,
      "basis_r2_by_grid_state": {
        "0": 0.5849491654223724,
        "1": 0.5378969277091018,
        "2": 0.5375236159735732,
        "3": 0.5373092527692733,
        "4": 0.5372045978503098,
        "5": 0.5371221602542655,
        "6": 0.5370928630010535,
        "7": 0.5370747411009129,
        "8": 0.5370662021497612,
        "9": 0.5370497929586915
      }
    },
    {
      "period": 3,
      "days_remaining": 56,
      "v_g0_mean": 225.76339380299527,
      "chosen_frac_mean": 0.38980000000000004,
      "option_value_means": {
        "deploy_1.00": 225.56245816206953,
        "deploy_0.00": 225.64771535570856,
        "deploy_0.10": 225.47577901752473,
        "deploy_0.20": 225.47410382075944,
        "deploy_0.30": 225.47361502588186,
        "deploy_0.40": 225.47342563762155,
        "deploy_0.50": 225.47323721602558,
        "deploy_0.60": 225.47313289978854,
        "deploy_0.70": 225.47301809246872,
        "deploy_0.80": 225.4729665458519,
        "deploy_0.90": 225.47291110253823
      },
      "action_frac_distribution": {
        "1.00": 0.352,
        "0.00": 0.584,
        "0.10": 0.008,
        "0.20": 0.004,
        "0.30": 0.004,
        "0.40": 0.002,
        "0.50": 0.0,
        "0.60": 0.024,
        "0.70": 0.0,
        "0.80": 0.0,
        "0.90": 0.022
      },
      "basis_r2": 0.6122974983937465,
      "basis_r2_by_grid_state": {
        "0": 0.6328675802103537,
        "1": 0.6097937062497877,
        "2": 0.6099446807925071,
        "3": 0.6100783685789405,
        "4": 0.6100545281123435,
        "5": 0.6101022250238025,
        "6": 0.6100914492780092,
        "7": 0.6100564354262021,
        "8": 0.6099964529334545,
        "9": 0.6099895573320627
      }
    },
    {
      "period": 4,
      "days_remaining": 42,
      "v_g0_mean": 225.6477153557098,
      "chosen_frac_mean": 0.45039999999999997,
      "option_value_means": {
        "deploy_1.00": 225.454907017212,
        "deploy_0.00": 225.50325238274058,
        "deploy_0.10": 225.33700466826662,
        "deploy_0.20": 225.33471650392462,
        "deploy_0.30": 225.33401112228754,
        "deploy_0.40": 225.33370813927363,
        "deploy_0.50": 225.3335239566566,
        "deploy_0.60": 225.33335977743542,
        "deploy_0.70": 225.33311677715702,
        "deploy_0.80": 225.33304104837555,
        "deploy_0.90": 225.33298551485973
      },
      "action_frac_distribution": {
        "1.00": 0.422,
        "0.00": 0.524,
        "0.10": 0.018,
        "0.20": 0.002,
        "0.30": 0.002,
        "0.40": 0.002,
        "0.50": 0.0,
        "0.60": 0.004,
        "0.70": 0.0,
        "0.80": 0.01,
        "0.90": 0.016
      },
      "basis_r2": 0.6659165103308773,
      "basis_r2_by_grid_state": {
        "0": 0.6893192297567119,
        "1": 0.6652627370353494,
        "2": 0.6637968742231101,
        "3": 0.6633433319317572,
        "4": 0.6631118527494162,
        "5": 0.6629856322298464,
        "6": 0.6628946764234651,
        "7": 0.6628602726077767,
        "8": 0.6628161391980171,
        "9": 0.6627743571533229
      }
    },
    {
      "period": 5,
      "days_remaining": 28,
      "v_g0_mean": 225.50325238274067,
      "chosen_frac_mean": 0.43460000000000004,
      "option_value_means": {
        "deploy_1.00": 225.31150551063647,
        "deploy_0.00": 225.33533194503664,
        "deploy_0.10": 225.2323277615923,
        "deploy_0.20": 225.23106605950312,
        "deploy_0.30": 225.23065606734642,
        "deploy_0.40": 225.23050317910074,
        "deploy_0.50": 225.23038225198863,
        "deploy_0.60": 225.2302525793125,
        "deploy_0.70": 225.23015984105308,
        "deploy_0.80": 225.23011974212253,
        "deploy_0.90": 225.2300893001733
      },
      "action_frac_distribution": {
        "1.00": 0.384,
        "0.00": 0.51,
        "0.10": 0.03,