{
  "label": "eta_fit_2024",
  "grid_fracs": [
    0.0,
    0.25,
    0.5,
    0.75,
    1.0
  ],
  "n_grid": 5,
  "n_periods": 7,
  "k_paths": 2000,
  "eta_summary": {
    "single_cycle_fit": {
      "Safe D": 0.3182015334975613,
      "Likely D": -0.10149819147606648,
      "Lean D": 0.23653211808234725,
      "Toss-Up": 0.3414522734491998,
      "Lean R": 0.18309963537906138,
      "Likely R": 0.41158583593433545,
      "Safe R": -0.16495319778952353
    }
  },
  "schedule": [
    {
      "period": 0,
      "days_remaining": 98,
      "v_g0_mean": 231.99036997414944,
      "chosen_frac_mean": 0.0,
      "option_value_means": {
        "deploy_1.00": 230.7053425631543,
        "deploy_0.00": 231.99036997414944,
        "deploy_0.25": 231.6813601504881,
        "deploy_0.50": 231.67514043445874,
        "deploy_0.75": 231.67309661831845
      },
      "action_frac_distribution": {
        "1.00": 0.0,
        "0.00": 1.0,
        "0.25": 0.0,
        "0.50": 0.0,
        "0.75": 0.0
      },
      "basis_r2": 2.7755575615628914e-17,
      "basis_r2_by_grid_state": {
        "0": 1.1102230246251565e-16,
        "1": 0.0,
        "2": 0.0,
        "3": 0.0
      }
    },
    {
      "period": 1,
      "days_remaining": 84,
      "v_g0_mean": 231.99036997414936,
      "chosen_frac_mean": 0.02475,
      "option_value_means": {
        "deploy_1.00": 230.81429417110184,
        "deploy_0.00": 231.98312378202056,
        "deploy_0.25": 231.6813076576998,
        "deploy_0.50": 231.67511598759174,
        "deploy_0.75": 231.67308917289378
      },
      "action_frac_distribution": {
        "1.00": 0.0,
        "0.00": 0.916,
        "0.25": 0.075,
        "0.50": 0.003,
        "0.75": 0.006
      },
      "basis_r2": 0.4080842370983549,
      "basis_r2_by_grid_state": {
        "0": 0.4575755852546677,
        "1": 0.39166168735337337,
        "2": 0.39158314439271225,
        "3": 0.3915165313926663
      }
    },
    {
      "period": 2,
      "days_remaining": 70,
      "v_g0_mean": 231.9831237820213,
      "chosen_frac_mean": 0.047125,
      "option_value_means": {
        "deploy_1.00": 231.02797665412612,
        "deploy_0.00": 231.9628290879547,
        "deploy_0.25": 231.68050037827425,
        "deploy_0.50": 231.67445303755346,
        "deploy_0.75": 231.67247680842124
      },
      "action_frac_distribution": {
        "1.00": 0.001,
        "0.00": 0.8585,
        "0.25": 0.1175,
        "0.50": 0.002,
        "0.75": 0.021
      },
      "basis_r2": 0.5730024472920456,
      "basis_r2_by_grid_state": {
        "0": 0.6095638004510989,
        "1": 0.56111455141946,
        "2": 0.5607243353639839,
        "3": 0.5606071019336395
      }
    },
    {
      "period": 3,
      "days_remaining": 56,
      "v_g0_mean": 231.96282908795519,
      "chosen_frac_mean": 0.076625,
      "option_value_means": {
        "deploy_1.00": 231.17900301099948,
        "deploy_0.00": 231.92882377426994,
        "deploy_0.25": 231.6778130063647,
        "deploy_0.50": 231.67223233136662,
        "deploy_0.75": 231.6704232883249
      },
      "action_frac_distribution": {
        "1.00": 0.0065,
        "0.00": 0.792,
        "0.25": 0.1595,
        "0.50": 0.005,
        "0.75": 0.037
      },
      "basis_r2": 0.6775332701437126,
      "basis_r2_by_grid_state": {
        "0": 0.7038077876451545,
        "1": 0.6690599041565223,
        "2": 0.6686802911246609,
        "3": 0.6685850976485126
      }
    },
    {
      "period": 4,
      "days_remaining": 42,
      "v_g0_mean": 231.92882377426977,
      "chosen_frac_mean": 0.11075,
      "option_value_means": {
        "deploy_1.00": 231.28832474074753,
        "deploy_0.00": 231.87497801107224,
        "deploy_0.25": 231.67447460748227,
        "deploy_0.50": 231.66995372030385,
        "deploy_0.75": 231.66851695984874
      },
      "action_frac_distribution": {
        "1.00": 0.008,
        "0.00": 0.7295,
        "0.25": 0.1855,
        "0.50": 0.0055,
        "0.75": 0.0715
      },
      "basis_r2": 0.7395125449637536,
      "basis_r2_by_grid_state": {
        "0": 0.755211020459087,
        "1": 0.7347484983673713,
        "2": 0.7341394894900417,
        "3": 0.7339511715385141
      }
    },
    {
      "period": 5,
      "days_remaining": 28,
      "v_g0_mean": 231.87497801107222,
      "chosen_frac_mean": 0.169375,
      "option_value_means": {
        "deploy_1.00": 231.4375855156795,
        "deploy_0.00": 231.79614273800894,
        "deploy_0.25": 231.66764660948928,
        "deploy_0.50": 231.664681093817,
        "deploy_0.75": 231.6637496384223
      },
      "action_frac_distribution": {
        "1.00": 0.0235,
        "0.00": 0.6465,
        "0.25": 0.195,
        "0.50": 0.0165,
        "0.75": 0.1185
      },
      "basis_r2": 0.7546130222945477,
      "basis_r2_by_grid_state": {
        "0": 0.7699973852548461,
        "1": 0.7499679751939571,
        "2": 0.7493346901223044,
        "3": 0.7491520386070831
      }
    },
    {
      "period": 6,
      "days_remaining": 14,
      "v_g0_mean": 231.7961427380091,
      "chosen_frac_mean": 0.256875,
      "option_value_means": {
        "deploy_1.00": 231.5426645798468,
        "deploy_0.00": 231.66186239236242,
        "deploy_0.25": 231.66186239236134,
        "deploy_0.50": 231.66186239236234,
        "deploy_0.75": 231.66186239236202
      },
      "action_frac_distribution": {
        "1.00": 0.0275,
        "0.00": 0.504,
        "0.25": 0.2325,
        "0.50": 0.023,
        "0.75": 0.213
      },
      "basis_r2": 0.7921964952099453,
      "basis_r2_by_grid_state": {
        "0": 0.7815276534873425,
        "1": 0.7960260638994852,
        "2": 0.7956684713624839,
        "3": 0.7955637920904697
      }
    }
  ]
}