{
  "label": "eta_fit_2024",
  "grid_fracs": [
    0.0,
    0.25,
    0.5,
    0.75,
    1.0
  ],
  "n_grid": 5,
  "n_periods": 7,
  "k_paths": 2000,
  "eta_summary": {
    "single_cycle_fit": {
      "Safe D": 0.3182015334975614,
      "Likely D": -0.10149819147606645,
      "Lean D": 0.2365321180823473,
      "Toss-Up": 0.34145227344919976,
      "Lean R": 0.18309963537906132,
      "Likely R": 0.4115858359343356,
      "Safe R": -0.1649531977895235
    }
  },
  "schedule": [
    {
      "period": 0,
      "days_remaining": 98,
      "v_g0_mean": 225.9774875228245,
      "chosen_frac_mean": 1.0,
      "option_value_means": {
        "deploy_1.00": 225.9774875228245,
        "deploy_0.00": 225.90458769199742,
        "deploy_0.25": 225.78261732113202,
        "deploy_0.50": 225.78221808620623,
        "deploy_0.75": 225.78210176437412
      },
      "action_frac_distribution": {
        "1.00": 1.0,
        "0.00": 0.0,
        "0.25": 0.0,
        "0.50": 0.0,
        "0.75": 0.0
      },
      "basis_r2": 8.326672684688674e-17,
      "basis_r2_by_grid_state": {
        "0": 1.1102230246251565e-16,
        "1": 0.0,
        "2": 2.220446049250313e-16,
        "3": 0.0
      }
    },
    {
      "period": 1,
      "days_remaining": 84,
      "v_g0_mean": 225.9045876919986,
      "chosen_frac_mean": 0.42775,
      "option_value_means": {
        "deploy_1.00": 225.77214685223177,
        "deploy_0.00": 225.82212070646113,
        "deploy_0.25": 225.6591539372769,
        "deploy_0.50": 225.65860845517753,
        "deploy_0.75": 225.65843849985518
      },
      "action_frac_distribution": {
        "1.00": 0.402,
        "0.00": 0.556,
        "0.25": 0.0095,
        "0.50": 0.004,
        "0.75": 0.0285
      },
      "basis_r2": 0.39926179503148784,
      "basis_r2_by_grid_state": {
        "0": 0.4251552906028828,
        "1": 0.39115973488165046,
        "2": 0.3904626994591598,
        "3": 0.3902694551822582
      }
    },
    {
      "period": 2,
      "days_remaining": 70,
      "v_g0_mean": 225.82212070645946,
      "chosen_frac_mean": 0.398625,
      "option_value_means": {
        "deploy_1.00": 225.64557693213445,
        "deploy_0.00": 225.7285431958628,
        "deploy_0.25": 225.54379910483985,
        "deploy_0.50": 225.54288472988884,
        "deploy_0.75": 225.5426285181127
      },
      "action_frac_distribution": {
        "1.00": 0.368,
        "0.00": 0.5795,
        "0.25": 0.017,
        "0.50": 0.001,
        "0.75": 0.0345
      },
      "basis_r2": 0.5582313506758338,
      "basis_r2_by_grid_state": {
        "0": 0.5758784141701558,
        "1": 0.5527420709770805,
        "2": 0.5522312109673537,
        "3": 0.5520737065887453
      }
    },
    {
      "period": 3,
      "days_remaining": 56,
      "v_g0_mean": 225.72854319586253,
      "chosen_frac_mean": 0.38875,
      "option_value_means": {
        "deploy_1.00": 225.52032286583426,
        "deploy_0.00": 225.6195743463677,
        "deploy_0.25": 225.42191586910567,
        "deploy_0.50": 225.4209008072639,
        "deploy_0.75": 225.42056443811805
      },
      "action_frac_distribution": {
        "1.00": 0.354,
        "0.00": 0.582,
        "0.25": 0.024,
        "0.50": 0.005,
        "0.75": 0.035
      },
      "basis_r2": 0.6551463132279882,
      "basis_r2_by_grid_state": {
        "0": 0.6697756167404518,
        "1": 0.6506302672515103,
        "2": 0.6501610285526146,
        "3": 0.6500183403673765
      }
    },
    {
      "period": 4,
      "days_remaining": 42,
      "v_g0_mean": 225.61957434636753,
      "chosen_frac_mean": 0.392,
      "option_value_means": {
        "deploy_1.00": 225.38649838518967,
        "deploy_0.00": 225.49956156561484,
        "deploy_0.25": 225.3316046433179,
        "deploy_0.50": 225.33095307151865,
        "deploy_0.75": 225.33074130526603
      },
      "action_frac_distribution": {
        "1.00": 0.328,
        "0.00": 0.566,
        "0.25": 0.0295,
        "0.50": 0.003,
        "0.75": 0.0735
      },
      "basis_r2": 0.6919741832278157,
      "basis_r2_by_grid_state": {
        "0": 0.7127008552788787,
        "1": 0.685382915674473,
        "2": 0.6849725385315415,
        "3": 0.6848404234263696
      }
    },
    {
      "period": 5,
      "days_remaining": 28,
      "v_g0_mean": 225.4995615656149,
      "chosen_frac_mean": 0.46025,
      "option_value_means": {
        "deploy_1.00": 225.30629869789624,
        "deploy_0.00": 225.32881534092138,
        "deploy_0.25": 225.19199415707203,
        "deploy_0.50": 225.19161882451854,
        "deploy_0.75": 225.19150764709028
      },
      "action_frac_distribution": {
        "1.00": 0.4045,
        "0.00": 0.503,
        "0.25": 0.026,
        "0.50": 0.0025,
        "0.75": 0.064
      },
      "basis_r2": 0.7298837992647558,
      "basis_r2_by_grid_state": {
        "0": 0.7458650902828068,
        "1": 0.7248740739277504,
        "2": 0.7244690842408219,
        "3": 0.7243269486076438
      }
    },
    {
      "period": 6,
      "days_remaining": 14,
      "v_g0_mean": 225.32881534092053,
      "chosen_frac_mean": 0.557625,
      "option_value_means": {
        "deploy_1.00": 225.18594690213072,
        "deploy_0.00": 225.10009626288863,
        "deploy_0.25": 225.1000962628884,
        "deploy_0.50": 225.1000962628874,
        "deploy_0.75": 225.1000962628891
      },
      "action_frac_distribution": {
        "1.00": 0.5185,
        "0.00": 0.4075,
        "0.25": 0.032,
        "0.50": 0.0015,
        "0.75": 0.0405
      },
      "basis_r2": 0.7576660911211125,
      "basis_r2_by_grid_state": {
        "0": 0.7444913314984676,
        "1": 0.7622382941918648,
        "2": 0.7620013382119005,
        "3": 0.7619334005822171
      }
    }
  ]
}