{
  "label": "eta_fit_2022",
  "grid_fracs": [
    0.0,
    0.25,
    0.5,
    0.75,
    1.0
  ],
  "n_grid": 5,
  "n_periods": 7,
  "k_paths": 2000,
  "eta_summary": {
    "single_cycle_fit": {
      "Safe D": 1.069694529719842,
      "Likely D": -0.21203912431649052,
      "Lean D": 0.2938841818755611,
      "Toss-Up": 0.729939109263241,
      "Lean R": 0.38688841357965864,
      "Likely R": -0.017244985216736237,
      "Safe R": -0.0033462387436219553
    }
  },
  "schedule": [
    {
      "period": 0,
      "days_remaining": 98,
      "v_g0_mean": 231.0109736165124,
      "chosen_frac_mean": 0.0,
      "option_value_means": {
        "deploy_1.00": 230.246373860241,
        "deploy_0.00": 231.0109736165124,
        "deploy_0.25": 230.71113079166165,
        "deploy_0.50": 230.70630817312028,
        "deploy_0.75": 230.70464266133018
      },
      "action_frac_distribution": {
        "1.00": 0.0,
        "0.00": 1.0,
        "0.25": 0.0,
        "0.50": 0.0,
        "0.75": 0.0
      },
      "basis_r2": 2.7755575615628914e-17,
      "basis_r2_by_grid_state": {
        "0": 0.0,
        "1": 1.1102230246251565e-16,
        "2": 0.0,
        "3": 0.0
      }
    },
    {
      "period": 1,
      "days_remaining": 84,
      "v_g0_mean": 231.01097361651233,
      "chosen_frac_mean": 0.052125,
      "option_value_means": {
        "deploy_1.00": 230.2107006091405,
        "deploy_0.00": 230.9987956593525,
        "deploy_0.25": 230.70796788479393,
        "deploy_0.50": 230.70324683969045,
        "deploy_0.75": 230.70162447847804
      },
      "action_frac_distribution": {
        "1.00": 0.006,
        "0.00": 0.888,
        "0.25": 0.063,
        "0.50": 0.0075,
        "0.75": 0.0355
      },
      "basis_r2": 0.39459992130292265,
      "basis_r2_by_grid_state": {
        "0": 0.44818672641379476,
        "1": 0.37829652413890613,
        "2": 0.37630130896988345,
        "3": 0.37561512568910616
      }
    },
    {
      "period": 2,
      "days_remaining": 70,
      "v_g0_mean": 230.99879565935288,
      "chosen_frac_mean": 0.103,
      "option_value_means": {
        "deploy_1.00": 230.3321215658485,
        "deploy_0.00": 230.9636669373961,
        "deploy_0.25": 230.69655940913884,
        "deploy_0.50": 230.69193250926847,
        "deploy_0.75": 230.6903722928838
      },
      "action_frac_distribution": {
        "1.00": 0.023,
        "0.00": 0.794,
        "0.25": 0.109,
        "0.50": 0.011,
        "0.75": 0.063
      },
      "basis_r2": 0.5543612923000969,
      "basis_r2_by_grid_state": {
        "0": 0.5991674738635928,
        "1": 0.5408043406810314,
        "2": 0.5390520143767337,
        "3": 0.5384213402790297
      }
    },
    {
      "period": 3,
      "days_remaining": 56,
      "v_g0_mean": 230.9636669373954,
      "chosen_frac_mean": 0.139625,
      "option_value_means": {
        "deploy_1.00": 230.42470891310077,
        "deploy_0.00": 230.91434847602247,
        "deploy_0.25": 230.6736444576775,
        "deploy_0.50": 230.66913446120583,
        "deploy_0.75": 230.6676350082319
      },
      "action_frac_distribution": {
        "1.00": 0.06,
        "0.00": 0.75,
        "0.25": 0.1205,
        "0.50": 0.0105,
        "0.75": 0.059
      },
      "basis_r2": 0.6596257742163418,
      "basis_r2_by_grid_state": {
        "0": 0.6883506995825517,
        "1": 0.6511952578704965,
        "2": 0.6497279984305351,
        "3": 0.6492291409817843
      }
    },
    {
      "period": 4,
      "days_remaining": 42,
      "v_g0_mean": 230.91434847602224,
      "chosen_frac_mean": 0.17975,
      "option_value_means": {
        "deploy_1.00": 230.46166693223316,
        "deploy_0.00": 230.8458594357051,
        "deploy_0.25": 230.6494849299473,
        "deploy_0.50": 230.64542902539148,
        "deploy_0.75": 230.6440913598523
      },
      "action_frac_distribution": {
        "1.00": 0.078,
        "0.00": 0.695,
        "0.25": 0.1315,
        "0.50": 0.011,
        "0.75": 0.0845
      },
      "basis_r2": 0.7280199579311875,
      "basis_r2_by_grid_state": {
        "0": 0.7428125912476271,
        "1": 0.7238097885873027,
        "2": 0.7228907473092211,
        "3": 0.722566704580599
      }
    },
    {
      "period": 5,
      "days_remaining": 28,
      "v_g0_mean": 230.8458594357046,
      "chosen_frac_mean": 0.25225,
      "option_value_means": {
        "deploy_1.00": 230.51984918056877,
        "deploy_0.00": 230.75199054435507,
        "deploy_0.25": 230.62273675764027,
        "deploy_0.50": 230.61974900123266,
        "deploy_0.75": 230.61875645134222
      },
      "action_frac_distribution": {
        "1.00": 0.1195,
        "0.00": 0.6185,
        "0.25": 0.1235,
        "0.50": 0.008,
        "0.75": 0.1305
      },
      "basis_r2": 0.7494250344076923,
      "basis_r2_by_grid_state": {
        "0": 0.7659910674432225,
        "1": 0.7446730877192465,
        "2": 0.7436717135136677,
        "3": 0.7433642689546327
      }
    },
    {
      "period": 6,
      "days_remaining": 14,
      "v_g0_mean": 230.75199054435495,
      "chosen_frac_mean": 0.351875,
      "option_value_means": {
        "deploy_1.00": 230.56003570205795,
        "deploy_0.00": 230.60279289860432,
        "deploy_0.25": 230.6027928986045,
        "deploy_0.50": 230.60279289860435,
        "deploy_0.75": 230.60279289860458
      },
      "action_frac_distribution": {
        "1.00": 0.152,
        "0.00": 0.487,
        "0.25": 0.1365,
        "0.50": 0.0105,
        "0.75": 0.214
      },
      "basis_r2": 0.7866753405364205,
      "basis_r2_by_grid_state": {
        "0": 0.7751921474183319,
        "1": 0.7909447863059199,
        "2": 0.7903760945602569,
        "3": 0.7901883338611734
      }
    }
  ]
}