{
  "label": "eta_bootstrap_all_cycles",
  "grid_fracs": [
    0.0,
    0.25,
    0.5,
    0.75,
    1.0
  ],
  "n_grid": 5,
  "n_periods": 7,
  "k_paths": 2000,
  "eta_summary": {
    "Safe D": {
      "n_cycles_available": 7,
      "historical_values": [
        0.37051564418078053,
        0.36324702782179663,
        0.16896310393175418,
        0.19294798851248035,
        -0.13717862991698573,
        1.069694529719842,
        0.3182015334975613
      ],
      "path_draw_mean": 0.3373575139769854,
      "path_draw_sd": 0.34555091761691364
    },
    "Likely D": {
      "n_cycles_available": 7,
      "historical_values": [
        0.17996493678014389,
        0.5906036196686204,
        0.5427028241936118,
        0.423312720315018,
        0.03479669153551908,
        -0.21203912431649052,
        -0.10149819147606648
      ],
      "path_draw_mean": 0.1968160377775306,
      "path_draw_sd": 0.2948150461876178
    },
    "Lean D": {
      "n_cycles_available": 7,
      "historical_values": [
        0.6371795918918658,
        0.004641689442899721,
        0.435826774059917,
        -0.09656619944087723,
        0.6619827929557665,
        0.2938841818755611,
        0.23653211808234725
      ],
      "path_draw_mean": 0.30561158431408275,
      "path_draw_sd": 0.27066855550670343
    },
    "Toss-Up": {
      "n_cycles_available": 7,
      "historical_values": [
        0.42215270123422527,
        0.25216310968692635,
        -0.2167942260713566,
        0.07922542788070613,
        0.11007902256006569,
        0.729939109263241,
        0.3414522734491998
      ],
      "path_draw_mean": 0.2490888985487219,
      "path_draw_sd": 0.2719037426646953
    },
    "Lean R": {
      "n_cycles_available": 6,
      "historical_values": [
        0.5722407455611278,
        0.46359535448929223,
        0.07668190565771635,
        0.4264156791497973,
        0.38688841357965864,
        0.18309963537906138
      ],
      "path_draw_mean": 0.3499316200924605,
      "path_draw_sd": 0.17105291889692903
    },
    "Likely R": {
      "n_cycles_available": 7,
      "historical_values": [
        0.5617242440432889,
        0.16672566646248785,
        0.5286603596595743,
        0.4502411134464164,
        0.6251656990480305,
        -0.017244985216736237,
        0.41158583593433545
      ],
      "path_draw_mean": 0.3935575475567408,
      "path_draw_sd": 0.21214721485390847
    },
    "Safe R": {
      "n_cycles_available": 7,
      "historical_values": [
        0.5836100382396279,
        0.5640322532414572,
        0.3063260654379733,
        0.3604121842830939,
        0.5111953595865436,
        -0.0033462387436219553,
        -0.16495319778952353
      ],
      "path_draw_mean": 0.31097721809578394,
      "path_draw_sd": 0.27151327472556885
    }
  },
  "schedule": [
    {
      "period": 0,
      "days_remaining": 98,
      "v_g0_mean": 231.0105102555234,
      "chosen_frac_mean": 0.065375,
      "option_value_means": {
        "deploy_1.00": 229.97065862091964,
        "deploy_0.00": 230.99147365504496,
        "deploy_0.25": 230.57361949390923,
        "deploy_0.50": 230.5663868983026,
        "deploy_0.75": 230.56404082461137
      },
      "action_frac_distribution": {
        "1.00": 0.0535,
        "0.00": 0.91,
        "0.25": 0.0295,
        "0.50": 0.003,
        "0.75": 0.004
      },
      "basis_r2": 0.08126380204253872,
      "basis_r2_by_grid_state": {
        "0": 0.0,
        "1": 0.11022387258774768,
        "2": 0.10780924321679519,
        "3": 0.107022092365612
      }
    },
    {
      "period": 1,
      "days_remaining": 84,
      "v_g0_mean": 230.99147365504473,
      "chosen_frac_mean": 0.073875,
      "option_value_means": {
        "deploy_1.00": 229.85713952804775,
        "deploy_0.00": 230.96671641251064,
        "deploy_0.25": 230.55420607026352,
        "deploy_0.50": 230.54665800701565,
        "deploy_0.75": 230.54420090289597
      },
      "action_frac_distribution": {
        "1.00": 0.037,
        "0.00": 0.8715,
        "0.25": 0.062,
        "0.50": 0.003,
        "0.75": 0.0265
      },
      "basis_r2": 0.5097615648507376,
      "basis_r2_by_grid_state": {
        "0": 0.5202886264405227,
        "1": 0.5078361173956678,
        "2": 0.5057997028098592,
        "3": 0.5051218127569006
      }
    },
    {
      "period": 2,
      "days_remaining": 70,
      "v_g0_mean": 230.9667164125109,
      "chosen_frac_mean": 0.108375,
      "option_value_means": {
        "deploy_1.00": 229.93957961647504,
        "deploy_0.00": 230.91620716197258,
        "deploy_0.25": 230.5308314103686,
        "deploy_0.50": 230.52318232873728,
        "deploy_0.75": 230.52069659518793
      },
      "action_frac_distribution": {
        "1.00": 0.0445,
        "0.00": 0.8025,
        "0.25": 0.098,
        "0.50": 0.0075,
        "0.75": 0.0475
      },
      "basis_r2": 0.6506731190688961,
      "basis_r2_by_grid_state": {
        "0": 0.6936292657985101,
        "1": 0.6377341941750407,
        "2": 0.6359275011715113,
        "3": 0.6354015151305226
      }
    },
    {
      "period": 3,
      "days_remaining": 56,
      "v_g0_mean": 230.91620716197306,
      "chosen_frac_mean": 0.1525,
      "option_value_means": {
        "deploy_1.00": 230.04619843031767,
        "deploy_0.00": 230.84444243330228,
        "deploy_0.25": 230.5040383964249,
        "deploy_0.50": 230.49674748784295,
        "deploy_0.75": 230.4943764236445
      },
      "action_frac_distribution": {
        "1.00": 0.0575,
        "0.00": 0.738,
        "0.25": 0.114,
        "0.50": 0.0055,
        "0.75": 0.085
      },
      "basis_r2": 0.7503332150098816,
      "basis_r2_by_grid_state": {
        "0": 0.7758915099367834,
        "1": 0.7429741721423505,
        "2": 0.7414791523246638,
        "3": 0.7409880256357286
      }
    },
    {
      "period": 4,
      "days_remaining": 42,
      "v_g0_mean": 230.84444243330225,
      "chosen_frac_mean": 0.181875,
      "option_value_means": {
        "deploy_1.00": 230.163884182646,
        "deploy_0.00": 230.7525650687864,
        "deploy_0.25": 230.47568266016808,
        "deploy_0.50": 230.46913831585252,
        "deploy_0.75": 230.4670279038275
      },
      "action_frac_distribution": {
        "1.00": 0.0745,
        "0.00": 0.6925,
        "0.25": 0.131,
        "0.50": 0.0075,
        "0.75": 0.0945
      },
      "basis_r2": 0.780652255574062,
      "basis_r2_by_grid_state": {
        "0": 0.80477200683349,
        "1": 0.7737599423397042,
        "2": 0.7722853498426692,
        "3": 0.7717917232803848
      }
    },
    {
      "period": 5,
      "days_remaining": 28,
      "v_g0_mean": 230.75256506878696,
      "chosen_frac_mean": 0.237375,
      "option_value_means": {
        "deploy_1.00": 230.25789106467823,
        "deploy_0.00": 230.62041045652308,
        "deploy_0.25": 230.44785976174472,
        "deploy_0.50": 230.44323956132683,
        "deploy_0.75": 230.4417312629011
      },
      "action_frac_distribution": {
        "1.00": 0.094,
        "0.00": 0.623,
        "0.25": 0.132,
        "0.50": 0.0115,
        "0.75": 0.1395
      },
      "basis_r2": 0.8155667114251322,
      "basis_r2_by_grid_state": {
        "0": 0.8287637541911154,
        "1": 0.8121691111189558,
        "2": 0.8108706406935087,
        "3": 0.8104633396969486
      }
    },
    {
      "period": 6,
      "days_remaining": 14,
      "v_g0_mean": 230.62041045652316,
      "chosen_frac_mean": 0.338625,
      "option_value_means": {
        "deploy_1.00": 230.321765498314,
        "deploy_0.00": 230.42992291993107,
        "deploy_0.25": 230.42992291993116,
        "deploy_0.50": 230.42992291993113,
        "deploy_0.75": 230.42992291993184
      },
      "action_frac_distribution": {
        "1.00": 0.1145,
        "0.00": 0.484,
        "0.25": 0.147,
        "0.50": 0.014,
        "0.75": 0.2405
      },
      "basis_r2": 0.8461150029297809,
      "basis_r2_by_grid_state": {
        "0": 0.8347839767195939,