{
  "label": "eta_fit_2024",
  "grid_fracs": [
    0.0,
    0.1,
    0.2,
    0.30000000000000004,
    0.4,
    0.5,
    0.6000000000000001,
    0.7000000000000001,
    0.8,
    0.9,
    1.0
  ],
  "n_grid": 11,
  "n_periods": 7,
  "k_paths": 2000,
  "eta_summary": {
    "single_cycle_fit": {
      "Safe D": 0.3182015334975613,
      "Likely D": -0.10149819147606648,
      "Lean D": 0.23653211808234725,
      "Toss-Up": 0.3414522734491998,
      "Lean R": 0.18309963537906138,
      "Likely R": 0.41158583593433545,
      "Safe R": -0.16495319778952353
    }
  },
  "schedule": [
    {
      "period": 0,
      "days_remaining": 98,
      "v_g0_mean": 232.00107763965661,
      "chosen_frac_mean": 0.0,
      "option_value_means": {
        "deploy_1.00": 230.7053425631543,
        "deploy_0.00": 232.00107763965661,
        "deploy_0.10": 231.70229723844884,
        "deploy_0.20": 231.68536964180655,
        "deploy_0.30": 231.68003182725852,
        "deploy_0.40": 231.67745406056568,
        "deploy_0.50": 231.67591869238825,
        "deploy_0.60": 231.6749670360451,
        "deploy_0.70": 231.67416988336655,
        "deploy_0.80": 231.6735673142665,
        "deploy_0.90": 231.67314764244068
      },
      "action_frac_distribution": {
        "1.00": 0.0,
        "0.00": 1.0,
        "0.10": 0.0,
        "0.20": 0.0,
        "0.30": 0.0,
        "0.40": 0.0,
        "0.50": 0.0,
        "0.60": 0.0,
        "0.70": 0.0,
        "0.80": 0.0,
        "0.90": 0.0
      },
      "basis_r2": -1.1102230246251566e-17,
      "basis_r2_by_grid_state": {
        "0": 0.0,
        "1": -2.220446049250313e-16,
        "2": 1.1102230246251565e-16,
        "3": 1.1102230246251565e-16,
        "4": 1.1102230246251565e-16,
        "5": 0.0,
        "6": 0.0,
        "7": -2.220446049250313e-16,
        "8": 0.0,
        "9": 0.0
      }
    },
    {
      "period": 1,
      "days_remaining": 84,
      "v_g0_mean": 232.00107763965647,
      "chosen_frac_mean": 0.013349999999999999,
      "option_value_means": {
        "deploy_1.00": 230.81429417110184,
        "deploy_0.00": 231.99337326538185,
        "deploy_0.10": 231.70220990810094,
        "deploy_0.20": 231.68530457811545,
        "deploy_0.30": 231.67997823183387,
        "deploy_0.40": 231.67740038835183,
        "deploy_0.50": 231.675849398449,
        "deploy_0.60": 231.6748457006372,
        "deploy_0.70": 231.67415874792408,
        "deploy_0.80": 231.67355737341538,
        "deploy_0.90": 231.6731403821701
      },
      "action_frac_distribution": {
        "1.00": 0.0,
        "0.00": 0.911,
        "0.10": 0.081,
        "0.20": 0.0015,
        "0.30": 0.0,
        "0.40": 0.0005,
        "0.50": 0.0005,
        "0.60": 0.0005,
        "0.70": 0.0015,
        "0.80": 0.0,
        "0.90": 0.0035
      },
      "basis_r2": 0.39823790362242745,
      "basis_r2_by_grid_state": {
        "0": 0.45742654661513127,
        "1": 0.39226500016312404,
        "2": 0.3917673023014955,
        "3": 0.39166648581987307,
        "4": 0.3916171507420587,
        "5": 0.39157594123044825,
        "6": 0.3915517046168209,
        "7": 0.39149137088439934,
        "8": 0.3915117072462775,
        "9": 0.39150582660464617
      }
    },
    {
      "period": 2,
      "days_remaining": 70,
      "v_g0_mean": 231.99337326538074,
      "chosen_frac_mean": 0.03155,
      "option_value_means": {
        "deploy_1.00": 231.02797665412612,
        "deploy_0.00": 231.972217130925,
        "deploy_0.10": 231.70100602813054,
        "deploy_0.20": 231.68433124673817,
        "deploy_0.30": 231.67918170302505,
        "deploy_0.40": 231.6766721481261,
        "deploy_0.50": 231.67515135189242,
        "deploy_0.60": 231.67416555001807,
        "deploy_0.70": 231.67345199303273,
        "deploy_0.80": 231.6729297188776,
        "deploy_0.90": 231.6725264519094
      },
      "action_frac_distribution": {
        "1.00": 0.0005,
        "0.00": 0.8525,
        "0.10": 0.1165,
        "0.20": 0.006,
        "0.30": 0.0025,
        "0.40": 0.0005,
        "0.50": 0.002,
        "0.60": 0.0,
        "0.70": 0.006,
        "0.80": 0.001,
        "0.90": 0.0125
      },
      "basis_r2": 0.5658197229789135,
      "basis_r2_by_grid_state": {
        "0": 0.6090074239571226,
        "1": 0.5628988687822815,
        "2": 0.5613209992671906,
        "3": 0.560981039471498,
        "4": 0.5608183644982278,
        "5": 0.5607257346531883,
        "6": 0.5606666436686194,
        "7": 0.560623910153236,
        "8": 0.5605875424017807,
        "9": 0.5605667029359904
      }
    },
    {
      "period": 3,
      "days_remaining": 56,
      "v_g0_mean": 231.97221713092492,
      "chosen_frac_mean": 0.057150000000000006,
      "option_value_means": {
        "deploy_1.00": 231.17900301099948,
        "deploy_0.00": 231.93682735887273,
        "deploy_0.10": 231.6972558733152,
        "deploy_0.20": 231.6814230714745,
        "deploy_0.30": 231.6766009829899,
        "deploy_0.40": 231.67428480983452,
        "deploy_0.50": 231.67288095019728,
        "deploy_0.60": 231.67197900206676,
        "deploy_0.70": 231.6713289130421,
        "deploy_0.80": 231.67084335362435,
        "deploy_0.90": 231.6704692171189
      },
      "action_frac_distribution": {
        "1.00": 0.0065,
        "0.00": 0.7855,
        "0.10": 0.1485,
        "0.20": 0.017,
        "0.30": 0.006,
        "0.40": 0.001,
        "0.50": 0.004,
        "0.60": 0.0005,
        "0.70": 0.0,
        "0.80": 0.0,
        "0.90": 0.031
      },
      "basis_r2": 0.6724468983149302,
      "basis_r2_by_grid_state": {
        "0": 0.703712290169475,
        "1": 0.670898886242865,
        "2": 0.6693102502069483,
        "3": 0.6689016007307038,
        "4": 0.668748591895532,
        "5": 0.6686530617838198,
        "6": 0.6686006395229223,
        "7": 0.6685722660178678,
        "8": 0.6685459065343371,
        "9": 0.6685254900448301
      }
    },
    {
      "period": 4,
      "days_remaining": 42,
      "v_g0_mean": 231.93682735887316,
      "chosen_frac_mean": 0.09160000000000001,
      "option_value_means": {
        "deploy_1.00": 231.28832474074753,
        "deploy_0.00": 231.88113553628622,
        "deploy_0.10": 231.69071442715722,
        "deploy_0.20": 231.6774559937193,
        "deploy_0.30": 231.6734759441684,
        "deploy_0.40": 231.67160315930045,
        "deploy_0.50": 231.6704668798077,
        "deploy_0.60": 231.6697489889541,
        "deploy_0.70": 231.66923388022795,
        "deploy_0.80": 231.66884897100056,
        "deploy_0.90": 231.66855312977344
      },
      "action_frac_distribution": {
        "1.00": 0.006,
        "0.00": 0.716,
        "0.10": 0.1745,
        "0.20": 0.024,
        "0.30": 0.007,
        "0.40": 0.0055,
        "0.50": 0.0025,
        "0.60": 0.0005,
        "0.70": 0.0,
        "0.80": 0.001,
        "0.90": 0.063
      },
      "basis_r2": 0.7366225018143651,
      "basis_r2_by_grid_state": {
        "0": 0.7550799444293441,
        "1": 0.737247198714631,
        "2": 0.7350971258186005,
        "3": 0.7345275446721788,
        "4": 0.7342743699363867,
        "5": 0.7341418915277065,
        "6": 0.7340508855691664,
        "7": 0.7339824014917744,
        "8": 0.7339301869891928,
        "9": 0.7338934689946701
      }
    },
    {
      "period": 5,
      "days_remaining": 28,
      "v_g0_mean": 231.8811355362864,
      "chosen_frac_mean": 0.14870000000000003,
      "option_value_means": {
        "deploy_1.00": 231.4375855156795,
        "deploy_0.00": 231.79995647080847,
        "deploy_0.10": 231.6787635003411,
        "deploy_0.20": 231.6696560800398,
        "deploy_0.30": 231.6669619821598,
        "deploy_0.40": 231.66572771335504,
        "deploy_0.50": 231.66500517462867,
        "deploy_0.60": 231.6645366574414,
        "deploy_0.70": 231.66420516509226,
        "deploy_0.80": 231.66395821589248,
        "deploy_0.90": 231.6637668695592
      },
      "action_frac_distribution": {
        "1.00": 0.0205,