{
  "label": "eta_fit_2022",
  "grid_fracs": [
    0.0,
    0.25,
    0.5,
    0.75,
    1.0
  ],
  "n_grid": 5,
  "n_periods": 7,
  "k_paths": 2000,
  "eta_summary": {
    "single_cycle_fit": {
      "Safe D": 1.069694529719842,
      "Likely D": -0.21203912431649052,
      "Lean D": 0.2938841818755611,
      "Toss-Up": 0.729939109263241,
      "Lean R": 0.38688841357965864,
      "Likely R": -0.017244985216736237,
      "Safe R": -0.0033462387436219553
    }
  },
  "schedule": [
    {
      "period": 0,
      "days_remaining": 98,
      "v_g0_mean": 226.35177303954003,
      "chosen_frac_mean": 1.0,
      "option_value_means": {
        "deploy_1.00": 226.35177303954003,
        "deploy_0.00": 225.83948349068586,
        "deploy_0.25": 225.82594829457264,
        "deploy_0.50": 225.82594829457275,
        "deploy_0.75": 225.82594829457264
      },
      "action_frac_distribution": {
        "1.00": 1.0,
        "0.00": 0.0,
        "0.25": 0.0,
        "0.50": 0.0,
        "0.75": 0.0
      },
      "basis_r2": 0.0,
      "basis_r2_by_grid_state": {
        "0": 0.0,
        "1": 0.0,
        "2": 0.0,
        "3": 0.0
      }
    },
    {
      "period": 1,
      "days_remaining": 84,
      "v_g0_mean": 225.83948349068552,
      "chosen_frac_mean": 0.906,
      "option_value_means": {
        "deploy_1.00": 225.82594829457264,
        "deploy_0.00": 225.43388998684668,
        "deploy_0.25": 225.39061553508898,
        "deploy_0.50": 225.39060997809983,
        "deploy_0.75": 225.39060825821912
      },
      "action_frac_distribution": {
        "1.00": 0.906,
        "0.00": 0.094,
        "0.25": 0.0,
        "0.50": 0.0,
        "0.75": 0.0
      },
      "basis_r2": 0.36946135521136786,
      "basis_r2_by_grid_state": {
        "0": 0.37956033410196777,
        "1": 0.3667485356319129,
        "2": 0.36590387136792457,
        "3": 0.3656326797436662
      }
    },
    {
      "period": 2,
      "days_remaining": 70,
      "v_g0_mean": 225.43388998684625,
      "chosen_frac_mean": 0.790875,
      "option_value_means": {
        "deploy_1.00": 225.39032200710534,
        "deploy_0.00": 225.09848873064922,
        "deploy_0.25": 225.03328408448434,
        "deploy_0.50": 225.03327676415117,
        "deploy_0.75": 225.0332721351389
      },
      "action_frac_distribution": {
        "1.00": 0.7905,
        "0.00": 0.2085,
        "0.25": 0.0005,
        "0.50": 0.0005,
        "0.75": 0.0
      },
      "basis_r2": 0.5234299479307668,
      "basis_r2_by_grid_state": {
        "0": 0.5440475899713613,
        "1": 0.5169879362475331,
        "2": 0.5164417999395262,
        "3": 0.5162424655646465
      }
    },
    {
      "period": 3,
      "days_remaining": 56,
      "v_g0_mean": 225.09848873064936,
      "chosen_frac_mean": 0.725375,
      "option_value_means": {
        "deploy_1.00": 225.03319623839977,
        "deploy_0.00": 224.79433366929618,
        "deploy_0.25": 224.7052765912404,
        "deploy_0.50": 224.70525566287026,
        "deploy_0.75": 224.70525010787415
      },
      "action_frac_distribution": {
        "1.00": 0.725,
        "0.00": 0.2745,
        "0.25": 0.0,
        "0.50": 0.0,
        "0.75": 0.0005
      },
      "basis_r2": 0.6311228063728055,
      "basis_r2_by_grid_state": {
        "0": 0.6432395864916752,
        "1": 0.6275503079291234,
        "2": 0.6269598503426337,
        "3": 0.6267414807277898
      }
    },
    {
      "period": 4,
      "days_remaining": 42,
      "v_g0_mean": 224.79433366929578,
      "chosen_frac_mean": 0.668375,
      "option_value_means": {
        "deploy_1.00": 224.70469008235287,
        "deploy_0.00": 224.52521994786784,
        "deploy_0.25": 224.43196096951556,
        "deploy_0.50": 224.4319038031655,
        "deploy_0.75": 224.4318873727068
      },
      "action_frac_distribution": {
        "1.00": 0.6665,
        "0.00": 0.33,
        "0.25": 0.0015,
        "0.50": 0.0,
        "0.75": 0.002
      },
      "basis_r2": 0.6946011888356869,
      "basis_r2_by_grid_state": {
        "0": 0.6986131372339798,
        "1": 0.6936044527740287,
        "2": 0.6931704604848888,
        "3": 0.6930167048498501
      }
    },
    {
      "period": 5,
      "days_remaining": 28,
      "v_g0_mean": 224.52521994786778,
      "chosen_frac_mean": 0.672375,
      "option_value_means": {
        "deploy_1.00": 224.43023307877854,
        "deploy_0.00": 224.23798734737002,
        "deploy_0.25": 224.1483580688039,
        "deploy_0.50": 224.14835195243109,
        "deploy_0.75": 224.14834984500746
      },
      "action_frac_distribution": {
        "1.00": 0.667,
        "0.00": 0.324,
        "0.25": 0.0025,
        "0.50": 0.0005,
        "0.75": 0.006
      },
      "basis_r2": 0.7283450040000696,
      "basis_r2_by_grid_state": {
        "0": 0.7382651058987684,
        "1": 0.7254034539206388,
        "2": 0.7249201950141957,
        "3": 0.7247912611666755
      }
    },
    {
      "period": 6,
      "days_remaining": 14,
      "v_g0_mean": 224.23798734737036,
      "chosen_frac_mean": 0.6845,
      "option_value_means": {
        "deploy_1.00": 224.14831718370698,
        "deploy_0.00": 223.93844202083852,
        "deploy_0.25": 223.9384420208385,
        "deploy_0.50": 223.93844202083852,
        "deploy_0.75": 223.93844202083838
      },
      "action_frac_distribution": {
        "1.00": 0.684,
        "0.00": 0.315,
        "0.25": 0.0005,
        "0.50": 0.0,
        "0.75": 0.0005
      },
      "basis_r2": 0.7661111480523455,
      "basis_r2_by_grid_state": {
        "0": 0.7553395468147333,
        "1": 0.7699460985428984,
        "2": 0.7696342595045562,
        "3": 0.7695246873471937
      }
    }
  ]
}